ISO-10303-21;
HEADER;
/* Generated by software containing ST-Developer
 * from STEP Tools, Inc. (www.steptools.com) 
 */
/* OPTION: using custom renumber hook */

FILE_DESCRIPTION(
/* description */ ('STEP AP242',
'CAx-IF Rec.Pracs.---Representation and Presentation of Product Manufa
cturing Information (PMI)---4.0---2014-10-13',
'CAx-IF Rec.Pracs.---3D Tessellated Geometry---0.4---2014-09-14','2;1'),

/* implementation_level */ '2;1');

FILE_NAME(
/* name */ '68474fa451e80e0cd5725399',
/* time_stamp */ '2025-06-09T21:18:30Z',
/* author */ (''),
/* organization */ (''),
/* preprocessor_version */ 'ST-DEVELOPER v20',
/* originating_system */ 'ONSHAPE BY PTC INC, 1.199',
/* authorisation */ '  ');

FILE_SCHEMA (('AP242_MANAGED_MODEL_BASED_3D_ENGINEERING_MIM_LF { 1 0 10303 442 1 1 4 }'));
ENDSEC;

DATA;
#10=ORIENTED_CLOSED_SHELL('',*,#5597,.F.);
#11=ORIENTED_CLOSED_SHELL('',*,#5599,.F.);
#12=ORIENTED_CLOSED_SHELL('',*,#5602,.F.);
#13=VERTEX_LOOP('',#2815);
#14=VERTEX_LOOP('',#2816);
#15=VERTEX_LOOP('',#2828);
#16=VERTEX_LOOP('',#2829);
#17=VERTEX_LOOP('',#2884);
#18=VERTEX_LOOP('',#2965);
#19=VERTEX_LOOP('',#2967);
#20=VERTEX_LOOP('',#2969);
#21=VERTEX_LOOP('',#2971);
#22=VERTEX_LOOP('',#2973);
#23=VERTEX_LOOP('',#2975);
#24=VERTEX_LOOP('',#2977);
#25=VERTEX_LOOP('',#2979);
#26=VERTEX_LOOP('',#2981);
#27=VERTEX_LOOP('',#2983);
#28=VERTEX_LOOP('',#2985);
#29=VERTEX_LOOP('',#2987);
#30=VERTEX_LOOP('',#2989);
#31=VERTEX_LOOP('',#2991);
#32=VERTEX_LOOP('',#2993);
#33=VERTEX_LOOP('',#2995);
#34=VERTEX_LOOP('',#2997);
#35=VERTEX_LOOP('',#2999);
#36=VERTEX_LOOP('',#3001);
#37=VERTEX_LOOP('',#3003);
#38=VERTEX_LOOP('',#3005);
#39=VERTEX_LOOP('',#3007);
#40=VERTEX_LOOP('',#3009);
#41=VERTEX_LOOP('',#3011);
#42=DEGENERATE_TOROIDAL_SURFACE('',#5708,0.0011948041933112,0.00121819580668879,
 .F.);
#43=DEGENERATE_TOROIDAL_SURFACE('',#5729,0.0011948041933112,0.00121819580668879,
 .F.);
#44=BREP_WITH_VOIDS('Countersunk Bolt #10-24 x 0.25',#5596,(#10));
#45=BREP_WITH_VOIDS('Countersunk Bolt #10-24 x 0.5',#5598,(#11));
#46=BREP_WITH_VOIDS('envfinal',#5601,(#12));
#47=CONTEXT_DEPENDENT_SHAPE_REPRESENTATION(#105,#9670);
#48=CONTEXT_DEPENDENT_SHAPE_REPRESENTATION(#106,#9671);
#49=CONTEXT_DEPENDENT_SHAPE_REPRESENTATION(#107,#9672);
#50=CONTEXT_DEPENDENT_SHAPE_REPRESENTATION(#108,#9673);
#51=CONTEXT_DEPENDENT_SHAPE_REPRESENTATION(#109,#9674);
#52=CONTEXT_DEPENDENT_SHAPE_REPRESENTATION(#110,#9676);
#53=CONTEXT_DEPENDENT_SHAPE_REPRESENTATION(#111,#9677);
#54=CONTEXT_DEPENDENT_SHAPE_REPRESENTATION(#112,#9678);
#55=CONTEXT_DEPENDENT_SHAPE_REPRESENTATION(#113,#9679);
#56=CONTEXT_DEPENDENT_SHAPE_REPRESENTATION(#114,#9681);
#57=CONTEXT_DEPENDENT_SHAPE_REPRESENTATION(#115,#9682);
#58=CONTEXT_DEPENDENT_SHAPE_REPRESENTATION(#116,#9683);
#59=CONTEXT_DEPENDENT_SHAPE_REPRESENTATION(#117,#9684);
#60=CONTEXT_DEPENDENT_SHAPE_REPRESENTATION(#118,#9685);
#61=CONTEXT_DEPENDENT_SHAPE_REPRESENTATION(#119,#9686);
#62=CONTEXT_DEPENDENT_SHAPE_REPRESENTATION(#120,#9687);
#63=CONTEXT_DEPENDENT_SHAPE_REPRESENTATION(#121,#9689);
#64=CONTEXT_DEPENDENT_SHAPE_REPRESENTATION(#122,#9691);
#65=CONTEXT_DEPENDENT_SHAPE_REPRESENTATION(#123,#9692);
#66=CONTEXT_DEPENDENT_SHAPE_REPRESENTATION(#124,#9693);
#67=CONTEXT_DEPENDENT_SHAPE_REPRESENTATION(#125,#9694);
#68=CONTEXT_DEPENDENT_SHAPE_REPRESENTATION(#126,#9695);
#69=CONTEXT_DEPENDENT_SHAPE_REPRESENTATION(#127,#9696);
#70=CONTEXT_DEPENDENT_SHAPE_REPRESENTATION(#128,#9697);
#71=CONTEXT_DEPENDENT_SHAPE_REPRESENTATION(#129,#9698);
#72=CONTEXT_DEPENDENT_SHAPE_REPRESENTATION(#130,#9699);
#73=CONTEXT_DEPENDENT_SHAPE_REPRESENTATION(#131,#9700);
#74=CONTEXT_DEPENDENT_SHAPE_REPRESENTATION(#132,#9701);
#75=CONTEXT_DEPENDENT_SHAPE_REPRESENTATION(#133,#9702);
#76=NEXT_ASSEMBLY_USAGE_OCCURRENCE('NAUO1',
'Hex flange bolt small M6x1.00 x 12',
'Hex flange bolt small M6x1.00 x 12',#9703,#9704,'');
#77=NEXT_ASSEMBLY_USAGE_OCCURRENCE('NAUO2',
'Hex flange bolt small M6x1.00 x 12',
'Hex flange bolt small M6x1.00 x 12',#9703,#9704,'');
#78=NEXT_ASSEMBLY_USAGE_OCCURRENCE('NAUO3',
'Hex flange bolt small M6x1.00 x 12',
'Hex flange bolt small M6x1.00 x 12',#9703,#9704,'');
#79=NEXT_ASSEMBLY_USAGE_OCCURRENCE('NAUO4',
'Hex flange bolt small M6x1.00 x 12',
'Hex flange bolt small M6x1.00 x 12',#9703,#9704,'');
#80=NEXT_ASSEMBLY_USAGE_OCCURRENCE('NAUO5',
'Hex flange bolt small M6x1.00 x 12',
'Hex flange bolt small M6x1.00 x 12',#9703,#9704,'');
#81=NEXT_ASSEMBLY_USAGE_OCCURRENCE('NAUO6',
'Countersunk Bolt #10-24 x 0.25','Countersunk Bolt #10-24 x 0.25',#9703,
#9705,'');
#82=NEXT_ASSEMBLY_USAGE_OCCURRENCE('NAUO7',
'Hex flange bolt small M6x1.00 x 12',
'Hex flange bolt small M6x1.00 x 12',#9703,#9704,'');
#83=NEXT_ASSEMBLY_USAGE_OCCURRENCE('NAUO8',
'Hex flange bolt small M6x1.00 x 12',
'Hex flange bolt small M6x1.00 x 12',#9703,#9704,'');
#84=NEXT_ASSEMBLY_USAGE_OCCURRENCE('NAUO9',
'Hex flange bolt small M6x1.00 x 12',
'Hex flange bolt small M6x1.00 x 12',#9703,#9704,'');
#85=NEXT_ASSEMBLY_USAGE_OCCURRENCE('NAUO10',
'Countersunk Bolt #10-24 x 0.5','Countersunk Bolt #10-24 x 0.5',#9703,#9706,
'');
#86=NEXT_ASSEMBLY_USAGE_OCCURRENCE('NAUO11',
'Hex flange bolt small M6x1.00 x 12',
'Hex flange bolt small M6x1.00 x 12',#9703,#9704,'');
#87=NEXT_ASSEMBLY_USAGE_OCCURRENCE('NAUO12',
'Hex flange bolt small M6x1.00 x 12',
'Hex flange bolt small M6x1.00 x 12',#9703,#9704,'');
#88=NEXT_ASSEMBLY_USAGE_OCCURRENCE('NAUO13',
'Hex flange bolt small M6x1.00 x 12',
'Hex flange bolt small M6x1.00 x 12',#9703,#9704,'');
#89=NEXT_ASSEMBLY_USAGE_OCCURRENCE('NAUO14',
'Hex flange bolt small M6x1.00 x 12',
'Hex flange bolt small M6x1.00 x 12',#9703,#9704,'');
#90=NEXT_ASSEMBLY_USAGE_OCCURRENCE('NAUO15',
'Hex flange bolt small M6x1.00 x 12',
'Hex flange bolt small M6x1.00 x 12',#9703,#9704,'');
#91=NEXT_ASSEMBLY_USAGE_OCCURRENCE('NAUO16',
'Hex flange bolt small M6x1.00 x 12',
'Hex flange bolt small M6x1.00 x 12',#9703,#9704,'');
#92=NEXT_ASSEMBLY_USAGE_OCCURRENCE('NAUO17',
'PH Countersunk flat head screw M6x1 x 12',
'PH Countersunk flat head screw M6x1 x 12',#9703,#9707,'');
#93=NEXT_ASSEMBLY_USAGE_OCCURRENCE('NAUO18','envfinal','envfinal',#9703,
#9708,'');
#94=NEXT_ASSEMBLY_USAGE_OCCURRENCE('NAUO19',
'Hex flange bolt small M6x1.00 x 12',
'Hex flange bolt small M6x1.00 x 12',#9703,#9704,'');
#95=NEXT_ASSEMBLY_USAGE_OCCURRENCE('NAUO20',
'Hex flange bolt small M6x1.00 x 12',
'Hex flange bolt small M6x1.00 x 12',#9703,#9704,'');
#96=NEXT_ASSEMBLY_USAGE_OCCURRENCE('NAUO21',
'Hex flange bolt small M6x1.00 x 12',
'Hex flange bolt small M6x1.00 x 12',#9703,#9704,'');
#97=NEXT_ASSEMBLY_USAGE_OCCURRENCE('NAUO22',
'Hex flange bolt small M6x1.00 x 12',
'Hex flange bolt small M6x1.00 x 12',#9703,#9704,'');
#98=NEXT_ASSEMBLY_USAGE_OCCURRENCE('NAUO23',
'Hex flange bolt small M6x1.00 x 12',
'Hex flange bolt small M6x1.00 x 12',#9703,#9704,'');
#99=NEXT_ASSEMBLY_USAGE_OCCURRENCE('NAUO24',
'Hex flange bolt small M6x1.00 x 12',
'Hex flange bolt small M6x1.00 x 12',#9703,#9704,'');
#100=NEXT_ASSEMBLY_USAGE_OCCURRENCE('NAUO25',
'Hex flange bolt small M6x1.00 x 12',
'Hex flange bolt small M6x1.00 x 12',#9703,#9704,'');
#101=NEXT_ASSEMBLY_USAGE_OCCURRENCE('NAUO26',
'Hex flange bolt small M6x1.00 x 12',
'Hex flange bolt small M6x1.00 x 12',#9703,#9704,'');
#102=NEXT_ASSEMBLY_USAGE_OCCURRENCE('NAUO27',
'Hex flange bolt small M6x1.00 x 12',
'Hex flange bolt small M6x1.00 x 12',#9703,#9704,'');
#103=NEXT_ASSEMBLY_USAGE_OCCURRENCE('NAUO28',
'Countersunk Bolt #10-24 x 0.5','Countersunk Bolt #10-24 x 0.5',#9703,#9706,
'');
#104=NEXT_ASSEMBLY_USAGE_OCCURRENCE('NAUO29',
'Hex flange bolt small M6x1.00 x 12',
'Hex flange bolt small M6x1.00 x 12',#9703,#9704,'');
#105=(
REPRESENTATION_RELATIONSHIP(' ',' ',#5649,#5648)
REPRESENTATION_RELATIONSHIP_WITH_TRANSFORMATION(#134)
SHAPE_REPRESENTATION_RELATIONSHIP()
);
#106=(
REPRESENTATION_RELATIONSHIP(' ',' ',#5649,#5648)
REPRESENTATION_RELATIONSHIP_WITH_TRANSFORMATION(#135)
SHAPE_REPRESENTATION_RELATIONSHIP()
);
#107=(
REPRESENTATION_RELATIONSHIP(' ',' ',#5649,#5648)
REPRESENTATION_RELATIONSHIP_WITH_TRANSFORMATION(#136)
SHAPE_REPRESENTATION_RELATIONSHIP()
);
#108=(
REPRESENTATION_RELATIONSHIP(' ',' ',#5649,#5648)
REPRESENTATION_RELATIONSHIP_WITH_TRANSFORMATION(#137)
SHAPE_REPRESENTATION_RELATIONSHIP()
);
#109=(
REPRESENTATION_RELATIONSHIP(' ',' ',#5649,#5648)
REPRESENTATION_RELATIONSHIP_WITH_TRANSFORMATION(#138)
SHAPE_REPRESENTATION_RELATIONSHIP()
);
#110=(
REPRESENTATION_RELATIONSHIP(' ',' ',#5650,#5648)
REPRESENTATION_RELATIONSHIP_WITH_TRANSFORMATION(#139)
SHAPE_REPRESENTATION_RELATIONSHIP()
);
#111=(
REPRESENTATION_RELATIONSHIP(' ',' ',#5649,#5648)
REPRESENTATION_RELATIONSHIP_WITH_TRANSFORMATION(#140)
SHAPE_REPRESENTATION_RELATIONSHIP()
);
#112=(
REPRESENTATION_RELATIONSHIP(' ',' ',#5649,#5648)
REPRESENTATION_RELATIONSHIP_WITH_TRANSFORMATION(#141)
SHAPE_REPRESENTATION_RELATIONSHIP()
);
#113=(
REPRESENTATION_RELATIONSHIP(' ',' ',#5649,#5648)
REPRESENTATION_RELATIONSHIP_WITH_TRANSFORMATION(#142)
SHAPE_REPRESENTATION_RELATIONSHIP()
);
#114=(
REPRESENTATION_RELATIONSHIP(' ',' ',#5651,#5648)
REPRESENTATION_RELATIONSHIP_WITH_TRANSFORMATION(#143)
SHAPE_REPRESENTATION_RELATIONSHIP()
);
#115=(
REPRESENTATION_RELATIONSHIP(' ',' ',#5649,#5648)
REPRESENTATION_RELATIONSHIP_WITH_TRANSFORMATION(#144)
SHAPE_REPRESENTATION_RELATIONSHIP()
);
#116=(
REPRESENTATION_RELATIONSHIP(' ',' ',#5649,#5648)
REPRESENTATION_RELATIONSHIP_WITH_TRANSFORMATION(#145)
SHAPE_REPRESENTATION_RELATIONSHIP()
);
#117=(
REPRESENTATION_RELATIONSHIP(' ',' ',#5649,#5648)
REPRESENTATION_RELATIONSHIP_WITH_TRANSFORMATION(#146)
SHAPE_REPRESENTATION_RELATIONSHIP()
);
#118=(
REPRESENTATION_RELATIONSHIP(' ',' ',#5649,#5648)
REPRESENTATION_RELATIONSHIP_WITH_TRANSFORMATION(#147)
SHAPE_REPRESENTATION_RELATIONSHIP()
);
#119=(
REPRESENTATION_RELATIONSHIP(' ',' ',#5649,#5648)
REPRESENTATION_RELATIONSHIP_WITH_TRANSFORMATION(#148)
SHAPE_REPRESENTATION_RELATIONSHIP()
);
#120=(
REPRESENTATION_RELATIONSHIP(' ',' ',#5649,#5648)
REPRESENTATION_RELATIONSHIP_WITH_TRANSFORMATION(#149)
SHAPE_REPRESENTATION_RELATIONSHIP()
);
#121=(
REPRESENTATION_RELATIONSHIP(' ',' ',#5652,#5648)
REPRESENTATION_RELATIONSHIP_WITH_TRANSFORMATION(#150)
SHAPE_REPRESENTATION_RELATIONSHIP()
);
#122=(
REPRESENTATION_RELATIONSHIP(' ',' ',#5653,#5648)
REPRESENTATION_RELATIONSHIP_WITH_TRANSFORMATION(#151)
SHAPE_REPRESENTATION_RELATIONSHIP()
);
#123=(
REPRESENTATION_RELATIONSHIP(' ',' ',#5649,#5648)
REPRESENTATION_RELATIONSHIP_WITH_TRANSFORMATION(#152)
SHAPE_REPRESENTATION_RELATIONSHIP()
);
#124=(
REPRESENTATION_RELATIONSHIP(' ',' ',#5649,#5648)
REPRESENTATION_RELATIONSHIP_WITH_TRANSFORMATION(#153)
SHAPE_REPRESENTATION_RELATIONSHIP()
);
#125=(
REPRESENTATION_RELATIONSHIP(' ',' ',#5649,#5648)
REPRESENTATION_RELATIONSHIP_WITH_TRANSFORMATION(#154)
SHAPE_REPRESENTATION_RELATIONSHIP()
);
#126=(
REPRESENTATION_RELATIONSHIP(' ',' ',#5649,#5648)
REPRESENTATION_RELATIONSHIP_WITH_TRANSFORMATION(#155)
SHAPE_REPRESENTATION_RELATIONSHIP()
);
#127=(
REPRESENTATION_RELATIONSHIP(' ',' ',#5649,#5648)
REPRESENTATION_RELATIONSHIP_WITH_TRANSFORMATION(#156)
SHAPE_REPRESENTATION_RELATIONSHIP()
);
#128=(
REPRESENTATION_RELATIONSHIP(' ',' ',#5649,#5648)
REPRESENTATION_RELATIONSHIP_WITH_TRANSFORMATION(#157)
SHAPE_REPRESENTATION_RELATIONSHIP()
);
#129=(
REPRESENTATION_RELATIONSHIP(' ',' ',#5649,#5648)
REPRESENTATION_RELATIONSHIP_WITH_TRANSFORMATION(#158)
SHAPE_REPRESENTATION_RELATIONSHIP()
);
#130=(
REPRESENTATION_RELATIONSHIP(' ',' ',#5649,#5648)
REPRESENTATION_RELATIONSHIP_WITH_TRANSFORMATION(#159)
SHAPE_REPRESENTATION_RELATIONSHIP()
);
#131=(
REPRESENTATION_RELATIONSHIP(' ',' ',#5649,#5648)
REPRESENTATION_RELATIONSHIP_WITH_TRANSFORMATION(#160)
SHAPE_REPRESENTATION_RELATIONSHIP()
);
#132=(
REPRESENTATION_RELATIONSHIP(' ',' ',#5651,#5648)
REPRESENTATION_RELATIONSHIP_WITH_TRANSFORMATION(#161)
SHAPE_REPRESENTATION_RELATIONSHIP()
);
#133=(
REPRESENTATION_RELATIONSHIP(' ',' ',#5649,#5648)
REPRESENTATION_RELATIONSHIP_WITH_TRANSFORMATION(#162)
SHAPE_REPRESENTATION_RELATIONSHIP()
);
#134=ITEM_DEFINED_TRANSFORMATION(' ',' ',#5654,#5687);
#135=ITEM_DEFINED_TRANSFORMATION(' ',' ',#5654,#5688);
#136=ITEM_DEFINED_TRANSFORMATION(' ',' ',#5654,#5689);
#137=ITEM_DEFINED_TRANSFORMATION(' ',' ',#5654,#5690);
#138=ITEM_DEFINED_TRANSFORMATION(' ',' ',#5654,#5691);
#139=ITEM_DEFINED_TRANSFORMATION(' ',' ',#5654,#5709);
#140=ITEM_DEFINED_TRANSFORMATION(' ',' ',#5654,#5710);
#141=ITEM_DEFINED_TRANSFORMATION(' ',' ',#5654,#5711);
#142=ITEM_DEFINED_TRANSFORMATION(' ',' ',#5654,#5712);
#143=ITEM_DEFINED_TRANSFORMATION(' ',' ',#5654,#5730);
#144=ITEM_DEFINED_TRANSFORMATION(' ',' ',#5654,#5731);
#145=ITEM_DEFINED_TRANSFORMATION(' ',' ',#5654,#5732);
#146=ITEM_DEFINED_TRANSFORMATION(' ',' ',#5654,#5733);
#147=ITEM_DEFINED_TRANSFORMATION(' ',' ',#5654,#5734);
#148=ITEM_DEFINED_TRANSFORMATION(' ',' ',#5654,#5735);
#149=ITEM_DEFINED_TRANSFORMATION(' ',' ',#5654,#5736);
#150=ITEM_DEFINED_TRANSFORMATION(' ',' ',#5654,#5779);
#151=ITEM_DEFINED_TRANSFORMATION(' ',' ',#5654,#6186);
#152=ITEM_DEFINED_TRANSFORMATION(' ',' ',#5654,#6187);
#153=ITEM_DEFINED_TRANSFORMATION(' ',' ',#5654,#6188);
#154=ITEM_DEFINED_TRANSFORMATION(' ',' ',#5654,#6189);
#155=ITEM_DEFINED_TRANSFORMATION(' ',' ',#5654,#6190);
#156=ITEM_DEFINED_TRANSFORMATION(' ',' ',#5654,#6191);
#157=ITEM_DEFINED_TRANSFORMATION(' ',' ',#5654,#6192);
#158=ITEM_DEFINED_TRANSFORMATION(' ',' ',#5654,#6193);
#159=ITEM_DEFINED_TRANSFORMATION(' ',' ',#5654,#6194);
#160=ITEM_DEFINED_TRANSFORMATION(' ',' ',#5654,#6195);
#161=ITEM_DEFINED_TRANSFORMATION(' ',' ',#5654,#6196);
#162=ITEM_DEFINED_TRANSFORMATION(' ',' ',#5654,#6197);
#163=SHAPE_REPRESENTATION_RELATIONSHIP('','',#5649,#168);
#164=SHAPE_REPRESENTATION_RELATIONSHIP('','',#5650,#169);
#165=SHAPE_REPRESENTATION_RELATIONSHIP('','',#5651,#170);
#166=SHAPE_REPRESENTATION_RELATIONSHIP('','',#5652,#171);
#167=SHAPE_REPRESENTATION_RELATIONSHIP('','',#5653,#172);
#168=ADVANCED_BREP_SHAPE_REPRESENTATION('',(#5640),#9654);
#169=ADVANCED_BREP_SHAPE_REPRESENTATION('',(#44),#9655);
#170=ADVANCED_BREP_SHAPE_REPRESENTATION('',(#45),#9656);
#171=ADVANCED_BREP_SHAPE_REPRESENTATION('',(#5641),#9657);
#172=ADVANCED_BREP_SHAPE_REPRESENTATION('',(#46),#9658);
#173=CYLINDRICAL_SURFACE('',#5680,0.003);
#174=CYLINDRICAL_SURFACE('',#5699,0.002413);
#175=CYLINDRICAL_SURFACE('',#5720,0.002413);
#176=CYLINDRICAL_SURFACE('',#5743,0.003);
#177=CYLINDRICAL_SURFACE('',#5750,0.00565);
#178=CYLINDRICAL_SURFACE('',#5842,0.0026);
#179=CYLINDRICAL_SURFACE('',#5845,0.0026);
#180=CYLINDRICAL_SURFACE('',#5848,0.0026);
#181=CYLINDRICAL_SURFACE('',#5851,0.0026);
#182=CYLINDRICAL_SURFACE('',#5854,0.0026);
#183=CYLINDRICAL_SURFACE('',#5857,0.0026);
#184=CYLINDRICAL_SURFACE('',#5860,0.0026);
#185=CYLINDRICAL_SURFACE('',#5863,0.0026);
#186=CYLINDRICAL_SURFACE('',#5866,0.003);
#187=CYLINDRICAL_SURFACE('',#5869,0.003);
#188=CYLINDRICAL_SURFACE('',#5872,0.003);
#189=CYLINDRICAL_SURFACE('',#5875,0.003);
#190=CYLINDRICAL_SURFACE('',#5878,0.003);
#191=CYLINDRICAL_SURFACE('',#5881,0.003);
#192=CYLINDRICAL_SURFACE('',#5884,0.003);
#193=CYLINDRICAL_SURFACE('',#5887,0.003);
#194=CYLINDRICAL_SURFACE('',#5890,0.003);
#195=CYLINDRICAL_SURFACE('',#5893,0.003);
#196=CYLINDRICAL_SURFACE('',#5896,0.003);
#197=CYLINDRICAL_SURFACE('',#5899,0.003);
#198=CYLINDRICAL_SURFACE('',#5902,0.003);
#199=CYLINDRICAL_SURFACE('',#5905,0.003);
#200=CYLINDRICAL_SURFACE('',#5908,0.003);
#201=CYLINDRICAL_SURFACE('',#5911,0.003);
#202=CYLINDRICAL_SURFACE('',#5990,0.010224673205107);
#203=CYLINDRICAL_SURFACE('',#5992,0.00947967842882409);
#204=CYLINDRICAL_SURFACE('',#5995,0.00396170684425639);
#205=CYLINDRICAL_SURFACE('',#5997,0.00396170684425639);
#206=CYLINDRICAL_SURFACE('',#6000,0.00396170684425639);
#207=CYLINDRICAL_SURFACE('',#6002,0.00396170684425639);
#208=CYLINDRICAL_SURFACE('',#6008,0.00947967842882409);
#209=CYLINDRICAL_SURFACE('',#6010,0.010224673205107);
#210=CYLINDRICAL_SURFACE('',#6012,0.010224673205107);
#211=CYLINDRICAL_SURFACE('',#6015,0.00947967842882409);
#212=CYLINDRICAL_SURFACE('',#6018,0.00396170684425639);
#213=CYLINDRICAL_SURFACE('',#6021,0.00396170684425639);
#214=CYLINDRICAL_SURFACE('',#6024,0.00396170684425639);
#215=CYLINDRICAL_SURFACE('',#6027,0.00396170684425639);
#216=CYLINDRICAL_SURFACE('',#6031,0.010224673205107);
#217=CYLINDRICAL_SURFACE('',#6034,0.00947967842882409);
#218=CYLINDRICAL_SURFACE('',#6041,0.00962881153680151);
#219=CYLINDRICAL_SURFACE('',#6043,0.00986953182522156);
#220=CYLINDRICAL_SURFACE('',#6046,0.00770304922944115);
#221=CYLINDRICAL_SURFACE('',#6049,0.00770304922944116);
#222=CYLINDRICAL_SURFACE('',#6052,0.0101741934402532);
#223=CYLINDRICAL_SURFACE('',#6055,0.00770304922944116);
#224=CYLINDRICAL_SURFACE('',#6057,0.00962881153680151);
#225=CYLINDRICAL_SURFACE('',#6068,0.00986953182522157);
#226=CYLINDRICAL_SURFACE('',#6071,0.00986953182522156);
#227=CYLINDRICAL_SURFACE('',#6073,0.00962881153680151);
#228=CYLINDRICAL_SURFACE('',#6079,0.00770304922944116);
#229=CYLINDRICAL_SURFACE('',#6082,0.0101741934402532);
#230=CYLINDRICAL_SURFACE('',#6085,0.00770304922944116);
#231=CYLINDRICAL_SURFACE('',#6088,0.00770304922944115);
#232=CYLINDRICAL_SURFACE('',#6093,0.00986953182522157);
#233=CYLINDRICAL_SURFACE('',#6102,0.00962881153680151);
#234=CYLINDRICAL_SURFACE('',#6104,0.00947799245280562);
#235=CYLINDRICAL_SURFACE('',#6106,0.011557991111765);
#236=CYLINDRICAL_SURFACE('',#6109,0.00524206342279529);
#237=CYLINDRICAL_SURFACE('',#6110,0.00524206342279529);
#238=CYLINDRICAL_SURFACE('',#6113,0.00947799245280562);
#239=CYLINDRICAL_SURFACE('',#6116,0.0164246568903541);
#240=CYLINDRICAL_SURFACE('',#6120,0.0164246568903541);
#241=CYLINDRICAL_SURFACE('',#6123,0.0122699286021928);
#242=CYLINDRICAL_SURFACE('',#6125,0.00524206342279529);
#243=CYLINDRICAL_SURFACE('',#6127,0.011557991111765);
#244=CYLINDRICAL_SURFACE('',#6130,0.00947799245280562);
#245=CYLINDRICAL_SURFACE('',#6132,0.00947799245280562);
#246=CYLINDRICAL_SURFACE('',#6136,0.00524206342279529);
#247=CYLINDRICAL_SURFACE('',#6138,0.0164246568903541);
#248=CYLINDRICAL_SURFACE('',#6142,0.0164246568903541);
#249=CYLINDRICAL_SURFACE('',#6145,0.0122699286021928);
#250=CYLINDRICAL_SURFACE('',#6177,0.0122699286021928);
#251=CYLINDRICAL_SURFACE('',#6178,0.0122699286021928);
#252=CYLINDRICAL_SURFACE('',#6180,0.011938528776889);
#253=CYLINDRICAL_SURFACE('',#6181,0.011938528776889);
#254=CYLINDRICAL_SURFACE('',#6182,0.011938528776889);
#255=CYLINDRICAL_SURFACE('',#6183,0.011557991111765);
#256=CYLINDRICAL_SURFACE('',#6184,0.011938528776889);
#257=CYLINDRICAL_SURFACE('',#6185,0.011557991111765);
#258=(
BOUNDED_SURFACE()
B_SPLINE_SURFACE(3,2,((#7937,#7938,#7939),(#7940,#7941,#7942),(#7943,#7944,
#7945),(#7946,#7947,#7948),(#7949,#7950,#7951)),.UNSPECIFIED.,.F.,.F.,.F.)
B_SPLINE_SURFACE_WITH_KNOTS((4,1,4),(3,3),(0.0201911031121006,0.0227092821601536,
0.0252274612082065),(0.,1.),.UNSPECIFIED.)
GEOMETRIC_REPRESENTATION_ITEM()
RATIONAL_B_SPLINE_SURFACE(((1.,0.804778110351941,1.),(1.,0.812318926061189,
1.),(1.,0.825889839320332,1.),(1.,0.812506154222784,1.),(1.,0.804771253796974,
1.)))
REPRESENTATION_ITEM('')
SURFACE()
);
#259=(
BOUNDED_SURFACE()
B_SPLINE_SURFACE(3,2,((#7960,#7961,#7962),(#7963,#7964,#7965),(#7966,#7967,
#7968),(#7969,#7970,#7971),(#7972,#7973,#7974)),.UNSPECIFIED.,.F.,.F.,.F.)
B_SPLINE_SURFACE_WITH_KNOTS((4,1,4),(3,3),(0.0201882825100577,0.0227063701116868,
0.0252244577133158),(0.,1.),.UNSPECIFIED.)
GEOMETRIC_REPRESENTATION_ITEM()
RATIONAL_B_SPLINE_SURFACE(((1.,0.80477812137601,1.),(1.,0.812318626632448,
1.),(1.,0.825889847769228,1.),(1.,0.812506391950582,1.),(1.,0.804771245018197,
1.)))
REPRESENTATION_ITEM('')
SURFACE()
);
#260=(
BOUNDED_SURFACE()
B_SPLINE_SURFACE(3,2,((#7979,#7980,#7981),(#7982,#7983,#7984),(#7985,#7986,
#7987),(#7988,#7989,#7990),(#7991,#7992,#7993)),.UNSPECIFIED.,.F.,.F.,.F.)
B_SPLINE_SURFACE_WITH_KNOTS((4,1,4),(3,3),(0.0201911031121006,0.0227092821601536,
0.0252274612082065),(0.,1.),.UNSPECIFIED.)
GEOMETRIC_REPRESENTATION_ITEM()
RATIONAL_B_SPLINE_SURFACE(((1.,0.804778110351941,1.),(1.,0.812318926061704,
1.),(1.,0.825889839319811,1.),(1.,0.812506154223313,1.),(1.,0.804771253796974,
1.)))
REPRESENTATION_ITEM('')
SURFACE()
);
#261=(
BOUNDED_SURFACE()
B_SPLINE_SURFACE(3,2,((#7998,#7999,#8000),(#8001,#8002,#8003),(#8004,#8005,
#8006),(#8007,#8008,#8009),(#8010,#8011,#8012)),.UNSPECIFIED.,.F.,.F.,.F.)
B_SPLINE_SURFACE_WITH_KNOTS((4,1,4),(3,3),(0.0201911031121006,0.0227092821601536,
0.0252274612082065),(0.,1.),.UNSPECIFIED.)
GEOMETRIC_REPRESENTATION_ITEM()
RATIONAL_B_SPLINE_SURFACE(((1.,0.804778110351941,1.),(1.,0.812318926061845,
1.),(1.,0.82588983931974,1.),(1.,0.812506154223313,1.),(1.,0.804771253796974,
1.)))
REPRESENTATION_ITEM('')
SURFACE()
);
#262=(
BOUNDED_SURFACE()
B_SPLINE_SURFACE(3,2,((#8017,#8018,#8019),(#8020,#8021,#8022),(#8023,#8024,
#8025),(#8026,#8027,#8028),(#8029,#8030,#8031)),.UNSPECIFIED.,.F.,.F.,.F.)
B_SPLINE_SURFACE_WITH_KNOTS((4,1,4),(3,3),(0.0201939341481747,0.022712204724463,
0.0252304753007513),(0.,1.),.UNSPECIFIED.)
GEOMETRIC_REPRESENTATION_ITEM()
RATIONAL_B_SPLINE_SURFACE(((1.,0.804778099318707,1.),(1.,0.812319225738913,
1.),(1.,0.825889830224189,1.),(1.,0.812505917283021,1.),(1.,0.804771262546799,
1.)))
REPRESENTATION_ITEM('')
SURFACE()
);
#263=(
BOUNDED_SURFACE()
B_SPLINE_SURFACE(3,2,((#8036,#8037,#8038),(#8039,#8040,#8041),(#8042,#8043,
#8044),(#8045,#8046,#8047),(#8048,#8049,#8050)),.UNSPECIFIED.,.F.,.F.,.F.)
B_SPLINE_SURFACE_WITH_KNOTS((4,1,4),(3,3),(0.0201911031121006,0.0227092821601536,
0.0252274612082065),(0.,1.),.UNSPECIFIED.)
GEOMETRIC_REPRESENTATION_ITEM()
RATIONAL_B_SPLINE_SURFACE(((1.,0.804778110351941,1.),(1.,0.812318926061189,
1.),(1.,0.825889839320332,1.),(1.,0.812506154222784,1.),(1.,0.804771253796974,
1.)))
REPRESENTATION_ITEM('')
SURFACE()
);
#264=TOROIDAL_SURFACE('',#5674,0.0068,0.000567100162269167);
#265=TOROIDAL_SURFACE('',#5685,0.00325,0.00025);
#266=TOROIDAL_SURFACE('',#5754,0.0045,0.0015);
#267=CIRCLE('',#5662,0.004);
#268=CIRCLE('',#5664,0.004);
#269=CIRCLE('',#5666,0.004);
#270=CIRCLE('',#5668,0.004);
#271=CIRCLE('',#5670,0.004);
#272=CIRCLE('',#5672,0.004);
#273=CIRCLE('',#5675,0.00699395967877932);
#274=CIRCLE('',#5676,0.0068);
#275=CIRCLE('',#5679,0.00325);
#276=CIRCLE('',#5681,0.003);
#277=CIRCLE('',#5682,0.003);
#278=CIRCLE('',#5684,0.002458734125);
#279=CIRCLE('',#5693,0.0045974);
#280=CIRCLE('',#5695,0.00309596794644382);
#281=CIRCLE('',#5696,0.00309596794644382);
#282=CIRCLE('',#5697,0.0045974);
#283=CIRCLE('',#5698,0.002413);
#284=CIRCLE('',#5700,0.002413);
#285=CIRCLE('',#5702,0.00184107682584);
#286=CIRCLE('',#5714,0.0045974);
#287=CIRCLE('',#5716,0.00309596794644382);
#288=CIRCLE('',#5717,0.00309596794644382);
#289=CIRCLE('',#5718,0.0045974);
#290=CIRCLE('',#5719,0.002413);
#291=CIRCLE('',#5721,0.002413);
#292=CIRCLE('',#5723,0.00184107682584);
#293=CIRCLE('',#5738,0.001905);
#294=CIRCLE('',#5740,0.001905);
#295=CIRCLE('',#5742,0.001905);
#296=CIRCLE('',#5744,0.003);
#297=CIRCLE('',#5745,0.003);
#298=CIRCLE('',#5747,0.002458734125);
#299=CIRCLE('',#5749,0.00565);
#300=CIRCLE('',#5751,0.00565);
#301=CIRCLE('',#5753,0.00343933982822017);
#302=CIRCLE('',#5776,0.001905);
#303=CIRCLE('',#5807,0.0026);
#304=CIRCLE('',#5808,0.0026);
#305=CIRCLE('',#5809,0.0026);
#306=CIRCLE('',#5810,0.0026);
#307=CIRCLE('',#5812,0.003);
#308=CIRCLE('',#5813,0.003);
#309=CIRCLE('',#5814,0.003);
#310=CIRCLE('',#5815,0.003);
#311=CIRCLE('',#5817,0.0026);
#312=CIRCLE('',#5818,0.0026);
#313=CIRCLE('',#5819,0.0026);
#314=CIRCLE('',#5820,0.0026);
#315=CIRCLE('',#5822,0.003);
#316=CIRCLE('',#5823,0.003);
#317=CIRCLE('',#5824,0.003);
#318=CIRCLE('',#5825,0.003);
#319=CIRCLE('',#5827,0.003);
#320=CIRCLE('',#5828,0.003);
#321=CIRCLE('',#5829,0.003);
#322=CIRCLE('',#5830,0.003);
#323=CIRCLE('',#5832,0.003);
#324=CIRCLE('',#5833,0.003);
#325=CIRCLE('',#5834,0.003);
#326=CIRCLE('',#5835,0.003);
#327=CIRCLE('',#5841,0.0026);
#328=CIRCLE('',#5844,0.0026);
#329=CIRCLE('',#5847,0.0026);
#330=CIRCLE('',#5850,0.0026);
#331=CIRCLE('',#5853,0.0026);
#332=CIRCLE('',#5856,0.0026);
#333=CIRCLE('',#5859,0.0026);
#334=CIRCLE('',#5862,0.0026);
#335=CIRCLE('',#5865,0.003);
#336=CIRCLE('',#5868,0.003);
#337=CIRCLE('',#5871,0.003);
#338=CIRCLE('',#5874,0.003);
#339=CIRCLE('',#5877,0.003);
#340=CIRCLE('',#5880,0.003);
#341=CIRCLE('',#5883,0.003);
#342=CIRCLE('',#5886,0.003);
#343=CIRCLE('',#5889,0.003);
#344=CIRCLE('',#5892,0.003);
#345=CIRCLE('',#5895,0.003);
#346=CIRCLE('',#5898,0.003);
#347=CIRCLE('',#5901,0.003);
#348=CIRCLE('',#5904,0.003);
#349=CIRCLE('',#5907,0.003);
#350=CIRCLE('',#5910,0.003);
#351=CIRCLE('',#5913,0.00986953182522154);
#352=CIRCLE('',#5914,0.00962881153680151);
#353=CIRCLE('',#5916,0.00770304922944116);
#354=CIRCLE('',#5917,0.0101741934402532);
#355=CIRCLE('',#5918,0.00770304922944116);
#356=CIRCLE('',#5919,0.00770304922944115);
#357=CIRCLE('',#5921,0.00986953182522157);
#358=CIRCLE('',#5922,0.00962881153680151);
#359=CIRCLE('',#5924,0.00962881153680151);
#360=CIRCLE('',#5925,0.00986953182522157);
#361=CIRCLE('',#5927,0.0101741934402532);
#362=CIRCLE('',#5928,0.00770304922944116);
#363=CIRCLE('',#5929,0.00770304922944115);
#364=CIRCLE('',#5930,0.00770304922944116);
#365=CIRCLE('',#5932,0.00986953182522157);
#366=CIRCLE('',#5933,0.00962881153680151);
#367=CIRCLE('',#5935,0.010224673205107);
#368=CIRCLE('',#5936,0.00947967842882409);
#369=CIRCLE('',#5938,0.00396170684425639);
#370=CIRCLE('',#5939,0.00396170684425639);
#371=CIRCLE('',#5940,0.00396170684425639);
#372=CIRCLE('',#5941,0.00396170684425639);
#373=CIRCLE('',#5943,0.010224673205107);
#374=CIRCLE('',#5944,0.00947967842882409);
#375=CIRCLE('',#5946,0.010224673205107);
#376=CIRCLE('',#5947,0.00947967842882409);
#377=CIRCLE('',#5949,0.00396170684425639);
#378=CIRCLE('',#5950,0.00396170684425639);
#379=CIRCLE('',#5951,0.00396170684425639);
#380=CIRCLE('',#5952,0.00396170684425639);
#381=CIRCLE('',#5954,0.010224673205107);
#382=CIRCLE('',#5955,0.00947967842882409);
#383=CIRCLE('',#5957,0.0122699286021928);
#384=CIRCLE('',#5958,0.0164246568903541);
#385=CIRCLE('',#5959,0.011938528776889);
#386=CIRCLE('',#5961,0.00524206342279529);
#387=CIRCLE('',#5962,0.011557991111765);
#388=CIRCLE('',#5963,0.00947799245280562);
#389=CIRCLE('',#5965,0.00947799245280562);
#390=CIRCLE('',#5966,0.011557991111765);
#391=CIRCLE('',#5967,0.00524206342279529);
#392=CIRCLE('',#5969,0.0122699286021928);
#393=CIRCLE('',#5970,0.011938528776889);
#394=CIRCLE('',#5971,0.0164246568903541);
#395=CIRCLE('',#5973,0.0122699286021928);
#396=CIRCLE('',#5974,0.011938528776889);
#397=CIRCLE('',#5975,0.0164246568903541);
#398=CIRCLE('',#5977,0.00524206342279529);
#399=CIRCLE('',#5978,0.00947799245280562);
#400=CIRCLE('',#5979,0.011557991111765);
#401=CIRCLE('',#5981,0.00947799245280562);
#402=CIRCLE('',#5982,0.00524206342279529);
#403=CIRCLE('',#5983,0.011557991111765);
#404=CIRCLE('',#5985,0.0122699286021928);
#405=CIRCLE('',#5986,0.0164246568903541);
#406=CIRCLE('',#5987,0.011938528776889);
#407=CIRCLE('',#5991,0.010224673205107);
#408=CIRCLE('',#5993,0.00947967842882409);
#409=CIRCLE('',#5996,0.00396170684425639);
#410=CIRCLE('',#5998,0.00396170684425639);
#411=CIRCLE('',#6001,0.00396170684425639);
#412=CIRCLE('',#6003,0.00396170684425639);
#413=CIRCLE('',#6009,0.00947967842882409);
#414=CIRCLE('',#6011,0.010224673205107);
#415=CIRCLE('',#6013,0.010224673205107);
#416=CIRCLE('',#6016,0.00947967842882409);
#417=CIRCLE('',#6019,0.00396170684425639);
#418=CIRCLE('',#6022,0.00396170684425639);
#419=CIRCLE('',#6025,0.00396170684425639);
#420=CIRCLE('',#6028,0.00396170684425639);
#421=CIRCLE('',#6032,0.010224673205107);
#422=CIRCLE('',#6035,0.00947967842882409);
#423=CIRCLE('',#6039,0.00947799245280562);
#424=CIRCLE('',#6040,0.0122699286021928);
#425=CIRCLE('',#6042,0.00962881153680151);
#426=CIRCLE('',#6044,0.00986953182522156);
#427=CIRCLE('',#6047,0.00770304922944115);
#428=CIRCLE('',#6050,0.00770304922944116);
#429=CIRCLE('',#6053,0.0101741934402532);
#430=CIRCLE('',#6056,0.00770304922944116);
#431=CIRCLE('',#6058,0.00962881153680151);
#432=CIRCLE('',#6060,0.00524206342279529);
#433=CIRCLE('',#6061,0.0122699286021928);
#434=CIRCLE('',#6066,0.00524206342279529);
#435=CIRCLE('',#6067,0.0122699286021928);
#436=CIRCLE('',#6069,0.00986953182522157);
#437=CIRCLE('',#6072,0.00986953182522154);
#438=CIRCLE('',#6074,0.00962881153680151);
#439=CIRCLE('',#6076,0.00947799245280562);
#440=CIRCLE('',#6077,0.011938528776889);
#441=CIRCLE('',#6080,0.00770304922944116);
#442=CIRCLE('',#6083,0.0101741934402532);
#443=CIRCLE('',#6086,0.00770304922944116);
#444=CIRCLE('',#6089,0.00770304922944115);
#445=CIRCLE('',#6094,0.00986953182522156);
#446=CIRCLE('',#6096,0.011938528776889);
#447=CIRCLE('',#6097,0.00524206342279529);
#448=CIRCLE('',#6100,0.011938528776889);
#449=CIRCLE('',#6101,0.00524206342279529);
#450=CIRCLE('',#6103,0.00962881153680151);
#451=CIRCLE('',#6107,0.011557991111765);
#452=CIRCLE('',#6117,0.0164246568903541);
#453=CIRCLE('',#6121,0.0164246568903541);
#454=CIRCLE('',#6124,0.0122699286021928);
#455=CIRCLE('',#6128,0.011557991111765);
#456=CIRCLE('',#6131,0.00947799245280562);
#457=CIRCLE('',#6133,0.00947799245280562);
#458=CIRCLE('',#6139,0.0164246568903541);
#459=CIRCLE('',#6143,0.0164246568903541);
#460=CIRCLE('',#6146,0.0122699286021928);
#461=CIRCLE('',#6148,0.011557991111765);
#462=CIRCLE('',#6149,0.011938528776889);
#463=CIRCLE('',#6151,0.0122699286021928);
#464=CIRCLE('',#6159,0.011938528776889);
#465=CIRCLE('',#6162,0.011938528776889);
#466=CIRCLE('',#6164,0.011557991111765);
#467=CIRCLE('',#6166,0.0122699286021928);
#468=CIRCLE('',#6168,0.011938528776889);
#469=CONICAL_SURFACE('',#5661,0.004,1.0471975511966);
#470=CONICAL_SURFACE('',#5663,0.004,1.0471975511966);
#471=CONICAL_SURFACE('',#5665,0.004,1.0471975511966);
#472=CONICAL_SURFACE('',#5667,0.004,1.0471975511966);
#473=CONICAL_SURFACE('',#5669,0.004,1.0471975511966);
#474=CONICAL_SURFACE('',#5671,0.004,1.0471975511966);
#475=CONICAL_SURFACE('',#5677,8.67361737988404E-19,1.22173047639603);
#476=CONICAL_SURFACE('',#5686,0.002458734125,0.785398163397448);
#477=CONICAL_SURFACE('',#5694,0.002413,0.715584993317675);
#478=CONICAL_SURFACE('',#5707,0.00184107682584,0.785398163397448);
#479=CONICAL_SURFACE('',#5715,0.002413,0.715584993317675);
#480=CONICAL_SURFACE('',#5728,0.00184107682584,0.785398163397448);
#481=CONICAL_SURFACE('',#5752,0.00565,0.785398163397449);
#482=CONICAL_SURFACE('',#5777,0.001905,1.08329432230196);
#483=CONICAL_SURFACE('',#5778,0.002458734125,0.785398163397448);
#484=CONICAL_SURFACE('',#5840,0.0026,1.02974425867666);
#485=CONICAL_SURFACE('',#5843,0.0026,1.02974425867666);
#486=CONICAL_SURFACE('',#5846,0.0026,1.02974425867666);
#487=CONICAL_SURFACE('',#5849,0.0026,1.02974425867666);
#488=CONICAL_SURFACE('',#5852,0.0026,1.02974425867666);
#489=CONICAL_SURFACE('',#5855,0.0026,1.02974425867666);
#490=CONICAL_SURFACE('',#5858,0.0026,1.02974425867666);
#491=CONICAL_SURFACE('',#5861,0.0026,1.02974425867666);
#492=CONICAL_SURFACE('',#5864,0.003,1.02974425867665);
#493=CONICAL_SURFACE('',#5867,0.003,1.02974425867665);
#494=CONICAL_SURFACE('',#5870,0.003,1.02974425867665);
#495=CONICAL_SURFACE('',#5873,0.003,1.02974425867665);
#496=CONICAL_SURFACE('',#5876,0.003,1.02974425867665);
#497=CONICAL_SURFACE('',#5879,0.003,1.02974425867665);
#498=CONICAL_SURFACE('',#5882,0.003,1.02974425867665);
#499=CONICAL_SURFACE('',#5885,0.003,1.02974425867665);
#500=CONICAL_SURFACE('',#5888,0.003,1.02974425867665);
#501=CONICAL_SURFACE('',#5891,0.003,1.02974425867665);
#502=CONICAL_SURFACE('',#5894,0.003,1.02974425867665);
#503=CONICAL_SURFACE('',#5897,0.003,1.02974425867665);
#504=CONICAL_SURFACE('',#5900,0.003,1.02974425867665);
#505=CONICAL_SURFACE('',#5903,0.003,1.02974425867665);
#506=CONICAL_SURFACE('',#5906,0.003,1.02974425867665);
#507=CONICAL_SURFACE('',#5909,0.003,1.02974425867665);
#508=B_SPLINE_CURVE_WITH_KNOTS('',3,(#7775,#7776,#7777,#7778,#7779),
 .UNSPECIFIED.,.F.,.F.,(4,1,4),(0.,0.00231867620625576,0.00463735241251151),
 .UNSPECIFIED.);
#509=B_SPLINE_CURVE_WITH_KNOTS('',3,(#7783,#7784,#7785,#7786),
 .UNSPECIFIED.,.F.,.F.,(4,4),(2.38073758159431E-7,0.00233697415164155),
 .UNSPECIFIED.);
#510=B_SPLINE_CURVE_WITH_KNOTS('',3,(#7788,#7789,#7790,#7791),
 .UNSPECIFIED.,.F.,.F.,(4,4),(0.00233697415164155,0.00466497761979133),
 .UNSPECIFIED.);
#511=B_SPLINE_CURVE_WITH_KNOTS('',3,(#7793,#7794,#7795,#7796,#7797),
 .UNSPECIFIED.,.F.,.F.,(4,1,4),(1.55309542619116E-19,0.00231867620625576,
0.00463735241251152),.UNSPECIFIED.);
#512=B_SPLINE_CURVE_WITH_KNOTS('',3,(#7801,#7802,#7803,#7804),
 .UNSPECIFIED.,.F.,.F.,(4,4),(2.38073758164008E-7,0.00233697415164155),
 .UNSPECIFIED.);
#513=B_SPLINE_CURVE_WITH_KNOTS('',3,(#7806,#7807,#7808,#7809),
 .UNSPECIFIED.,.F.,.F.,(4,4),(0.00233697415164155,0.00466497761979134),
 .UNSPECIFIED.);
#514=B_SPLINE_CURVE_WITH_KNOTS('',3,(#7811,#7812,#7813,#7814,#7815),
 .UNSPECIFIED.,.F.,.F.,(4,1,4),(0.,0.00231864895322491,0.00463729790644982),
 .UNSPECIFIED.);
#515=B_SPLINE_CURVE_WITH_KNOTS('',3,(#7819,#7820,#7821,#7822),
 .UNSPECIFIED.,.F.,.F.,(4,4),(0.00645656685864737,0.00879424677892587),
 .UNSPECIFIED.);
#516=B_SPLINE_CURVE_WITH_KNOTS('',3,(#7824,#7825,#7826,#7827),
 .UNSPECIFIED.,.F.,.F.,(4,4),(0.00412027501174684,0.00645656685864737),
 .UNSPECIFIED.);
#517=B_SPLINE_CURVE_WITH_KNOTS('',3,(#7829,#7830,#7831,#7832,#7833),
 .UNSPECIFIED.,.F.,.F.,(4,1,4),(0.,0.00231867620625576,0.00463735241251151),
 .UNSPECIFIED.);
#518=B_SPLINE_CURVE_WITH_KNOTS('',3,(#7837,#7838,#7839,#7840),
 .UNSPECIFIED.,.F.,.F.,(4,4),(2.3807375815926E-7,0.00233697415164155),
 .UNSPECIFIED.);
#519=B_SPLINE_CURVE_WITH_KNOTS('',3,(#7842,#7843,#7844,#7845),
 .UNSPECIFIED.,.F.,.F.,(4,4),(0.00233697415164155,0.00466497761979134),
 .UNSPECIFIED.);
#520=B_SPLINE_CURVE_WITH_KNOTS('',3,(#7847,#7848,#7849,#7850,#7851),
 .UNSPECIFIED.,.F.,.F.,(4,1,4),(3.24894099173316E-19,0.00231867620625576,
0.00463735241251152),.UNSPECIFIED.);
#521=B_SPLINE_CURVE_WITH_KNOTS('',3,(#7855,#7856,#7857,#7858),
 .UNSPECIFIED.,.F.,.F.,(4,4),(2.38073758164008E-7,0.00233697415164155),
 .UNSPECIFIED.);
#522=B_SPLINE_CURVE_WITH_KNOTS('',3,(#7860,#7861,#7862,#7863),
 .UNSPECIFIED.,.F.,.F.,(4,4),(0.00233697415164155,0.00466497761979134),
 .UNSPECIFIED.);
#523=B_SPLINE_CURVE_WITH_KNOTS('',3,(#7865,#7866,#7867,#7868,#7869),
 .UNSPECIFIED.,.F.,.F.,(4,1,4),(0.,0.00231870349468598,0.00463740698937197),
 .UNSPECIFIED.);
#524=B_SPLINE_CURVE_WITH_KNOTS('',3,(#7870,#7871,#7872,#7873),
 .UNSPECIFIED.,.F.,.F.,(4,4),(0.00412027501174684,0.00645656685864737),
 .UNSPECIFIED.);
#525=B_SPLINE_CURVE_WITH_KNOTS('',3,(#7875,#7876,#7877,#7878),
 .UNSPECIFIED.,.F.,.F.,(4,4),(0.00645656685864737,0.00879424677892588),
 .UNSPECIFIED.);
#526=B_SPLINE_CURVE_WITH_KNOTS('',3,(#7898,#7899,#7900,#7901,#7902),
 .UNSPECIFIED.,.F.,.F.,(4,1,4),(0.,0.00248123639135078,0.00496247278270157),
 .UNSPECIFIED.);
#527=B_SPLINE_CURVE_WITH_KNOTS('',3,(#7905,#7906,#7907,#7908,#7909),
 .UNSPECIFIED.,.F.,.F.,(4,1,4),(0.,0.00248123639135079,0.00496247278270157),
 .UNSPECIFIED.);
#528=B_SPLINE_CURVE_WITH_KNOTS('',3,(#7911,#7912,#7913,#7914,#7915),
 .UNSPECIFIED.,.F.,.F.,(4,1,4),(0.,0.00248121396259867,0.00496242792519734),
 .UNSPECIFIED.);
#529=B_SPLINE_CURVE_WITH_KNOTS('',3,(#7917,#7918,#7919,#7920,#7921),
 .UNSPECIFIED.,.F.,.F.,(4,1,4),(0.,0.00248123639135079,0.00496247278270157),
 .UNSPECIFIED.);
#530=B_SPLINE_CURVE_WITH_KNOTS('',3,(#7923,#7924,#7925,#7926,#7927),
 .UNSPECIFIED.,.F.,.F.,(4,1,4),(0.,0.00248123639135078,0.00496247278270157),
 .UNSPECIFIED.);
#531=B_SPLINE_CURVE_WITH_KNOTS('',3,(#7929,#7930,#7931,#7932,#7933),
 .UNSPECIFIED.,.F.,.F.,(4,1,4),(0.,0.00248125883902994,0.00496251767805987),
 .UNSPECIFIED.);
#532=B_SPLINE_CURVE_WITH_KNOTS('',3,(#7952,#7953,#7954,#7955),
 .UNSPECIFIED.,.F.,.F.,(4,4),(0.,0.000558423230755655),.UNSPECIFIED.);
#533=B_SPLINE_CURVE_WITH_KNOTS('',3,(#7956,#7957,#7958,#7959),
 .UNSPECIFIED.,.F.,.F.,(4,4),(0.,0.000558423230755647),.UNSPECIFIED.);
#534=B_SPLINE_CURVE_WITH_KNOTS('',3,(#7975,#7976,#7977,#7978),
 .UNSPECIFIED.,.F.,.F.,(4,4),(0.,0.000558423230755648),.UNSPECIFIED.);
#535=B_SPLINE_CURVE_WITH_KNOTS('',3,(#7994,#7995,#7996,#7997),
 .UNSPECIFIED.,.F.,.F.,(4,4),(0.,0.000558423230755644),.UNSPECIFIED.);
#536=B_SPLINE_CURVE_WITH_KNOTS('',3,(#8013,#8014,#8015,#8016),
 .UNSPECIFIED.,.F.,.F.,(4,4),(0.,0.000558423230755651),.UNSPECIFIED.);
#537=B_SPLINE_CURVE_WITH_KNOTS('',3,(#8032,#8033,#8034,#8035),
 .UNSPECIFIED.,.F.,.F.,(4,4),(0.,0.000558423230755646),.UNSPECIFIED.);
#538=B_SPLINE_CURVE_WITH_KNOTS('',3,(#8072,#8073,#8074,#8075),
 .UNSPECIFIED.,.F.,.F.,(4,4),(0.017607524204044,0.0199323210654798),
 .UNSPECIFIED.);
#539=B_SPLINE_CURVE_WITH_KNOTS('',3,(#8080,#8081,#8082,#8083),
 .UNSPECIFIED.,.F.,.F.,(4,4),(0.017607524204044,0.0199323210654798),
 .UNSPECIFIED.);
#540=B_SPLINE_CURVE_WITH_KNOTS('',3,(#8084,#8085,#8086,#8087),
 .UNSPECIFIED.,.F.,.F.,(4,4),(0.00747192911578643,0.00979385679164991),
 .UNSPECIFIED.);
#541=B_SPLINE_CURVE_WITH_KNOTS('',3,(#8091,#8092,#8093,#8094),
 .UNSPECIFIED.,.F.,.F.,(4,4),(0.00747192911578643,0.00979385679164991),
 .UNSPECIFIED.);
#542=B_SPLINE_CURVE_WITH_KNOTS('',3,(#8126,#8127,#8128,#8129),
 .UNSPECIFIED.,.F.,.F.,(4,4),(0.017607524204044,0.0199323210654798),
 .UNSPECIFIED.);
#543=B_SPLINE_CURVE_WITH_KNOTS('',3,(#8134,#8135,#8136,#8137),
 .UNSPECIFIED.,.F.,.F.,(4,4),(0.017607524204044,0.0199323210654798),
 .UNSPECIFIED.);
#544=B_SPLINE_CURVE_WITH_KNOTS('',3,(#8138,#8139,#8140,#8141),
 .UNSPECIFIED.,.F.,.F.,(4,4),(0.00747192911578643,0.00979385679164991),
 .UNSPECIFIED.);
#545=B_SPLINE_CURVE_WITH_KNOTS('',3,(#8145,#8146,#8147,#8148),
 .UNSPECIFIED.,.F.,.F.,(4,4),(0.00747192911578643,0.00979385679164991),
 .UNSPECIFIED.);
#546=B_SPLINE_CURVE_WITH_KNOTS('',3,(#8276,#8277,#8278,#8279),
 .UNSPECIFIED.,.F.,.F.,(4,4),(0.0101152166006772,0.0112866124987393),
 .UNSPECIFIED.);
#547=B_SPLINE_CURVE_WITH_KNOTS('',3,(#8291,#8292,#8293,#8294),
 .UNSPECIFIED.,.F.,.F.,(4,4),(0.0101152166006772,0.0112866124987389),
 .UNSPECIFIED.);
#548=B_SPLINE_CURVE_WITH_KNOTS('',3,(#8300,#8301,#8302,#8303),
 .UNSPECIFIED.,.F.,.F.,(4,4),(0.0101152166006772,0.0112866124987393),
 .UNSPECIFIED.);
#549=B_SPLINE_CURVE_WITH_KNOTS('',3,(#8319,#8320,#8321,#8322),
 .UNSPECIFIED.,.F.,.F.,(4,4),(0.0101152166006772,0.0112866124987389),
 .UNSPECIFIED.);
#550=B_SPLINE_CURVE_WITH_KNOTS('',3,(#8327,#8328,#8329,#8330),
 .UNSPECIFIED.,.F.,.F.,(4,4),(0.0101152166006772,0.0112866124987393),
 .UNSPECIFIED.);
#551=B_SPLINE_CURVE_WITH_KNOTS('',3,(#8340,#8341,#8342,#8343),
 .UNSPECIFIED.,.F.,.F.,(4,4),(0.0101152166006772,0.0112866124987389),
 .UNSPECIFIED.);
#552=B_SPLINE_CURVE_WITH_KNOTS('',3,(#8346,#8347,#8348,#8349),
 .UNSPECIFIED.,.F.,.F.,(4,4),(0.0101152166006772,0.0112866124987393),
 .UNSPECIFIED.);
#553=B_SPLINE_CURVE_WITH_KNOTS('',3,(#8357,#8358,#8359,#8360),
 .UNSPECIFIED.,.F.,.F.,(4,4),(0.0101152166006772,0.0112866124987389),
 .UNSPECIFIED.);
#554=B_SPLINE_CURVE_WITH_KNOTS('',3,(#9162,#9163,#9164,#9165,#9166),
 .UNSPECIFIED.,.F.,.F.,(4,1,4),(0.,0.00436779359665818,0.00873558719331637),
 .UNSPECIFIED.);
#555=B_SPLINE_CURVE_WITH_KNOTS('',3,(#9213,#9214,#9215,#9216,#9217),
 .UNSPECIFIED.,.F.,.F.,(4,1,4),(0.,0.00432249274859847,0.00864498549719693),
 .UNSPECIFIED.);
#556=B_SPLINE_CURVE_WITH_KNOTS('',3,(#9270,#9271,#9272,#9273),
 .UNSPECIFIED.,.F.,.F.,(4,4),(0.,0.00477585105176941),.UNSPECIFIED.);
#557=B_SPLINE_CURVE_WITH_KNOTS('',3,(#9297,#9298,#9299,#9300,#9301),
 .UNSPECIFIED.,.F.,.F.,(4,1,4),(0.,0.00438649685530738,0.00877299371061475),
 .UNSPECIFIED.);
#558=B_SPLINE_CURVE_WITH_KNOTS('',3,(#9376,#9377,#9378,#9379),
 .UNSPECIFIED.,.F.,.F.,(4,4),(0.,0.00477216792522824),.UNSPECIFIED.);
#559=B_SPLINE_CURVE_WITH_KNOTS('',3,(#9414,#9415,#9416,#9417,#9418,#9419),
 .UNSPECIFIED.,.F.,.F.,(4,1,1,4),(0.,0.0021717516177483,0.0043435032354966,
0.0086870064709932),.UNSPECIFIED.);
#560=ORIENTED_EDGE('',*,*,#2036,.T.);
#561=ORIENTED_EDGE('',*,*,#2037,.T.);
#562=ORIENTED_EDGE('',*,*,#2038,.F.);
#563=ORIENTED_EDGE('',*,*,#2039,.T.);
#564=ORIENTED_EDGE('',*,*,#2040,.T.);
#565=ORIENTED_EDGE('',*,*,#2038,.T.);
#566=ORIENTED_EDGE('',*,*,#2041,.T.);
#567=ORIENTED_EDGE('',*,*,#2042,.F.);
#568=ORIENTED_EDGE('',*,*,#2043,.T.);
#569=ORIENTED_EDGE('',*,*,#2044,.T.);
#570=ORIENTED_EDGE('',*,*,#2042,.T.);
#571=ORIENTED_EDGE('',*,*,#2045,.T.);
#572=ORIENTED_EDGE('',*,*,#2046,.F.);
#573=ORIENTED_EDGE('',*,*,#2047,.T.);
#574=ORIENTED_EDGE('',*,*,#2048,.T.);
#575=ORIENTED_EDGE('',*,*,#2046,.T.);
#576=ORIENTED_EDGE('',*,*,#2049,.T.);
#577=ORIENTED_EDGE('',*,*,#2050,.F.);
#578=ORIENTED_EDGE('',*,*,#2051,.T.);
#579=ORIENTED_EDGE('',*,*,#2052,.T.);
#580=ORIENTED_EDGE('',*,*,#2050,.T.);
#581=ORIENTED_EDGE('',*,*,#2053,.T.);
#582=ORIENTED_EDGE('',*,*,#2054,.F.);
#583=ORIENTED_EDGE('',*,*,#2055,.T.);
#584=ORIENTED_EDGE('',*,*,#2056,.T.);
#585=ORIENTED_EDGE('',*,*,#2054,.T.);
#586=ORIENTED_EDGE('',*,*,#2057,.T.);
#587=ORIENTED_EDGE('',*,*,#2036,.F.);
#588=ORIENTED_EDGE('',*,*,#2058,.T.);
#589=ORIENTED_EDGE('',*,*,#2059,.T.);
#590=ORIENTED_EDGE('',*,*,#2059,.F.);
#591=ORIENTED_EDGE('',*,*,#2060,.F.);
#592=ORIENTED_EDGE('',*,*,#2055,.F.);
#593=ORIENTED_EDGE('',*,*,#2061,.F.);
#594=ORIENTED_EDGE('',*,*,#2058,.F.);
#595=ORIENTED_EDGE('',*,*,#2040,.F.);
#596=ORIENTED_EDGE('',*,*,#2056,.F.);
#597=ORIENTED_EDGE('',*,*,#2062,.F.);
#598=ORIENTED_EDGE('',*,*,#2051,.F.);
#599=ORIENTED_EDGE('',*,*,#2052,.F.);
#600=ORIENTED_EDGE('',*,*,#2063,.F.);
#601=ORIENTED_EDGE('',*,*,#2047,.F.);
#602=ORIENTED_EDGE('',*,*,#2064,.F.);
#603=ORIENTED_EDGE('',*,*,#2043,.F.);
#604=ORIENTED_EDGE('',*,*,#2048,.F.);
#605=ORIENTED_EDGE('',*,*,#2065,.F.);
#606=ORIENTED_EDGE('',*,*,#2039,.F.);
#607=ORIENTED_EDGE('',*,*,#2044,.F.);
#608=ORIENTED_EDGE('',*,*,#2062,.T.);
#609=ORIENTED_EDGE('',*,*,#2060,.T.);
#610=ORIENTED_EDGE('',*,*,#2061,.T.);
#611=ORIENTED_EDGE('',*,*,#2065,.T.);
#612=ORIENTED_EDGE('',*,*,#2064,.T.);
#613=ORIENTED_EDGE('',*,*,#2063,.T.);
#614=ORIENTED_EDGE('',*,*,#2066,.F.);
#615=ORIENTED_EDGE('',*,*,#2067,.T.);
#616=ORIENTED_EDGE('',*,*,#2068,.T.);
#617=ORIENTED_EDGE('',*,*,#2069,.T.);
#618=ORIENTED_EDGE('',*,*,#2070,.T.);
#619=ORIENTED_EDGE('',*,*,#2071,.T.);
#620=ORIENTED_EDGE('',*,*,#2072,.T.);
#621=ORIENTED_EDGE('',*,*,#2073,.T.);
#622=ORIENTED_EDGE('',*,*,#2066,.T.);
#623=ORIENTED_EDGE('',*,*,#2074,.T.);
#624=ORIENTED_EDGE('',*,*,#2067,.F.);
#625=ORIENTED_EDGE('',*,*,#2075,.F.);
#626=ORIENTED_EDGE('',*,*,#2049,.F.);
#627=ORIENTED_EDGE('',*,*,#2076,.F.);
#628=ORIENTED_EDGE('',*,*,#2072,.F.);
#629=ORIENTED_EDGE('',*,*,#2076,.T.);
#630=ORIENTED_EDGE('',*,*,#2045,.F.);
#631=ORIENTED_EDGE('',*,*,#2077,.F.);
#632=ORIENTED_EDGE('',*,*,#2073,.F.);
#633=ORIENTED_EDGE('',*,*,#2075,.T.);
#634=ORIENTED_EDGE('',*,*,#2071,.F.);
#635=ORIENTED_EDGE('',*,*,#2078,.F.);
#636=ORIENTED_EDGE('',*,*,#2053,.F.);
#637=ORIENTED_EDGE('',*,*,#2077,.T.);
#638=ORIENTED_EDGE('',*,*,#2041,.F.);
#639=ORIENTED_EDGE('',*,*,#2079,.F.);
#640=ORIENTED_EDGE('',*,*,#2068,.F.);
#641=ORIENTED_EDGE('',*,*,#2078,.T.);
#642=ORIENTED_EDGE('',*,*,#2070,.F.);
#643=ORIENTED_EDGE('',*,*,#2080,.F.);
#644=ORIENTED_EDGE('',*,*,#2057,.F.);
#645=ORIENTED_EDGE('',*,*,#2079,.T.);
#646=ORIENTED_EDGE('',*,*,#2037,.F.);
#647=ORIENTED_EDGE('',*,*,#2080,.T.);
#648=ORIENTED_EDGE('',*,*,#2069,.F.);
#649=ORIENTED_EDGE('',*,*,#2081,.T.);
#650=ORIENTED_EDGE('',*,*,#2082,.T.);
#651=ORIENTED_EDGE('',*,*,#2083,.T.);
#652=ORIENTED_EDGE('',*,*,#2074,.F.);
#653=ORIENTED_EDGE('',*,*,#2082,.F.);
#654=ORIENTED_EDGE('',*,*,#2081,.F.);
#655=ORIENTED_EDGE('',*,*,#2083,.F.);
#656=ORIENTED_EDGE('',*,*,#2084,.F.);
#657=ORIENTED_EDGE('',*,*,#2085,.F.);
#658=ORIENTED_EDGE('',*,*,#2086,.F.);
#659=ORIENTED_EDGE('',*,*,#2087,.T.);
#660=ORIENTED_EDGE('',*,*,#2088,.T.);
#661=ORIENTED_EDGE('',*,*,#2085,.T.);
#662=ORIENTED_EDGE('',*,*,#2089,.T.);
#663=ORIENTED_EDGE('',*,*,#2090,.T.);
#664=ORIENTED_EDGE('',*,*,#2091,.F.);
#665=ORIENTED_EDGE('',*,*,#2092,.T.);
#666=ORIENTED_EDGE('',*,*,#2093,.F.);
#667=ORIENTED_EDGE('',*,*,#2094,.T.);
#668=ORIENTED_EDGE('',*,*,#2093,.T.);
#669=ORIENTED_EDGE('',*,*,#2095,.T.);
#670=ORIENTED_EDGE('',*,*,#2092,.F.);
#671=ORIENTED_EDGE('',*,*,#2096,.T.);
#672=ORIENTED_EDGE('',*,*,#2091,.T.);
#673=ORIENTED_EDGE('',*,*,#2097,.T.);
#674=ORIENTED_EDGE('',*,*,#2086,.T.);
#675=ORIENTED_EDGE('',*,*,#2096,.F.);
#676=ORIENTED_EDGE('',*,*,#2084,.T.);
#677=ORIENTED_EDGE('',*,*,#2088,.F.);
#678=ORIENTED_EDGE('',*,*,#2098,.F.);
#679=ORIENTED_EDGE('',*,*,#2089,.F.);
#680=ORIENTED_EDGE('',*,*,#2097,.F.);
#681=ORIENTED_EDGE('',*,*,#2090,.F.);
#682=ORIENTED_EDGE('',*,*,#2098,.T.);
#683=ORIENTED_EDGE('',*,*,#2087,.F.);
#684=ORIENTED_EDGE('',*,*,#2094,.F.);
#685=ORIENTED_EDGE('',*,*,#2095,.F.);
#686=ORIENTED_EDGE('',*,*,#2099,.F.);
#687=ORIENTED_EDGE('',*,*,#2100,.F.);
#688=ORIENTED_EDGE('',*,*,#2101,.F.);
#689=ORIENTED_EDGE('',*,*,#2102,.T.);
#690=ORIENTED_EDGE('',*,*,#2103,.T.);
#691=ORIENTED_EDGE('',*,*,#2100,.T.);
#692=ORIENTED_EDGE('',*,*,#2104,.T.);
#693=ORIENTED_EDGE('',*,*,#2105,.T.);
#694=ORIENTED_EDGE('',*,*,#2106,.F.);
#695=ORIENTED_EDGE('',*,*,#2107,.T.);
#696=ORIENTED_EDGE('',*,*,#2108,.F.);
#697=ORIENTED_EDGE('',*,*,#2109,.T.);
#698=ORIENTED_EDGE('',*,*,#2108,.T.);
#699=ORIENTED_EDGE('',*,*,#2110,.T.);
#700=ORIENTED_EDGE('',*,*,#2107,.F.);
#701=ORIENTED_EDGE('',*,*,#2111,.T.);
#702=ORIENTED_EDGE('',*,*,#2106,.T.);
#703=ORIENTED_EDGE('',*,*,#2112,.T.);
#704=ORIENTED_EDGE('',*,*,#2101,.T.);
#705=ORIENTED_EDGE('',*,*,#2111,.F.);
#706=ORIENTED_EDGE('',*,*,#2099,.T.);
#707=ORIENTED_EDGE('',*,*,#2103,.F.);
#708=ORIENTED_EDGE('',*,*,#2113,.F.);
#709=ORIENTED_EDGE('',*,*,#2104,.F.);
#710=ORIENTED_EDGE('',*,*,#2112,.F.);
#711=ORIENTED_EDGE('',*,*,#2105,.F.);
#712=ORIENTED_EDGE('',*,*,#2113,.T.);
#713=ORIENTED_EDGE('',*,*,#2102,.F.);
#714=ORIENTED_EDGE('',*,*,#2109,.F.);
#715=ORIENTED_EDGE('',*,*,#2110,.F.);
#716=ORIENTED_EDGE('',*,*,#2114,.F.);
#717=ORIENTED_EDGE('',*,*,#2115,.F.);
#718=ORIENTED_EDGE('',*,*,#2116,.T.);
#719=ORIENTED_EDGE('',*,*,#2117,.F.);
#720=ORIENTED_EDGE('',*,*,#2118,.F.);
#721=ORIENTED_EDGE('',*,*,#2119,.T.);
#722=ORIENTED_EDGE('',*,*,#2120,.F.);
#723=ORIENTED_EDGE('',*,*,#2121,.F.);
#724=ORIENTED_EDGE('',*,*,#2122,.T.);
#725=ORIENTED_EDGE('',*,*,#2123,.F.);
#726=ORIENTED_EDGE('',*,*,#2124,.F.);
#727=ORIENTED_EDGE('',*,*,#2125,.T.);
#728=ORIENTED_EDGE('',*,*,#2126,.F.);
#729=ORIENTED_EDGE('',*,*,#2127,.F.);
#730=ORIENTED_EDGE('',*,*,#2128,.F.);
#731=ORIENTED_EDGE('',*,*,#2129,.T.);
#732=ORIENTED_EDGE('',*,*,#2130,.T.);
#733=ORIENTED_EDGE('',*,*,#2131,.T.);
#734=ORIENTED_EDGE('',*,*,#2132,.T.);
#735=ORIENTED_EDGE('',*,*,#2133,.T.);
#736=ORIENTED_EDGE('',*,*,#2134,.T.);
#737=ORIENTED_EDGE('',*,*,#2135,.T.);
#738=ORIENTED_EDGE('',*,*,#2136,.T.);
#739=ORIENTED_EDGE('',*,*,#2137,.F.);
#740=ORIENTED_EDGE('',*,*,#2138,.T.);
#741=ORIENTED_EDGE('',*,*,#2139,.T.);
#742=ORIENTED_EDGE('',*,*,#2140,.F.);
#743=ORIENTED_EDGE('',*,*,#2141,.T.);
#744=ORIENTED_EDGE('',*,*,#2142,.F.);
#745=ORIENTED_EDGE('',*,*,#2143,.T.);
#746=ORIENTED_EDGE('',*,*,#2144,.T.);
#747=ORIENTED_EDGE('',*,*,#2145,.F.);
#748=ORIENTED_EDGE('',*,*,#2146,.T.);
#749=ORIENTED_EDGE('',*,*,#2147,.F.);
#750=ORIENTED_EDGE('',*,*,#2148,.F.);
#751=ORIENTED_EDGE('',*,*,#2149,.F.);
#752=ORIENTED_EDGE('',*,*,#2150,.T.);
#753=ORIENTED_EDGE('',*,*,#2151,.T.);
#754=ORIENTED_EDGE('',*,*,#2152,.F.);
#755=ORIENTED_EDGE('',*,*,#2153,.F.);
#756=ORIENTED_EDGE('',*,*,#2154,.F.);
#757=ORIENTED_EDGE('',*,*,#2155,.F.);
#758=ORIENTED_EDGE('',*,*,#2156,.F.);
#759=ORIENTED_EDGE('',*,*,#2155,.T.);
#760=ORIENTED_EDGE('',*,*,#2157,.F.);
#761=ORIENTED_EDGE('',*,*,#2156,.T.);
#762=ORIENTED_EDGE('',*,*,#2157,.T.);
#763=ORIENTED_EDGE('',*,*,#2133,.F.);
#764=ORIENTED_EDGE('',*,*,#2158,.T.);
#765=ORIENTED_EDGE('',*,*,#2127,.T.);
#766=ORIENTED_EDGE('',*,*,#2159,.T.);
#767=ORIENTED_EDGE('',*,*,#2160,.F.);
#768=ORIENTED_EDGE('',*,*,#2136,.F.);
#769=ORIENTED_EDGE('',*,*,#2161,.T.);
#770=ORIENTED_EDGE('',*,*,#2128,.T.);
#771=ORIENTED_EDGE('',*,*,#2158,.F.);
#772=ORIENTED_EDGE('',*,*,#2135,.F.);
#773=ORIENTED_EDGE('',*,*,#2154,.T.);
#774=ORIENTED_EDGE('',*,*,#2162,.T.);
#775=ORIENTED_EDGE('',*,*,#2129,.F.);
#776=ORIENTED_EDGE('',*,*,#2161,.F.);
#777=ORIENTED_EDGE('',*,*,#2153,.T.);
#778=ORIENTED_EDGE('',*,*,#2163,.T.);
#779=ORIENTED_EDGE('',*,*,#2130,.F.);
#780=ORIENTED_EDGE('',*,*,#2162,.F.);
#781=ORIENTED_EDGE('',*,*,#2152,.T.);
#782=ORIENTED_EDGE('',*,*,#2164,.T.);
#783=ORIENTED_EDGE('',*,*,#2165,.F.);
#784=ORIENTED_EDGE('',*,*,#2131,.F.);
#785=ORIENTED_EDGE('',*,*,#2163,.F.);
#786=ORIENTED_EDGE('',*,*,#2166,.T.);
#787=ORIENTED_EDGE('',*,*,#2167,.T.);
#788=ORIENTED_EDGE('',*,*,#2168,.T.);
#789=ORIENTED_EDGE('',*,*,#2164,.F.);
#790=ORIENTED_EDGE('',*,*,#2151,.F.);
#791=ORIENTED_EDGE('',*,*,#2169,.T.);
#792=ORIENTED_EDGE('',*,*,#2170,.T.);
#793=ORIENTED_EDGE('',*,*,#2166,.F.);
#794=ORIENTED_EDGE('',*,*,#2150,.F.);
#795=ORIENTED_EDGE('',*,*,#2149,.T.);
#796=ORIENTED_EDGE('',*,*,#2171,.T.);
#797=ORIENTED_EDGE('',*,*,#2172,.F.);
#798=ORIENTED_EDGE('',*,*,#2169,.F.);
#799=ORIENTED_EDGE('',*,*,#2148,.T.);
#800=ORIENTED_EDGE('',*,*,#2173,.T.);
#801=ORIENTED_EDGE('',*,*,#2174,.F.);
#802=ORIENTED_EDGE('',*,*,#2171,.F.);
#803=ORIENTED_EDGE('',*,*,#2147,.T.);
#804=ORIENTED_EDGE('',*,*,#2175,.T.);
#805=ORIENTED_EDGE('',*,*,#2176,.F.);
#806=ORIENTED_EDGE('',*,*,#2177,.F.);
#807=ORIENTED_EDGE('',*,*,#2173,.F.);
#808=ORIENTED_EDGE('',*,*,#2178,.T.);
#809=ORIENTED_EDGE('',*,*,#2115,.T.);
#810=ORIENTED_EDGE('',*,*,#2179,.T.);
#811=ORIENTED_EDGE('',*,*,#2175,.F.);
#812=ORIENTED_EDGE('',*,*,#2146,.F.);
#813=ORIENTED_EDGE('',*,*,#2145,.T.);
#814=ORIENTED_EDGE('',*,*,#2180,.T.);
#815=ORIENTED_EDGE('',*,*,#2116,.F.);
#816=ORIENTED_EDGE('',*,*,#2178,.F.);
#817=ORIENTED_EDGE('',*,*,#2181,.T.);
#818=ORIENTED_EDGE('',*,*,#2117,.T.);
#819=ORIENTED_EDGE('',*,*,#2180,.F.);
#820=ORIENTED_EDGE('',*,*,#2144,.F.);
#821=ORIENTED_EDGE('',*,*,#2182,.T.);
#822=ORIENTED_EDGE('',*,*,#2118,.T.);
#823=ORIENTED_EDGE('',*,*,#2181,.F.);
#824=ORIENTED_EDGE('',*,*,#2143,.F.);
#825=ORIENTED_EDGE('',*,*,#2142,.T.);
#826=ORIENTED_EDGE('',*,*,#2183,.T.);
#827=ORIENTED_EDGE('',*,*,#2184,.F.);
#828=ORIENTED_EDGE('',*,*,#2119,.F.);
#829=ORIENTED_EDGE('',*,*,#2182,.F.);
#830=ORIENTED_EDGE('',*,*,#2185,.T.);
#831=ORIENTED_EDGE('',*,*,#2121,.T.);
#832=ORIENTED_EDGE('',*,*,#2186,.T.);
#833=ORIENTED_EDGE('',*,*,#2183,.F.);
#834=ORIENTED_EDGE('',*,*,#2141,.F.);
#835=ORIENTED_EDGE('',*,*,#2140,.T.);
#836=ORIENTED_EDGE('',*,*,#2187,.T.);
#837=ORIENTED_EDGE('',*,*,#2122,.F.);
#838=ORIENTED_EDGE('',*,*,#2185,.F.);
#839=ORIENTED_EDGE('',*,*,#2188,.T.);
#840=ORIENTED_EDGE('',*,*,#2123,.T.);
#841=ORIENTED_EDGE('',*,*,#2187,.F.);
#842=ORIENTED_EDGE('',*,*,#2139,.F.);
#843=ORIENTED_EDGE('',*,*,#2189,.T.);
#844=ORIENTED_EDGE('',*,*,#2124,.T.);
#845=ORIENTED_EDGE('',*,*,#2188,.F.);
#846=ORIENTED_EDGE('',*,*,#2138,.F.);
#847=ORIENTED_EDGE('',*,*,#2137,.T.);
#848=ORIENTED_EDGE('',*,*,#2160,.T.);
#849=ORIENTED_EDGE('',*,*,#2190,.F.);
#850=ORIENTED_EDGE('',*,*,#2125,.F.);
#851=ORIENTED_EDGE('',*,*,#2189,.F.);
#852=ORIENTED_EDGE('',*,*,#2191,.F.);
#853=ORIENTED_EDGE('',*,*,#2167,.F.);
#854=ORIENTED_EDGE('',*,*,#2170,.F.);
#855=ORIENTED_EDGE('',*,*,#2172,.T.);
#856=ORIENTED_EDGE('',*,*,#2174,.T.);
#857=ORIENTED_EDGE('',*,*,#2177,.T.);
#858=ORIENTED_EDGE('',*,*,#2176,.T.);
#859=ORIENTED_EDGE('',*,*,#2179,.F.);
#860=ORIENTED_EDGE('',*,*,#2114,.T.);
#861=ORIENTED_EDGE('',*,*,#2184,.T.);
#862=ORIENTED_EDGE('',*,*,#2186,.F.);
#863=ORIENTED_EDGE('',*,*,#2120,.T.);
#864=ORIENTED_EDGE('',*,*,#2190,.T.);
#865=ORIENTED_EDGE('',*,*,#2159,.F.);
#866=ORIENTED_EDGE('',*,*,#2126,.T.);
#867=ORIENTED_EDGE('',*,*,#2165,.T.);
#868=ORIENTED_EDGE('',*,*,#2168,.F.);
#869=ORIENTED_EDGE('',*,*,#2191,.T.);
#870=ORIENTED_EDGE('',*,*,#2132,.F.);
#871=ORIENTED_EDGE('',*,*,#2134,.F.);
#872=ORIENTED_EDGE('',*,*,#2192,.F.);
#873=ORIENTED_EDGE('',*,*,#2193,.F.);
#874=ORIENTED_EDGE('',*,*,#2194,.F.);
#875=ORIENTED_EDGE('',*,*,#2195,.F.);
#876=ORIENTED_EDGE('',*,*,#2196,.T.);
#877=ORIENTED_EDGE('',*,*,#2197,.F.);
#878=ORIENTED_EDGE('',*,*,#2198,.F.);
#879=ORIENTED_EDGE('',*,*,#2199,.T.);
#880=ORIENTED_EDGE('',*,*,#2200,.F.);
#881=ORIENTED_EDGE('',*,*,#2201,.F.);
#882=ORIENTED_EDGE('',*,*,#2202,.F.);
#883=ORIENTED_EDGE('',*,*,#2203,.F.);
#884=ORIENTED_EDGE('',*,*,#2204,.F.);
#885=ORIENTED_EDGE('',*,*,#2205,.F.);
#886=ORIENTED_EDGE('',*,*,#2196,.F.);
#887=ORIENTED_EDGE('',*,*,#2206,.F.);
#888=ORIENTED_EDGE('',*,*,#2207,.F.);
#889=ORIENTED_EDGE('',*,*,#2208,.F.);
#890=ORIENTED_EDGE('',*,*,#2209,.F.);
#891=ORIENTED_EDGE('',*,*,#2210,.F.);
#892=ORIENTED_EDGE('',*,*,#2205,.T.);
#893=ORIENTED_EDGE('',*,*,#2211,.F.);
#894=ORIENTED_EDGE('',*,*,#2212,.F.);
#895=ORIENTED_EDGE('',*,*,#2197,.T.);
#896=ORIENTED_EDGE('',*,*,#2213,.T.);
#897=ORIENTED_EDGE('',*,*,#2214,.T.);
#898=ORIENTED_EDGE('',*,*,#2198,.T.);
#899=ORIENTED_EDGE('',*,*,#2212,.T.);
#900=ORIENTED_EDGE('',*,*,#2215,.F.);
#901=ORIENTED_EDGE('',*,*,#2216,.F.);
#902=ORIENTED_EDGE('',*,*,#2217,.F.);
#903=ORIENTED_EDGE('',*,*,#2218,.F.);
#904=ORIENTED_EDGE('',*,*,#2219,.F.);
#905=ORIENTED_EDGE('',*,*,#2220,.F.);
#906=ORIENTED_EDGE('',*,*,#2221,.F.);
#907=ORIENTED_EDGE('',*,*,#2222,.F.);
#908=ORIENTED_EDGE('',*,*,#2206,.T.);
#909=ORIENTED_EDGE('',*,*,#2199,.F.);
#910=ORIENTED_EDGE('',*,*,#2214,.F.);
#911=ORIENTED_EDGE('',*,*,#2223,.T.);
#912=ORIENTED_EDGE('',*,*,#2224,.F.);
#913=ORIENTED_EDGE('',*,*,#2225,.F.);
#914=ORIENTED_EDGE('',*,*,#2226,.F.);
#915=ORIENTED_EDGE('',*,*,#2227,.F.);
#916=ORIENTED_EDGE('',*,*,#2204,.T.);
#917=ORIENTED_EDGE('',*,*,#2223,.F.);
#918=ORIENTED_EDGE('',*,*,#2213,.F.);
#919=ORIENTED_EDGE('',*,*,#2211,.T.);
#920=ORIENTED_EDGE('',*,*,#2200,.T.);
#921=ORIENTED_EDGE('',*,*,#2228,.F.);
#922=ORIENTED_EDGE('',*,*,#2229,.F.);
#923=ORIENTED_EDGE('',*,*,#2230,.T.);
#924=ORIENTED_EDGE('',*,*,#2201,.T.);
#925=ORIENTED_EDGE('',*,*,#2230,.F.);
#926=ORIENTED_EDGE('',*,*,#2231,.F.);
#927=ORIENTED_EDGE('',*,*,#2232,.T.);
#928=ORIENTED_EDGE('',*,*,#2202,.T.);
#929=ORIENTED_EDGE('',*,*,#2232,.F.);
#930=ORIENTED_EDGE('',*,*,#2233,.F.);
#931=ORIENTED_EDGE('',*,*,#2234,.T.);
#932=ORIENTED_EDGE('',*,*,#2203,.T.);
#933=ORIENTED_EDGE('',*,*,#2234,.F.);
#934=ORIENTED_EDGE('',*,*,#2235,.F.);
#935=ORIENTED_EDGE('',*,*,#2228,.T.);
#936=ORIENTED_EDGE('',*,*,#2207,.T.);
#937=ORIENTED_EDGE('',*,*,#2236,.F.);
#938=ORIENTED_EDGE('',*,*,#2237,.F.);
#939=ORIENTED_EDGE('',*,*,#2238,.T.);
#940=ORIENTED_EDGE('',*,*,#2208,.T.);
#941=ORIENTED_EDGE('',*,*,#2238,.F.);
#942=ORIENTED_EDGE('',*,*,#2239,.F.);
#943=ORIENTED_EDGE('',*,*,#2240,.T.);
#944=ORIENTED_EDGE('',*,*,#2209,.T.);
#945=ORIENTED_EDGE('',*,*,#2240,.F.);
#946=ORIENTED_EDGE('',*,*,#2241,.F.);
#947=ORIENTED_EDGE('',*,*,#2242,.T.);
#948=ORIENTED_EDGE('',*,*,#2210,.T.);
#949=ORIENTED_EDGE('',*,*,#2242,.F.);
#950=ORIENTED_EDGE('',*,*,#2243,.F.);
#951=ORIENTED_EDGE('',*,*,#2236,.T.);
#952=ORIENTED_EDGE('',*,*,#2215,.T.);
#953=ORIENTED_EDGE('',*,*,#2244,.F.);
#954=ORIENTED_EDGE('',*,*,#2245,.F.);
#955=ORIENTED_EDGE('',*,*,#2246,.T.);
#956=ORIENTED_EDGE('',*,*,#2216,.T.);
#957=ORIENTED_EDGE('',*,*,#2246,.F.);
#958=ORIENTED_EDGE('',*,*,#2247,.F.);
#959=ORIENTED_EDGE('',*,*,#2248,.T.);
#960=ORIENTED_EDGE('',*,*,#2217,.T.);
#961=ORIENTED_EDGE('',*,*,#2248,.F.);
#962=ORIENTED_EDGE('',*,*,#2249,.F.);
#963=ORIENTED_EDGE('',*,*,#2250,.T.);
#964=ORIENTED_EDGE('',*,*,#2218,.T.);
#965=ORIENTED_EDGE('',*,*,#2250,.F.);
#966=ORIENTED_EDGE('',*,*,#2251,.F.);
#967=ORIENTED_EDGE('',*,*,#2244,.T.);
#968=ORIENTED_EDGE('',*,*,#2219,.T.);
#969=ORIENTED_EDGE('',*,*,#2252,.F.);
#970=ORIENTED_EDGE('',*,*,#2253,.F.);
#971=ORIENTED_EDGE('',*,*,#2254,.T.);
#972=ORIENTED_EDGE('',*,*,#2220,.T.);
#973=ORIENTED_EDGE('',*,*,#2254,.F.);
#974=ORIENTED_EDGE('',*,*,#2255,.F.);
#975=ORIENTED_EDGE('',*,*,#2256,.T.);
#976=ORIENTED_EDGE('',*,*,#2221,.T.);
#977=ORIENTED_EDGE('',*,*,#2256,.F.);
#978=ORIENTED_EDGE('',*,*,#2257,.F.);
#979=ORIENTED_EDGE('',*,*,#2258,.T.);
#980=ORIENTED_EDGE('',*,*,#2222,.T.);
#981=ORIENTED_EDGE('',*,*,#2258,.F.);
#982=ORIENTED_EDGE('',*,*,#2259,.F.);
#983=ORIENTED_EDGE('',*,*,#2252,.T.);
#984=ORIENTED_EDGE('',*,*,#2224,.T.);
#985=ORIENTED_EDGE('',*,*,#2260,.F.);
#986=ORIENTED_EDGE('',*,*,#2261,.F.);
#987=ORIENTED_EDGE('',*,*,#2262,.T.);
#988=ORIENTED_EDGE('',*,*,#2225,.T.);
#989=ORIENTED_EDGE('',*,*,#2262,.F.);
#990=ORIENTED_EDGE('',*,*,#2263,.F.);
#991=ORIENTED_EDGE('',*,*,#2264,.T.);
#992=ORIENTED_EDGE('',*,*,#2226,.T.);
#993=ORIENTED_EDGE('',*,*,#2264,.F.);
#994=ORIENTED_EDGE('',*,*,#2265,.F.);
#995=ORIENTED_EDGE('',*,*,#2266,.T.);
#996=ORIENTED_EDGE('',*,*,#2227,.T.);
#997=ORIENTED_EDGE('',*,*,#2266,.F.);
#998=ORIENTED_EDGE('',*,*,#2267,.F.);
#999=ORIENTED_EDGE('',*,*,#2260,.T.);
#1000=ORIENTED_EDGE('',*,*,#2268,.T.);
#1001=ORIENTED_EDGE('',*,*,#2269,.T.);
#1002=ORIENTED_EDGE('',*,*,#2270,.T.);
#1003=ORIENTED_EDGE('',*,*,#2271,.T.);
#1004=ORIENTED_EDGE('',*,*,#2229,.T.);
#1005=ORIENTED_EDGE('',*,*,#2235,.T.);
#1006=ORIENTED_EDGE('',*,*,#2233,.T.);
#1007=ORIENTED_EDGE('',*,*,#2231,.T.);
#1008=ORIENTED_EDGE('',*,*,#2272,.T.);
#1009=ORIENTED_EDGE('',*,*,#2273,.T.);
#1010=ORIENTED_EDGE('',*,*,#2274,.T.);
#1011=ORIENTED_EDGE('',*,*,#2275,.T.);
#1012=ORIENTED_EDGE('',*,*,#2237,.T.);
#1013=ORIENTED_EDGE('',*,*,#2243,.T.);
#1014=ORIENTED_EDGE('',*,*,#2241,.T.);
#1015=ORIENTED_EDGE('',*,*,#2239,.T.);
#1016=ORIENTED_EDGE('',*,*,#2276,.T.);
#1017=ORIENTED_EDGE('',*,*,#2277,.T.);
#1018=ORIENTED_EDGE('',*,*,#2278,.T.);
#1019=ORIENTED_EDGE('',*,*,#2279,.T.);
#1020=ORIENTED_EDGE('',*,*,#2245,.T.);
#1021=ORIENTED_EDGE('',*,*,#2251,.T.);
#1022=ORIENTED_EDGE('',*,*,#2249,.T.);
#1023=ORIENTED_EDGE('',*,*,#2247,.T.);
#1024=ORIENTED_EDGE('',*,*,#2280,.T.);
#1025=ORIENTED_EDGE('',*,*,#2281,.T.);
#1026=ORIENTED_EDGE('',*,*,#2282,.T.);
#1027=ORIENTED_EDGE('',*,*,#2283,.T.);
#1028=ORIENTED_EDGE('',*,*,#2253,.T.);
#1029=ORIENTED_EDGE('',*,*,#2259,.T.);
#1030=ORIENTED_EDGE('',*,*,#2257,.T.);
#1031=ORIENTED_EDGE('',*,*,#2255,.T.);
#1032=ORIENTED_EDGE('',*,*,#2284,.T.);
#1033=ORIENTED_EDGE('',*,*,#2285,.T.);
#1034=ORIENTED_EDGE('',*,*,#2286,.T.);
#1035=ORIENTED_EDGE('',*,*,#2287,.T.);
#1036=ORIENTED_EDGE('',*,*,#2261,.T.);
#1037=ORIENTED_EDGE('',*,*,#2267,.T.);
#1038=ORIENTED_EDGE('',*,*,#2265,.T.);
#1039=ORIENTED_EDGE('',*,*,#2263,.T.);
#1040=ORIENTED_EDGE('',*,*,#2288,.T.);
#1041=ORIENTED_EDGE('',*,*,#2289,.T.);
#1042=ORIENTED_EDGE('',*,*,#2290,.T.);
#1043=ORIENTED_EDGE('',*,*,#2291,.T.);
#1044=ORIENTED_EDGE('',*,*,#2292,.T.);
#1045=ORIENTED_EDGE('',*,*,#2293,.T.);
#1046=ORIENTED_EDGE('',*,*,#2294,.T.);
#1047=ORIENTED_EDGE('',*,*,#2295,.T.);
#1048=ORIENTED_EDGE('',*,*,#2193,.T.);
#1049=ORIENTED_EDGE('',*,*,#2296,.F.);
#1050=ORIENTED_EDGE('',*,*,#2295,.F.);
#1051=ORIENTED_EDGE('',*,*,#2297,.T.);
#1052=ORIENTED_EDGE('',*,*,#2194,.T.);
#1053=ORIENTED_EDGE('',*,*,#2297,.F.);
#1054=ORIENTED_EDGE('',*,*,#2294,.F.);
#1055=ORIENTED_EDGE('',*,*,#2298,.T.);
#1056=ORIENTED_EDGE('',*,*,#2195,.T.);
#1057=ORIENTED_EDGE('',*,*,#2298,.F.);
#1058=ORIENTED_EDGE('',*,*,#2293,.F.);
#1059=ORIENTED_EDGE('',*,*,#2299,.T.);
#1060=ORIENTED_EDGE('',*,*,#2192,.T.);
#1061=ORIENTED_EDGE('',*,*,#2299,.F.);
#1062=ORIENTED_EDGE('',*,*,#2292,.F.);
#1063=ORIENTED_EDGE('',*,*,#2296,.T.);
#1064=ORIENTED_EDGE('',*,*,#2300,.F.);
#1065=ORIENTED_EDGE('',*,*,#2300,.T.);
#1066=ORIENTED_EDGE('',*,*,#2279,.F.);
#1067=ORIENTED_EDGE('',*,*,#2301,.F.);
#1068=ORIENTED_EDGE('',*,*,#2301,.T.);
#1069=ORIENTED_EDGE('',*,*,#2278,.F.);
#1070=ORIENTED_EDGE('',*,*,#2302,.F.);
#1071=ORIENTED_EDGE('',*,*,#2302,.T.);
#1072=ORIENTED_EDGE('',*,*,#2277,.F.);
#1073=ORIENTED_EDGE('',*,*,#2303,.F.);
#1074=ORIENTED_EDGE('',*,*,#2303,.T.);
#1075=ORIENTED_EDGE('',*,*,#2276,.F.);
#1076=ORIENTED_EDGE('',*,*,#2304,.F.);
#1077=ORIENTED_EDGE('',*,*,#2304,.T.);
#1078=ORIENTED_EDGE('',*,*,#2271,.F.);
#1079=ORIENTED_EDGE('',*,*,#2305,.F.);
#1080=ORIENTED_EDGE('',*,*,#2305,.T.);
#1081=ORIENTED_EDGE('',*,*,#2270,.F.);
#1082=ORIENTED_EDGE('',*,*,#2306,.F.);
#1083=ORIENTED_EDGE('',*,*,#2306,.T.);
#1084=ORIENTED_EDGE('',*,*,#2269,.F.);
#1085=ORIENTED_EDGE('',*,*,#2307,.F.);
#1086=ORIENTED_EDGE('',*,*,#2307,.T.);
#1087=ORIENTED_EDGE('',*,*,#2268,.F.);
#1088=ORIENTED_EDGE('',*,*,#2308,.F.);
#1089=ORIENTED_EDGE('',*,*,#2308,.T.);
#1090=ORIENTED_EDGE('',*,*,#2291,.F.);
#1091=ORIENTED_EDGE('',*,*,#2309,.F.);
#1092=ORIENTED_EDGE('',*,*,#2309,.T.);
#1093=ORIENTED_EDGE('',*,*,#2290,.F.);
#1094=ORIENTED_EDGE('',*,*,#2310,.F.);
#1095=ORIENTED_EDGE('',*,*,#2310,.T.);
#1096=ORIENTED_EDGE('',*,*,#2289,.F.);
#1097=ORIENTED_EDGE('',*,*,#2311,.F.);
#1098=ORIENTED_EDGE('',*,*,#2311,.T.);
#1099=ORIENTED_EDGE('',*,*,#2288,.F.);
#1100=ORIENTED_EDGE('',*,*,#2312,.F.);
#1101=ORIENTED_EDGE('',*,*,#2312,.T.);
#1102=ORIENTED_EDGE('',*,*,#2275,.F.);
#1103=ORIENTED_EDGE('',*,*,#2313,.F.);
#1104=ORIENTED_EDGE('',*,*,#2313,.T.);
#1105=ORIENTED_EDGE('',*,*,#2274,.F.);
#1106=ORIENTED_EDGE('',*,*,#2314,.F.);
#1107=ORIENTED_EDGE('',*,*,#2314,.T.);
#1108=ORIENTED_EDGE('',*,*,#2273,.F.);
#1109=ORIENTED_EDGE('',*,*,#2315,.F.);
#1110=ORIENTED_EDGE('',*,*,#2315,.T.);
#1111=ORIENTED_EDGE('',*,*,#2272,.F.);
#1112=ORIENTED_EDGE('',*,*,#2316,.F.);
#1113=ORIENTED_EDGE('',*,*,#2316,.T.);
#1114=ORIENTED_EDGE('',*,*,#2287,.F.);
#1115=ORIENTED_EDGE('',*,*,#2317,.F.);
#1116=ORIENTED_EDGE('',*,*,#2317,.T.);
#1117=ORIENTED_EDGE('',*,*,#2286,.F.);
#1118=ORIENTED_EDGE('',*,*,#2318,.F.);
#1119=ORIENTED_EDGE('',*,*,#2318,.T.);
#1120=ORIENTED_EDGE('',*,*,#2285,.F.);
#1121=ORIENTED_EDGE('',*,*,#2319,.F.);
#1122=ORIENTED_EDGE('',*,*,#2319,.T.);
#1123=ORIENTED_EDGE('',*,*,#2284,.F.);
#1124=ORIENTED_EDGE('',*,*,#2320,.F.);
#1125=ORIENTED_EDGE('',*,*,#2320,.T.);
#1126=ORIENTED_EDGE('',*,*,#2283,.F.);
#1127=ORIENTED_EDGE('',*,*,#2321,.F.);
#1128=ORIENTED_EDGE('',*,*,#2321,.T.);
#1129=ORIENTED_EDGE('',*,*,#2282,.F.);
#1130=ORIENTED_EDGE('',*,*,#2322,.F.);
#1131=ORIENTED_EDGE('',*,*,#2322,.T.);
#1132=ORIENTED_EDGE('',*,*,#2281,.F.);
#1133=ORIENTED_EDGE('',*,*,#2323,.F.);
#1134=ORIENTED_EDGE('',*,*,#2323,.T.);
#1135=ORIENTED_EDGE('',*,*,#2280,.F.);
#1136=ORIENTED_EDGE('',*,*,#2324,.F.);
#1137=ORIENTED_EDGE('',*,*,#2325,.F.);
#1138=ORIENTED_EDGE('',*,*,#2326,.F.);
#1139=ORIENTED_EDGE('',*,*,#2327,.F.);
#1140=ORIENTED_EDGE('',*,*,#2328,.F.);
#1141=ORIENTED_EDGE('',*,*,#2329,.F.);
#1142=ORIENTED_EDGE('',*,*,#2330,.F.);
#1143=ORIENTED_EDGE('',*,*,#2331,.F.);
#1144=ORIENTED_EDGE('',*,*,#2332,.F.);
#1145=ORIENTED_EDGE('',*,*,#2333,.F.);
#1146=ORIENTED_EDGE('',*,*,#2334,.F.);
#1147=ORIENTED_EDGE('',*,*,#2335,.F.);
#1148=ORIENTED_EDGE('',*,*,#2336,.F.);
#1149=ORIENTED_EDGE('',*,*,#2337,.F.);
#1150=ORIENTED_EDGE('',*,*,#2338,.F.);
#1151=ORIENTED_EDGE('',*,*,#2339,.F.);
#1152=ORIENTED_EDGE('',*,*,#2340,.F.);
#1153=ORIENTED_EDGE('',*,*,#2341,.F.);
#1154=ORIENTED_EDGE('',*,*,#2342,.F.);
#1155=ORIENTED_EDGE('',*,*,#2343,.F.);
#1156=ORIENTED_EDGE('',*,*,#2344,.T.);
#1157=ORIENTED_EDGE('',*,*,#2345,.T.);
#1158=ORIENTED_EDGE('',*,*,#2346,.T.);
#1159=ORIENTED_EDGE('',*,*,#2347,.T.);
#1160=ORIENTED_EDGE('',*,*,#2348,.T.);
#1161=ORIENTED_EDGE('',*,*,#2349,.T.);
#1162=ORIENTED_EDGE('',*,*,#2350,.T.);
#1163=ORIENTED_EDGE('',*,*,#2351,.T.);
#1164=ORIENTED_EDGE('',*,*,#2352,.T.);
#1165=ORIENTED_EDGE('',*,*,#2353,.T.);
#1166=ORIENTED_EDGE('',*,*,#2354,.T.);
#1167=ORIENTED_EDGE('',*,*,#2355,.T.);
#1168=ORIENTED_EDGE('',*,*,#2356,.T.);
#1169=ORIENTED_EDGE('',*,*,#2357,.T.);
#1170=ORIENTED_EDGE('',*,*,#2358,.T.);
#1171=ORIENTED_EDGE('',*,*,#2359,.T.);
#1172=ORIENTED_EDGE('',*,*,#2360,.T.);
#1173=ORIENTED_EDGE('',*,*,#2361,.T.);
#1174=ORIENTED_EDGE('',*,*,#2362,.T.);
#1175=ORIENTED_EDGE('',*,*,#2363,.T.);
#1176=ORIENTED_EDGE('',*,*,#2364,.F.);
#1177=ORIENTED_EDGE('',*,*,#2365,.F.);
#1178=ORIENTED_EDGE('',*,*,#2366,.F.);
#1179=ORIENTED_EDGE('',*,*,#2367,.F.);
#1180=ORIENTED_EDGE('',*,*,#2368,.F.);
#1181=ORIENTED_EDGE('',*,*,#2369,.F.);
#1182=ORIENTED_EDGE('',*,*,#2370,.F.);
#1183=ORIENTED_EDGE('',*,*,#2371,.F.);
#1184=ORIENTED_EDGE('',*,*,#2372,.F.);
#1185=ORIENTED_EDGE('',*,*,#2373,.F.);
#1186=ORIENTED_EDGE('',*,*,#2374,.F.);
#1187=ORIENTED_EDGE('',*,*,#2375,.F.);
#1188=ORIENTED_EDGE('',*,*,#2376,.F.);
#1189=ORIENTED_EDGE('',*,*,#2377,.F.);
#1190=ORIENTED_EDGE('',*,*,#2378,.F.);
#1191=ORIENTED_EDGE('',*,*,#2379,.F.);
#1192=ORIENTED_EDGE('',*,*,#2380,.F.);
#1193=ORIENTED_EDGE('',*,*,#2381,.F.);
#1194=ORIENTED_EDGE('',*,*,#2382,.F.);
#1195=ORIENTED_EDGE('',*,*,#2383,.F.);
#1196=ORIENTED_EDGE('',*,*,#2384,.T.);
#1197=ORIENTED_EDGE('',*,*,#2385,.T.);
#1198=ORIENTED_EDGE('',*,*,#2386,.T.);
#1199=ORIENTED_EDGE('',*,*,#2387,.T.);
#1200=ORIENTED_EDGE('',*,*,#2388,.T.);
#1201=ORIENTED_EDGE('',*,*,#2389,.T.);
#1202=ORIENTED_EDGE('',*,*,#2390,.T.);
#1203=ORIENTED_EDGE('',*,*,#2391,.T.);
#1204=ORIENTED_EDGE('',*,*,#2392,.T.);
#1205=ORIENTED_EDGE('',*,*,#2393,.T.);
#1206=ORIENTED_EDGE('',*,*,#2394,.T.);
#1207=ORIENTED_EDGE('',*,*,#2395,.T.);
#1208=ORIENTED_EDGE('',*,*,#2396,.T.);
#1209=ORIENTED_EDGE('',*,*,#2397,.T.);
#1210=ORIENTED_EDGE('',*,*,#2398,.T.);
#1211=ORIENTED_EDGE('',*,*,#2399,.T.);
#1212=ORIENTED_EDGE('',*,*,#2400,.T.);
#1213=ORIENTED_EDGE('',*,*,#2401,.T.);
#1214=ORIENTED_EDGE('',*,*,#2402,.T.);
#1215=ORIENTED_EDGE('',*,*,#2403,.T.);
#1216=ORIENTED_EDGE('',*,*,#2404,.F.);
#1217=ORIENTED_EDGE('',*,*,#2405,.F.);
#1218=ORIENTED_EDGE('',*,*,#2406,.F.);
#1219=ORIENTED_EDGE('',*,*,#2407,.F.);
#1220=ORIENTED_EDGE('',*,*,#2408,.F.);
#1221=ORIENTED_EDGE('',*,*,#2409,.F.);
#1222=ORIENTED_EDGE('',*,*,#2410,.F.);
#1223=ORIENTED_EDGE('',*,*,#2411,.F.);
#1224=ORIENTED_EDGE('',*,*,#2412,.F.);
#1225=ORIENTED_EDGE('',*,*,#2413,.F.);
#1226=ORIENTED_EDGE('',*,*,#2414,.F.);
#1227=ORIENTED_EDGE('',*,*,#2415,.F.);
#1228=ORIENTED_EDGE('',*,*,#2416,.F.);
#1229=ORIENTED_EDGE('',*,*,#2417,.F.);
#1230=ORIENTED_EDGE('',*,*,#2418,.F.);
#1231=ORIENTED_EDGE('',*,*,#2419,.F.);
#1232=ORIENTED_EDGE('',*,*,#2420,.F.);
#1233=ORIENTED_EDGE('',*,*,#2421,.F.);
#1234=ORIENTED_EDGE('',*,*,#2422,.F.);
#1235=ORIENTED_EDGE('',*,*,#2423,.F.);
#1236=ORIENTED_EDGE('',*,*,#2424,.F.);
#1237=ORIENTED_EDGE('',*,*,#2425,.F.);
#1238=ORIENTED_EDGE('',*,*,#2426,.F.);
#1239=ORIENTED_EDGE('',*,*,#2427,.F.);
#1240=ORIENTED_EDGE('',*,*,#2428,.T.);
#1241=ORIENTED_EDGE('',*,*,#2429,.T.);
#1242=ORIENTED_EDGE('',*,*,#2430,.T.);
#1243=ORIENTED_EDGE('',*,*,#2431,.T.);
#1244=ORIENTED_EDGE('',*,*,#2432,.T.);
#1245=ORIENTED_EDGE('',*,*,#2433,.T.);
#1246=ORIENTED_EDGE('',*,*,#2434,.T.);
#1247=ORIENTED_EDGE('',*,*,#2435,.T.);
#1248=ORIENTED_EDGE('',*,*,#2436,.T.);
#1249=ORIENTED_EDGE('',*,*,#2437,.T.);
#1250=ORIENTED_EDGE('',*,*,#2438,.T.);
#1251=ORIENTED_EDGE('',*,*,#2439,.T.);
#1252=ORIENTED_EDGE('',*,*,#2440,.T.);
#1253=ORIENTED_EDGE('',*,*,#2441,.T.);
#1254=ORIENTED_EDGE('',*,*,#2442,.T.);
#1255=ORIENTED_EDGE('',*,*,#2443,.T.);
#1256=ORIENTED_EDGE('',*,*,#2444,.T.);
#1257=ORIENTED_EDGE('',*,*,#2445,.T.);
#1258=ORIENTED_EDGE('',*,*,#2446,.T.);
#1259=ORIENTED_EDGE('',*,*,#2447,.T.);
#1260=ORIENTED_EDGE('',*,*,#2448,.T.);
#1261=ORIENTED_EDGE('',*,*,#2449,.T.);
#1262=ORIENTED_EDGE('',*,*,#2450,.T.);
#1263=ORIENTED_EDGE('',*,*,#2451,.T.);
#1264=ORIENTED_EDGE('',*,*,#2452,.T.);
#1265=ORIENTED_EDGE('',*,*,#2453,.F.);
#1266=ORIENTED_EDGE('',*,*,#2387,.F.);
#1267=ORIENTED_EDGE('',*,*,#2454,.T.);
#1268=ORIENTED_EDGE('',*,*,#2455,.T.);
#1269=ORIENTED_EDGE('',*,*,#2456,.F.);
#1270=ORIENTED_EDGE('',*,*,#2384,.F.);
#1271=ORIENTED_EDGE('',*,*,#2457,.T.);
#1272=ORIENTED_EDGE('',*,*,#2458,.T.);
#1273=ORIENTED_EDGE('',*,*,#2454,.F.);
#1274=ORIENTED_EDGE('',*,*,#2386,.F.);
#1275=ORIENTED_EDGE('',*,*,#2459,.T.);
#1276=ORIENTED_EDGE('',*,*,#2460,.T.);
#1277=ORIENTED_EDGE('',*,*,#2461,.F.);
#1278=ORIENTED_EDGE('',*,*,#2388,.F.);
#1279=ORIENTED_EDGE('',*,*,#2453,.T.);
#1280=ORIENTED_EDGE('',*,*,#2462,.T.);
#1281=ORIENTED_EDGE('',*,*,#2463,.F.);
#1282=ORIENTED_EDGE('',*,*,#2393,.F.);
#1283=ORIENTED_EDGE('',*,*,#2464,.T.);
#1284=ORIENTED_EDGE('',*,*,#2465,.T.);
#1285=ORIENTED_EDGE('',*,*,#2466,.F.);
#1286=ORIENTED_EDGE('',*,*,#2394,.F.);
#1287=ORIENTED_EDGE('',*,*,#2463,.T.);
#1288=ORIENTED_EDGE('',*,*,#2467,.T.);
#1289=ORIENTED_EDGE('',*,*,#2468,.F.);
#1290=ORIENTED_EDGE('',*,*,#2396,.F.);
#1291=ORIENTED_EDGE('',*,*,#2469,.T.);
#1292=ORIENTED_EDGE('',*,*,#2470,.T.);
#1293=ORIENTED_EDGE('',*,*,#2471,.F.);
#1294=ORIENTED_EDGE('',*,*,#2397,.F.);
#1295=ORIENTED_EDGE('',*,*,#2468,.T.);
#1296=ORIENTED_EDGE('',*,*,#2472,.T.);
#1297=ORIENTED_EDGE('',*,*,#2473,.F.);
#1298=ORIENTED_EDGE('',*,*,#2390,.F.);
#1299=ORIENTED_EDGE('',*,*,#2471,.T.);
#1300=ORIENTED_EDGE('',*,*,#2474,.T.);
#1301=ORIENTED_EDGE('',*,*,#2464,.F.);
#1302=ORIENTED_EDGE('',*,*,#2392,.F.);
#1303=ORIENTED_EDGE('',*,*,#2475,.T.);
#1304=ORIENTED_EDGE('',*,*,#2476,.T.);
#1305=ORIENTED_EDGE('',*,*,#2469,.F.);
#1306=ORIENTED_EDGE('',*,*,#2395,.F.);
#1307=ORIENTED_EDGE('',*,*,#2466,.T.);
#1308=ORIENTED_EDGE('',*,*,#2477,.T.);
#1309=ORIENTED_EDGE('',*,*,#2475,.F.);
#1310=ORIENTED_EDGE('',*,*,#2391,.F.);
#1311=ORIENTED_EDGE('',*,*,#2473,.T.);
#1312=ORIENTED_EDGE('',*,*,#2478,.T.);
#1313=ORIENTED_EDGE('',*,*,#2479,.F.);
#1314=ORIENTED_EDGE('',*,*,#2403,.F.);
#1315=ORIENTED_EDGE('',*,*,#2480,.T.);
#1316=ORIENTED_EDGE('',*,*,#2481,.T.);
#1317=ORIENTED_EDGE('',*,*,#2482,.F.);
#1318=ORIENTED_EDGE('',*,*,#2400,.F.);
#1319=ORIENTED_EDGE('',*,*,#2483,.T.);
#1320=ORIENTED_EDGE('',*,*,#2484,.T.);
#1321=ORIENTED_EDGE('',*,*,#2480,.F.);
#1322=ORIENTED_EDGE('',*,*,#2402,.F.);
#1323=ORIENTED_EDGE('',*,*,#2485,.T.);
#1324=ORIENTED_EDGE('',*,*,#2486,.T.);
#1325=ORIENTED_EDGE('',*,*,#2487,.F.);
#1326=ORIENTED_EDGE('',*,*,#2398,.F.);
#1327=ORIENTED_EDGE('',*,*,#2479,.T.);
#1328=ORIENTED_EDGE('',*,*,#2488,.T.);
#1329=ORIENTED_EDGE('',*,*,#2489,.T.);
#1330=ORIENTED_EDGE('',*,*,#2365,.T.);
#1331=ORIENTED_EDGE('',*,*,#2490,.F.);
#1332=ORIENTED_EDGE('',*,*,#2491,.T.);
#1333=ORIENTED_EDGE('',*,*,#2367,.T.);
#1334=ORIENTED_EDGE('',*,*,#2492,.F.);
#1335=ORIENTED_EDGE('',*,*,#2493,.F.);
#1336=ORIENTED_EDGE('',*,*,#2494,.T.);
#1337=ORIENTED_EDGE('',*,*,#2495,.T.);
#1338=ORIENTED_EDGE('',*,*,#2369,.T.);
#1339=ORIENTED_EDGE('',*,*,#2496,.F.);
#1340=ORIENTED_EDGE('',*,*,#2497,.T.);
#1341=ORIENTED_EDGE('',*,*,#2490,.T.);
#1342=ORIENTED_EDGE('',*,*,#2364,.T.);
#1343=ORIENTED_EDGE('',*,*,#2495,.F.);
#1344=ORIENTED_EDGE('',*,*,#2498,.T.);
#1345=ORIENTED_EDGE('',*,*,#2371,.T.);
#1346=ORIENTED_EDGE('',*,*,#2499,.F.);
#1347=ORIENTED_EDGE('',*,*,#2500,.F.);
#1348=ORIENTED_EDGE('',*,*,#2501,.T.);
#1349=ORIENTED_EDGE('',*,*,#2372,.T.);
#1350=ORIENTED_EDGE('',*,*,#2498,.F.);
#1351=ORIENTED_EDGE('',*,*,#2502,.F.);
#1352=ORIENTED_EDGE('',*,*,#2503,.T.);
#1353=ORIENTED_EDGE('',*,*,#2373,.T.);
#1354=ORIENTED_EDGE('',*,*,#2501,.F.);
#1355=ORIENTED_EDGE('',*,*,#2504,.F.);
#1356=ORIENTED_EDGE('',*,*,#2505,.T.);
#1357=ORIENTED_EDGE('',*,*,#2374,.T.);
#1358=ORIENTED_EDGE('',*,*,#2503,.F.);
#1359=ORIENTED_EDGE('',*,*,#2506,.F.);
#1360=ORIENTED_EDGE('',*,*,#2507,.T.);
#1361=ORIENTED_EDGE('',*,*,#2375,.T.);
#1362=ORIENTED_EDGE('',*,*,#2505,.F.);
#1363=ORIENTED_EDGE('',*,*,#2508,.F.);
#1364=ORIENTED_EDGE('',*,*,#2509,.T.);
#1365=ORIENTED_EDGE('',*,*,#2376,.T.);
#1366=ORIENTED_EDGE('',*,*,#2507,.F.);
#1367=ORIENTED_EDGE('',*,*,#2510,.F.);
#1368=ORIENTED_EDGE('',*,*,#2511,.T.);
#1369=ORIENTED_EDGE('',*,*,#2377,.T.);
#1370=ORIENTED_EDGE('',*,*,#2509,.F.);
#1371=ORIENTED_EDGE('',*,*,#2512,.F.);
#1372=ORIENTED_EDGE('',*,*,#2499,.T.);
#1373=ORIENTED_EDGE('',*,*,#2370,.T.);
#1374=ORIENTED_EDGE('',*,*,#2511,.F.);
#1375=ORIENTED_EDGE('',*,*,#2513,.F.);
#1376=ORIENTED_EDGE('',*,*,#2514,.T.);
#1377=ORIENTED_EDGE('',*,*,#2379,.T.);
#1378=ORIENTED_EDGE('',*,*,#2515,.F.);
#1379=ORIENTED_EDGE('',*,*,#2516,.F.);
#1380=ORIENTED_EDGE('',*,*,#2517,.T.);
#1381=ORIENTED_EDGE('',*,*,#2518,.T.);
#1382=ORIENTED_EDGE('',*,*,#2381,.T.);
#1383=ORIENTED_EDGE('',*,*,#2519,.F.);
#1384=ORIENTED_EDGE('',*,*,#2520,.T.);
#1385=ORIENTED_EDGE('',*,*,#2521,.T.);
#1386=ORIENTED_EDGE('',*,*,#2382,.T.);
#1387=ORIENTED_EDGE('',*,*,#2518,.F.);
#1388=ORIENTED_EDGE('',*,*,#2522,.T.);
#1389=ORIENTED_EDGE('',*,*,#2523,.T.);
#1390=ORIENTED_EDGE('',*,*,#2383,.T.);
#1391=ORIENTED_EDGE('',*,*,#2521,.F.);
#1392=ORIENTED_EDGE('',*,*,#2524,.F.);
#1393=ORIENTED_EDGE('',*,*,#2525,.F.);
#1394=ORIENTED_EDGE('',*,*,#2526,.F.);
#1395=ORIENTED_EDGE('',*,*,#2527,.F.);
#1396=ORIENTED_EDGE('',*,*,#2528,.T.);
#1397=ORIENTED_EDGE('',*,*,#2529,.F.);
#1398=ORIENTED_EDGE('',*,*,#2348,.F.);
#1399=ORIENTED_EDGE('',*,*,#2530,.T.);
#1400=ORIENTED_EDGE('',*,*,#2531,.F.);
#1401=ORIENTED_EDGE('',*,*,#2349,.F.);
#1402=ORIENTED_EDGE('',*,*,#2529,.T.);
#1403=ORIENTED_EDGE('',*,*,#2532,.T.);
#1404=ORIENTED_EDGE('',*,*,#2533,.F.);
#1405=ORIENTED_EDGE('',*,*,#2534,.F.);
#1406=ORIENTED_EDGE('',*,*,#2524,.T.);
#1407=ORIENTED_EDGE('',*,*,#2535,.F.);
#1408=ORIENTED_EDGE('',*,*,#2536,.F.);
#1409=ORIENTED_EDGE('',*,*,#2537,.T.);
#1410=ORIENTED_EDGE('',*,*,#2538,.F.);
#1411=ORIENTED_EDGE('',*,*,#2344,.F.);
#1412=ORIENTED_EDGE('',*,*,#2531,.T.);
#1413=ORIENTED_EDGE('',*,*,#2539,.F.);
#1414=ORIENTED_EDGE('',*,*,#2540,.F.);
#1415=ORIENTED_EDGE('',*,*,#2541,.T.);
#1416=ORIENTED_EDGE('',*,*,#2542,.F.);
#1417=ORIENTED_EDGE('',*,*,#2346,.F.);
#1418=ORIENTED_EDGE('',*,*,#2543,.T.);
#1419=ORIENTED_EDGE('',*,*,#2544,.T.);
#1420=ORIENTED_EDGE('',*,*,#2545,.F.);
#1421=ORIENTED_EDGE('',*,*,#2353,.F.);
#1422=ORIENTED_EDGE('',*,*,#2546,.T.);
#1423=ORIENTED_EDGE('',*,*,#2547,.T.);
#1424=ORIENTED_EDGE('',*,*,#2548,.F.);
#1425=ORIENTED_EDGE('',*,*,#2354,.F.);
#1426=ORIENTED_EDGE('',*,*,#2545,.T.);
#1427=ORIENTED_EDGE('',*,*,#2549,.T.);
#1428=ORIENTED_EDGE('',*,*,#2550,.F.);
#1429=ORIENTED_EDGE('',*,*,#2355,.F.);
#1430=ORIENTED_EDGE('',*,*,#2548,.T.);
#1431=ORIENTED_EDGE('',*,*,#2551,.T.);
#1432=ORIENTED_EDGE('',*,*,#2552,.F.);
#1433=ORIENTED_EDGE('',*,*,#2356,.F.);
#1434=ORIENTED_EDGE('',*,*,#2550,.T.);
#1435=ORIENTED_EDGE('',*,*,#2553,.T.);
#1436=ORIENTED_EDGE('',*,*,#2554,.F.);
#1437=ORIENTED_EDGE('',*,*,#2357,.F.);
#1438=ORIENTED_EDGE('',*,*,#2552,.T.);
#1439=ORIENTED_EDGE('',*,*,#2555,.T.);
#1440=ORIENTED_EDGE('',*,*,#2556,.F.);
#1441=ORIENTED_EDGE('',*,*,#2350,.F.);
#1442=ORIENTED_EDGE('',*,*,#2554,.T.);
#1443=ORIENTED_EDGE('',*,*,#2557,.T.);
#1444=ORIENTED_EDGE('',*,*,#2558,.F.);
#1445=ORIENTED_EDGE('',*,*,#2351,.F.);
#1446=ORIENTED_EDGE('',*,*,#2556,.T.);
#1447=ORIENTED_EDGE('',*,*,#2559,.T.);
#1448=ORIENTED_EDGE('',*,*,#2546,.F.);
#1449=ORIENTED_EDGE('',*,*,#2352,.F.);
#1450=ORIENTED_EDGE('',*,*,#2558,.T.);
#1451=ORIENTED_EDGE('',*,*,#2560,.T.);
#1452=ORIENTED_EDGE('',*,*,#2561,.F.);
#1453=ORIENTED_EDGE('',*,*,#2562,.F.);
#1454=ORIENTED_EDGE('',*,*,#2563,.F.);
#1455=ORIENTED_EDGE('',*,*,#2362,.F.);
#1456=ORIENTED_EDGE('',*,*,#2564,.T.);
#1457=ORIENTED_EDGE('',*,*,#2565,.F.);
#1458=ORIENTED_EDGE('',*,*,#2566,.F.);
#1459=ORIENTED_EDGE('',*,*,#2567,.F.);
#1460=ORIENTED_EDGE('',*,*,#2568,.F.);
#1461=ORIENTED_EDGE('',*,*,#2569,.T.);
#1462=ORIENTED_EDGE('',*,*,#2570,.F.);
#1463=ORIENTED_EDGE('',*,*,#2363,.F.);
#1464=ORIENTED_EDGE('',*,*,#2563,.T.);
#1465=ORIENTED_EDGE('',*,*,#2571,.F.);
#1466=ORIENTED_EDGE('',*,*,#2572,.F.);
#1467=ORIENTED_EDGE('',*,*,#2573,.F.);
#1468=ORIENTED_EDGE('',*,*,#2566,.T.);
#1469=ORIENTED_EDGE('',*,*,#2574,.F.);
#1470=ORIENTED_EDGE('',*,*,#2575,.T.);
#1471=ORIENTED_EDGE('',*,*,#2576,.F.);
#1472=ORIENTED_EDGE('',*,*,#2577,.F.);
#1473=ORIENTED_EDGE('',*,*,#2578,.F.);
#1474=ORIENTED_EDGE('',*,*,#2579,.T.);
#1475=ORIENTED_EDGE('',*,*,#2580,.F.);
#1476=ORIENTED_EDGE('',*,*,#2358,.F.);
#1477=ORIENTED_EDGE('',*,*,#2570,.T.);
#1478=ORIENTED_EDGE('',*,*,#2581,.T.);
#1479=ORIENTED_EDGE('',*,*,#2582,.F.);
#1480=ORIENTED_EDGE('',*,*,#2583,.F.);
#1481=ORIENTED_EDGE('',*,*,#2577,.T.);
#1482=ORIENTED_EDGE('',*,*,#2584,.F.);
#1483=ORIENTED_EDGE('',*,*,#2585,.F.);
#1484=ORIENTED_EDGE('',*,*,#2586,.F.);
#1485=ORIENTED_EDGE('',*,*,#2359,.F.);
#1486=ORIENTED_EDGE('',*,*,#2580,.T.);
#1487=ORIENTED_EDGE('',*,*,#2587,.T.);
#1488=ORIENTED_EDGE('',*,*,#2588,.F.);
#1489=ORIENTED_EDGE('',*,*,#2360,.F.);
#1490=ORIENTED_EDGE('',*,*,#2586,.T.);
#1491=ORIENTED_EDGE('',*,*,#2589,.F.);
#1492=ORIENTED_EDGE('',*,*,#2590,.T.);
#1493=ORIENTED_EDGE('',*,*,#2591,.F.);
#1494=ORIENTED_EDGE('',*,*,#2592,.F.);
#1495=ORIENTED_EDGE('',*,*,#2593,.F.);
#1496=ORIENTED_EDGE('',*,*,#2594,.F.);
#1497=ORIENTED_EDGE('',*,*,#2595,.T.);
#1498=ORIENTED_EDGE('',*,*,#2596,.T.);
#1499=ORIENTED_EDGE('',*,*,#2325,.T.);
#1500=ORIENTED_EDGE('',*,*,#2597,.F.);
#1501=ORIENTED_EDGE('',*,*,#2598,.T.);
#1502=ORIENTED_EDGE('',*,*,#2599,.F.);
#1503=ORIENTED_EDGE('',*,*,#2600,.F.);
#1504=ORIENTED_EDGE('',*,*,#2601,.T.);
#1505=ORIENTED_EDGE('',*,*,#2327,.T.);
#1506=ORIENTED_EDGE('',*,*,#2602,.F.);
#1507=ORIENTED_EDGE('',*,*,#2603,.F.);
#1508=ORIENTED_EDGE('',*,*,#2593,.T.);
#1509=ORIENTED_EDGE('',*,*,#2604,.F.);
#1510=ORIENTED_EDGE('',*,*,#2605,.F.);
#1511=ORIENTED_EDGE('',*,*,#2606,.T.);
#1512=ORIENTED_EDGE('',*,*,#2607,.T.);
#1513=ORIENTED_EDGE('',*,*,#2328,.T.);
#1514=ORIENTED_EDGE('',*,*,#2601,.F.);
#1515=ORIENTED_EDGE('',*,*,#2608,.F.);
#1516=ORIENTED_EDGE('',*,*,#2609,.T.);
#1517=ORIENTED_EDGE('',*,*,#2610,.T.);
#1518=ORIENTED_EDGE('',*,*,#2329,.T.);
#1519=ORIENTED_EDGE('',*,*,#2607,.F.);
#1520=ORIENTED_EDGE('',*,*,#2611,.T.);
#1521=ORIENTED_EDGE('',*,*,#2612,.T.);
#1522=ORIENTED_EDGE('',*,*,#2331,.T.);
#1523=ORIENTED_EDGE('',*,*,#2613,.F.);
#1524=ORIENTED_EDGE('',*,*,#2614,.T.);
#1525=ORIENTED_EDGE('',*,*,#2615,.T.);
#1526=ORIENTED_EDGE('',*,*,#2332,.T.);
#1527=ORIENTED_EDGE('',*,*,#2612,.F.);
#1528=ORIENTED_EDGE('',*,*,#2616,.T.);
#1529=ORIENTED_EDGE('',*,*,#2617,.T.);
#1530=ORIENTED_EDGE('',*,*,#2333,.T.);
#1531=ORIENTED_EDGE('',*,*,#2615,.F.);
#1532=ORIENTED_EDGE('',*,*,#2618,.T.);
#1533=ORIENTED_EDGE('',*,*,#2619,.T.);
#1534=ORIENTED_EDGE('',*,*,#2334,.T.);
#1535=ORIENTED_EDGE('',*,*,#2617,.F.);
#1536=ORIENTED_EDGE('',*,*,#2620,.T.);
#1537=ORIENTED_EDGE('',*,*,#2621,.T.);
#1538=ORIENTED_EDGE('',*,*,#2335,.T.);
#1539=ORIENTED_EDGE('',*,*,#2619,.F.);
#1540=ORIENTED_EDGE('',*,*,#2622,.T.);
#1541=ORIENTED_EDGE('',*,*,#2623,.T.);
#1542=ORIENTED_EDGE('',*,*,#2336,.T.);
#1543=ORIENTED_EDGE('',*,*,#2621,.F.);
#1544=ORIENTED_EDGE('',*,*,#2624,.T.);
#1545=ORIENTED_EDGE('',*,*,#2625,.T.);
#1546=ORIENTED_EDGE('',*,*,#2337,.T.);
#1547=ORIENTED_EDGE('',*,*,#2623,.F.);
#1548=ORIENTED_EDGE('',*,*,#2626,.T.);
#1549=ORIENTED_EDGE('',*,*,#2613,.T.);
#1550=ORIENTED_EDGE('',*,*,#2330,.T.);
#1551=ORIENTED_EDGE('',*,*,#2625,.F.);
#1552=ORIENTED_EDGE('',*,*,#2627,.F.);
#1553=ORIENTED_EDGE('',*,*,#2628,.F.);
#1554=ORIENTED_EDGE('',*,*,#2629,.T.);
#1555=ORIENTED_EDGE('',*,*,#2630,.F.);
#1556=ORIENTED_EDGE('',*,*,#2631,.T.);
#1557=ORIENTED_EDGE('',*,*,#2632,.F.);
#1558=ORIENTED_EDGE('',*,*,#2633,.F.);
#1559=ORIENTED_EDGE('',*,*,#2634,.F.);
#1560=ORIENTED_EDGE('',*,*,#2635,.T.);
#1561=ORIENTED_EDGE('',*,*,#2636,.T.);
#1562=ORIENTED_EDGE('',*,*,#2637,.F.);
#1563=ORIENTED_EDGE('',*,*,#2638,.T.);
#1564=ORIENTED_EDGE('',*,*,#2339,.T.);
#1565=ORIENTED_EDGE('',*,*,#2639,.F.);
#1566=ORIENTED_EDGE('',*,*,#2640,.T.);
#1567=ORIENTED_EDGE('',*,*,#2641,.T.);
#1568=ORIENTED_EDGE('',*,*,#2340,.T.);
#1569=ORIENTED_EDGE('',*,*,#2638,.F.);
#1570=ORIENTED_EDGE('',*,*,#2642,.F.);
#1571=ORIENTED_EDGE('',*,*,#2643,.F.);
#1572=ORIENTED_EDGE('',*,*,#2627,.T.);
#1573=ORIENTED_EDGE('',*,*,#2644,.F.);
#1574=ORIENTED_EDGE('',*,*,#2645,.F.);
#1575=ORIENTED_EDGE('',*,*,#2646,.T.);
#1576=ORIENTED_EDGE('',*,*,#2647,.T.);
#1577=ORIENTED_EDGE('',*,*,#2341,.T.);
#1578=ORIENTED_EDGE('',*,*,#2641,.F.);
#1579=ORIENTED_EDGE('',*,*,#2648,.F.);
#1580=ORIENTED_EDGE('',*,*,#2649,.T.);
#1581=ORIENTED_EDGE('',*,*,#2342,.T.);
#1582=ORIENTED_EDGE('',*,*,#2647,.F.);
#1583=ORIENTED_EDGE('',*,*,#2650,.T.);
#1584=ORIENTED_EDGE('',*,*,#2651,.F.);
#1585=ORIENTED_EDGE('',*,*,#2652,.F.);
#1586=ORIENTED_EDGE('',*,*,#2631,.F.);
#1587=ORIENTED_EDGE('',*,*,#2653,.F.);
#1588=ORIENTED_EDGE('',*,*,#2654,.T.);
#1589=ORIENTED_EDGE('',*,*,#2655,.T.);
#1590=ORIENTED_EDGE('',*,*,#2343,.T.);
#1591=ORIENTED_EDGE('',*,*,#2649,.F.);
#1592=ORIENTED_EDGE('',*,*,#2656,.F.);
#1593=ORIENTED_EDGE('',*,*,#2657,.F.);
#1594=ORIENTED_EDGE('',*,*,#2658,.T.);
#1595=ORIENTED_EDGE('',*,*,#2605,.T.);
#1596=ORIENTED_EDGE('',*,*,#2659,.F.);
#1597=ORIENTED_EDGE('',*,*,#2437,.F.);
#1598=ORIENTED_EDGE('',*,*,#2659,.T.);
#1599=ORIENTED_EDGE('',*,*,#2604,.T.);
#1600=ORIENTED_EDGE('',*,*,#2592,.T.);
#1601=ORIENTED_EDGE('',*,*,#2660,.F.);
#1602=ORIENTED_EDGE('',*,*,#2661,.F.);
#1603=ORIENTED_EDGE('',*,*,#2438,.F.);
#1604=ORIENTED_EDGE('',*,*,#2662,.F.);
#1605=ORIENTED_EDGE('',*,*,#2439,.F.);
#1606=ORIENTED_EDGE('',*,*,#2661,.T.);
#1607=ORIENTED_EDGE('',*,*,#2663,.F.);
#1608=ORIENTED_EDGE('',*,*,#2664,.F.);
#1609=ORIENTED_EDGE('',*,*,#2632,.T.);
#1610=ORIENTED_EDGE('',*,*,#2652,.T.);
#1611=ORIENTED_EDGE('',*,*,#2665,.F.);
#1612=ORIENTED_EDGE('',*,*,#2434,.F.);
#1613=ORIENTED_EDGE('',*,*,#2662,.T.);
#1614=ORIENTED_EDGE('',*,*,#2665,.T.);
#1615=ORIENTED_EDGE('',*,*,#2651,.T.);
#1616=ORIENTED_EDGE('',*,*,#2666,.F.);
#1617=ORIENTED_EDGE('',*,*,#2435,.F.);
#1618=ORIENTED_EDGE('',*,*,#2667,.T.);
#1619=ORIENTED_EDGE('',*,*,#2568,.T.);
#1620=ORIENTED_EDGE('',*,*,#2668,.F.);
#1621=ORIENTED_EDGE('',*,*,#2443,.F.);
#1622=ORIENTED_EDGE('',*,*,#2567,.T.);
#1623=ORIENTED_EDGE('',*,*,#2573,.T.);
#1624=ORIENTED_EDGE('',*,*,#2669,.F.);
#1625=ORIENTED_EDGE('',*,*,#2670,.F.);
#1626=ORIENTED_EDGE('',*,*,#2444,.F.);
#1627=ORIENTED_EDGE('',*,*,#2668,.T.);
#1628=ORIENTED_EDGE('',*,*,#2525,.T.);
#1629=ORIENTED_EDGE('',*,*,#2534,.T.);
#1630=ORIENTED_EDGE('',*,*,#2671,.F.);
#1631=ORIENTED_EDGE('',*,*,#2440,.F.);
#1632=ORIENTED_EDGE('',*,*,#2672,.T.);
#1633=ORIENTED_EDGE('',*,*,#2673,.F.);
#1634=ORIENTED_EDGE('',*,*,#2671,.T.);
#1635=ORIENTED_EDGE('',*,*,#2533,.T.);
#1636=ORIENTED_EDGE('',*,*,#2674,.F.);
#1637=ORIENTED_EDGE('',*,*,#2441,.F.);
#1638=ORIENTED_EDGE('',*,*,#2493,.T.);
#1639=ORIENTED_EDGE('',*,*,#2675,.T.);
#1640=ORIENTED_EDGE('',*,*,#2676,.F.);
#1641=ORIENTED_EDGE('',*,*,#2430,.F.);
#1642=ORIENTED_EDGE('',*,*,#2677,.T.);
#1643=ORIENTED_EDGE('',*,*,#2678,.T.);
#1644=ORIENTED_EDGE('',*,*,#2516,.T.);
#1645=ORIENTED_EDGE('',*,*,#2679,.T.);
#1646=ORIENTED_EDGE('',*,*,#2680,.T.);
#1647=ORIENTED_EDGE('',*,*,#2404,.T.);
#1648=ORIENTED_EDGE('',*,*,#2681,.F.);
#1649=ORIENTED_EDGE('',*,*,#2682,.T.);
#1650=ORIENTED_EDGE('',*,*,#2502,.T.);
#1651=ORIENTED_EDGE('',*,*,#2500,.T.);
#1652=ORIENTED_EDGE('',*,*,#2513,.T.);
#1653=ORIENTED_EDGE('',*,*,#2512,.T.);
#1654=ORIENTED_EDGE('',*,*,#2510,.T.);
#1655=ORIENTED_EDGE('',*,*,#2508,.T.);
#1656=ORIENTED_EDGE('',*,*,#2506,.T.);
#1657=ORIENTED_EDGE('',*,*,#2504,.T.);
#1658=ORIENTED_EDGE('',*,*,#2628,.T.);
#1659=ORIENTED_EDGE('',*,*,#2643,.T.);
#1660=ORIENTED_EDGE('',*,*,#2683,.T.);
#1661=ORIENTED_EDGE('',*,*,#2408,.T.);
#1662=ORIENTED_EDGE('',*,*,#2684,.F.);
#1663=ORIENTED_EDGE('',*,*,#2685,.T.);
#1664=ORIENTED_EDGE('',*,*,#2686,.T.);
#1665=ORIENTED_EDGE('',*,*,#2684,.T.);
#1666=ORIENTED_EDGE('',*,*,#2407,.T.);
#1667=ORIENTED_EDGE('',*,*,#2687,.F.);
#1668=ORIENTED_EDGE('',*,*,#2688,.F.);
#1669=ORIENTED_EDGE('',*,*,#2584,.T.);
#1670=ORIENTED_EDGE('',*,*,#2576,.T.);
#1671=ORIENTED_EDGE('',*,*,#2689,.T.);
#1672=ORIENTED_EDGE('',*,*,#2687,.T.);
#1673=ORIENTED_EDGE('',*,*,#2406,.T.);
#1674=ORIENTED_EDGE('',*,*,#2653,.T.);
#1675=ORIENTED_EDGE('',*,*,#2634,.T.);
#1676=ORIENTED_EDGE('',*,*,#2690,.F.);
#1677=ORIENTED_EDGE('',*,*,#2691,.F.);
#1678=ORIENTED_EDGE('',*,*,#2432,.F.);
#1679=ORIENTED_EDGE('',*,*,#2692,.T.);
#1680=ORIENTED_EDGE('',*,*,#2693,.F.);
#1681=ORIENTED_EDGE('',*,*,#2433,.F.);
#1682=ORIENTED_EDGE('',*,*,#2691,.T.);
#1683=ORIENTED_EDGE('',*,*,#2694,.F.);
#1684=ORIENTED_EDGE('',*,*,#2695,.F.);
#1685=ORIENTED_EDGE('',*,*,#2574,.T.);
#1686=ORIENTED_EDGE('',*,*,#2565,.T.);
#1687=ORIENTED_EDGE('',*,*,#2696,.F.);
#1688=ORIENTED_EDGE('',*,*,#2428,.F.);
#1689=ORIENTED_EDGE('',*,*,#2693,.T.);
#1690=ORIENTED_EDGE('',*,*,#2680,.F.);
#1691=ORIENTED_EDGE('',*,*,#2697,.T.);
#1692=ORIENTED_EDGE('',*,*,#2589,.T.);
#1693=ORIENTED_EDGE('',*,*,#2585,.T.);
#1694=ORIENTED_EDGE('',*,*,#2688,.T.);
#1695=ORIENTED_EDGE('',*,*,#2405,.T.);
#1696=ORIENTED_EDGE('',*,*,#2698,.F.);
#1697=ORIENTED_EDGE('',*,*,#2645,.T.);
#1698=ORIENTED_EDGE('',*,*,#2699,.T.);
#1699=ORIENTED_EDGE('',*,*,#2411,.T.);
#1700=ORIENTED_EDGE('',*,*,#2699,.F.);
#1701=ORIENTED_EDGE('',*,*,#2644,.T.);
#1702=ORIENTED_EDGE('',*,*,#2630,.T.);
#1703=ORIENTED_EDGE('',*,*,#2700,.T.);
#1704=ORIENTED_EDGE('',*,*,#2701,.T.);
#1705=ORIENTED_EDGE('',*,*,#2412,.T.);
#1706=ORIENTED_EDGE('',*,*,#2702,.T.);
#1707=ORIENTED_EDGE('',*,*,#2703,.T.);
#1708=ORIENTED_EDGE('',*,*,#2413,.T.);
#1709=ORIENTED_EDGE('',*,*,#2701,.F.);
#1710=ORIENTED_EDGE('',*,*,#2704,.T.);
#1711=ORIENTED_EDGE('',*,*,#2705,.T.);
#1712=ORIENTED_EDGE('',*,*,#2414,.T.);
#1713=ORIENTED_EDGE('',*,*,#2703,.F.);
#1714=ORIENTED_EDGE('',*,*,#2706,.T.);
#1715=ORIENTED_EDGE('',*,*,#2707,.T.);
#1716=ORIENTED_EDGE('',*,*,#2415,.T.);
#1717=ORIENTED_EDGE('',*,*,#2705,.F.);
#1718=ORIENTED_EDGE('',*,*,#2708,.T.);
#1719=ORIENTED_EDGE('',*,*,#2709,.T.);
#1720=ORIENTED_EDGE('',*,*,#2417,.T.);
#1721=ORIENTED_EDGE('',*,*,#2710,.F.);
#1722=ORIENTED_EDGE('',*,*,#2711,.T.);
#1723=ORIENTED_EDGE('',*,*,#2712,.T.);
#1724=ORIENTED_EDGE('',*,*,#2418,.T.);
#1725=ORIENTED_EDGE('',*,*,#2709,.F.);
#1726=ORIENTED_EDGE('',*,*,#2578,.T.);
#1727=ORIENTED_EDGE('',*,*,#2583,.T.);
#1728=ORIENTED_EDGE('',*,*,#2713,.T.);
#1729=ORIENTED_EDGE('',*,*,#2420,.T.);
#1730=ORIENTED_EDGE('',*,*,#2714,.F.);
#1731=ORIENTED_EDGE('',*,*,#2715,.T.);
#1732=ORIENTED_EDGE('',*,*,#2713,.F.);
#1733=ORIENTED_EDGE('',*,*,#2582,.T.);
#1734=ORIENTED_EDGE('',*,*,#2716,.T.);
#1735=ORIENTED_EDGE('',*,*,#2421,.T.);
#1736=ORIENTED_EDGE('',*,*,#2717,.T.);
#1737=ORIENTED_EDGE('',*,*,#2718,.T.);
#1738=ORIENTED_EDGE('',*,*,#2422,.T.);
#1739=ORIENTED_EDGE('',*,*,#2719,.F.);
#1740=ORIENTED_EDGE('',*,*,#2720,.T.);
#1741=ORIENTED_EDGE('',*,*,#2719,.T.);
#1742=ORIENTED_EDGE('',*,*,#2427,.T.);
#1743=ORIENTED_EDGE('',*,*,#2721,.F.);
#1744=ORIENTED_EDGE('',*,*,#2722,.T.);
#1745=ORIENTED_EDGE('',*,*,#2721,.T.);
#1746=ORIENTED_EDGE('',*,*,#2426,.T.);
#1747=ORIENTED_EDGE('',*,*,#2723,.F.);
#1748=ORIENTED_EDGE('',*,*,#2724,.T.);
#1749=ORIENTED_EDGE('',*,*,#2535,.T.);
#1750=ORIENTED_EDGE('',*,*,#2527,.T.);
#1751=ORIENTED_EDGE('',*,*,#2725,.F.);
#1752=ORIENTED_EDGE('',*,*,#2726,.F.);
#1753=ORIENTED_EDGE('',*,*,#2448,.F.);
#1754=ORIENTED_EDGE('',*,*,#2727,.F.);
#1755=ORIENTED_EDGE('',*,*,#2449,.F.);
#1756=ORIENTED_EDGE('',*,*,#2726,.T.);
#1757=ORIENTED_EDGE('',*,*,#2728,.F.);
#1758=ORIENTED_EDGE('',*,*,#2594,.T.);
#1759=ORIENTED_EDGE('',*,*,#2603,.T.);
#1760=ORIENTED_EDGE('',*,*,#2729,.F.);
#1761=ORIENTED_EDGE('',*,*,#2450,.F.);
#1762=ORIENTED_EDGE('',*,*,#2727,.T.);
#1763=ORIENTED_EDGE('',*,*,#2730,.F.);
#1764=ORIENTED_EDGE('',*,*,#2731,.T.);
#1765=ORIENTED_EDGE('',*,*,#2732,.T.);
#1766=ORIENTED_EDGE('',*,*,#2423,.T.);
#1767=ORIENTED_EDGE('',*,*,#2718,.F.);
#1768=ORIENTED_EDGE('',*,*,#2733,.T.);
#1769=ORIENTED_EDGE('',*,*,#2706,.F.);
#1770=ORIENTED_EDGE('',*,*,#2704,.F.);
#1771=ORIENTED_EDGE('',*,*,#2702,.F.);
#1772=ORIENTED_EDGE('',*,*,#2700,.F.);
#1773=ORIENTED_EDGE('',*,*,#2629,.F.);
#1774=ORIENTED_EDGE('',*,*,#2685,.F.);
#1775=ORIENTED_EDGE('',*,*,#2686,.F.);
#1776=ORIENTED_EDGE('',*,*,#2689,.F.);
#1777=ORIENTED_EDGE('',*,*,#2575,.F.);
#1778=ORIENTED_EDGE('',*,*,#2715,.F.);
#1779=ORIENTED_EDGE('',*,*,#2734,.F.);
#1780=ORIENTED_EDGE('',*,*,#2711,.F.);
#1781=ORIENTED_EDGE('',*,*,#2708,.F.);
#1782=ORIENTED_EDGE('',*,*,#2735,.T.);
#1783=ORIENTED_EDGE('',*,*,#2530,.F.);
#1784=ORIENTED_EDGE('',*,*,#2347,.F.);
#1785=ORIENTED_EDGE('',*,*,#2542,.T.);
#1786=ORIENTED_EDGE('',*,*,#2736,.T.);
#1787=ORIENTED_EDGE('',*,*,#2737,.T.);
#1788=ORIENTED_EDGE('',*,*,#2485,.F.);
#1789=ORIENTED_EDGE('',*,*,#2401,.F.);
#1790=ORIENTED_EDGE('',*,*,#2482,.T.);
#1791=ORIENTED_EDGE('',*,*,#2738,.T.);
#1792=ORIENTED_EDGE('',*,*,#2731,.F.);
#1793=ORIENTED_EDGE('',*,*,#2717,.F.);
#1794=ORIENTED_EDGE('',*,*,#2720,.F.);
#1795=ORIENTED_EDGE('',*,*,#2722,.F.);
#1796=ORIENTED_EDGE('',*,*,#2739,.F.);
#1797=ORIENTED_EDGE('',*,*,#2740,.T.);
#1798=ORIENTED_EDGE('',*,*,#2457,.F.);
#1799=ORIENTED_EDGE('',*,*,#2389,.F.);
#1800=ORIENTED_EDGE('',*,*,#2461,.T.);
#1801=ORIENTED_EDGE('',*,*,#2741,.T.);
#1802=ORIENTED_EDGE('',*,*,#2742,.T.);
#1803=ORIENTED_EDGE('',*,*,#2597,.T.);
#1804=ORIENTED_EDGE('',*,*,#2324,.T.);
#1805=ORIENTED_EDGE('',*,*,#2610,.F.);
#1806=ORIENTED_EDGE('',*,*,#2561,.T.);
#1807=ORIENTED_EDGE('',*,*,#2743,.F.);
#1808=ORIENTED_EDGE('',*,*,#2744,.F.);
#1809=ORIENTED_EDGE('',*,*,#2519,.T.);
#1810=ORIENTED_EDGE('',*,*,#2380,.T.);
#1811=ORIENTED_EDGE('',*,*,#2514,.F.);
#1812=ORIENTED_EDGE('',*,*,#2678,.F.);
#1813=ORIENTED_EDGE('',*,*,#2745,.T.);
#1814=ORIENTED_EDGE('',*,*,#2488,.F.);
#1815=ORIENTED_EDGE('',*,*,#2497,.F.);
#1816=ORIENTED_EDGE('',*,*,#2494,.F.);
#1817=ORIENTED_EDGE('',*,*,#2746,.F.);
#1818=ORIENTED_EDGE('',*,*,#2747,.F.);
#1819=ORIENTED_EDGE('',*,*,#2639,.T.);
#1820=ORIENTED_EDGE('',*,*,#2338,.T.);
#1821=ORIENTED_EDGE('',*,*,#2655,.F.);
#1822=ORIENTED_EDGE('',*,*,#2748,.F.);
#1823=ORIENTED_EDGE('',*,*,#2749,.T.);
#1824=ORIENTED_EDGE('',*,*,#2654,.F.);
#1825=ORIENTED_EDGE('',*,*,#2750,.T.);
#1826=ORIENTED_EDGE('',*,*,#2748,.T.);
#1827=ORIENTED_EDGE('',*,*,#2458,.F.);
#1828=ORIENTED_EDGE('',*,*,#2751,.T.);
#1829=ORIENTED_EDGE('',*,*,#2752,.T.);
#1830=ORIENTED_EDGE('',*,*,#2602,.T.);
#1831=ORIENTED_EDGE('',*,*,#2326,.T.);
#1832=ORIENTED_EDGE('',*,*,#2596,.F.);
#1833=ORIENTED_EDGE('',*,*,#2753,.T.);
#1834=ORIENTED_EDGE('',*,*,#2741,.F.);
#1835=ORIENTED_EDGE('',*,*,#2460,.F.);
#1836=ORIENTED_EDGE('',*,*,#2452,.F.);
#1837=ORIENTED_EDGE('',*,*,#2560,.F.);
#1838=ORIENTED_EDGE('',*,*,#2754,.F.);
#1839=ORIENTED_EDGE('',*,*,#2743,.T.);
#1840=ORIENTED_EDGE('',*,*,#2517,.F.);
#1841=ORIENTED_EDGE('',*,*,#2744,.T.);
#1842=ORIENTED_EDGE('',*,*,#2754,.T.);
#1843=ORIENTED_EDGE('',*,*,#2564,.F.);
#1844=ORIENTED_EDGE('',*,*,#2361,.F.);
#1845=ORIENTED_EDGE('',*,*,#2588,.T.);
#1846=ORIENTED_EDGE('',*,*,#2755,.T.);
#1847=ORIENTED_EDGE('',*,*,#2756,.F.);
#1848=ORIENTED_EDGE('',*,*,#2522,.F.);
#1849=ORIENTED_EDGE('',*,*,#2520,.F.);
#1850=ORIENTED_EDGE('',*,*,#2486,.F.);
#1851=ORIENTED_EDGE('',*,*,#2478,.F.);
#1852=ORIENTED_EDGE('',*,*,#2484,.F.);
#1853=ORIENTED_EDGE('',*,*,#2737,.F.);
#1854=ORIENTED_EDGE('',*,*,#2757,.F.);
#1855=ORIENTED_EDGE('',*,*,#2543,.F.);
#1856=ORIENTED_EDGE('',*,*,#2345,.F.);
#1857=ORIENTED_EDGE('',*,*,#2538,.T.);
#1858=ORIENTED_EDGE('',*,*,#2758,.F.);
#1859=ORIENTED_EDGE('',*,*,#2759,.T.);
#1860=ORIENTED_EDGE('',*,*,#2746,.T.);
#1861=ORIENTED_EDGE('',*,*,#2496,.T.);
#1862=ORIENTED_EDGE('',*,*,#2368,.T.);
#1863=ORIENTED_EDGE('',*,*,#2491,.F.);
#1864=ORIENTED_EDGE('',*,*,#2682,.F.);
#1865=ORIENTED_EDGE('',*,*,#2760,.F.);
#1866=ORIENTED_EDGE('',*,*,#2636,.F.);
#1867=ORIENTED_EDGE('',*,*,#2761,.T.);
#1868=ORIENTED_EDGE('',*,*,#2523,.F.);
#1869=ORIENTED_EDGE('',*,*,#2756,.T.);
#1870=ORIENTED_EDGE('',*,*,#2762,.T.);
#1871=ORIENTED_EDGE('',*,*,#2590,.F.);
#1872=ORIENTED_EDGE('',*,*,#2697,.F.);
#1873=ORIENTED_EDGE('',*,*,#2679,.F.);
#1874=ORIENTED_EDGE('',*,*,#2515,.T.);
#1875=ORIENTED_EDGE('',*,*,#2378,.T.);
#1876=ORIENTED_EDGE('',*,*,#2657,.T.);
#1877=ORIENTED_EDGE('',*,*,#2763,.T.);
#1878=ORIENTED_EDGE('',*,*,#2675,.F.);
#1879=ORIENTED_EDGE('',*,*,#2492,.T.);
#1880=ORIENTED_EDGE('',*,*,#2366,.T.);
#1881=ORIENTED_EDGE('',*,*,#2489,.F.);
#1882=ORIENTED_EDGE('',*,*,#2749,.F.);
#1883=ORIENTED_EDGE('',*,*,#2750,.F.);
#1884=ORIENTED_EDGE('',*,*,#2633,.T.);
#1885=ORIENTED_EDGE('',*,*,#2664,.T.);
#1886=ORIENTED_EDGE('',*,*,#2663,.T.);
#1887=ORIENTED_EDGE('',*,*,#2660,.T.);
#1888=ORIENTED_EDGE('',*,*,#2591,.T.);
#1889=ORIENTED_EDGE('',*,*,#2730,.T.);
#1890=ORIENTED_EDGE('',*,*,#2728,.T.);
#1891=ORIENTED_EDGE('',*,*,#2725,.T.);
#1892=ORIENTED_EDGE('',*,*,#2526,.T.);
#1893=ORIENTED_EDGE('',*,*,#2673,.T.);
#1894=ORIENTED_EDGE('',*,*,#2764,.T.);
#1895=ORIENTED_EDGE('',*,*,#2669,.T.);
#1896=ORIENTED_EDGE('',*,*,#2572,.T.);
#1897=ORIENTED_EDGE('',*,*,#2695,.T.);
#1898=ORIENTED_EDGE('',*,*,#2694,.T.);
#1899=ORIENTED_EDGE('',*,*,#2690,.T.);
#1900=ORIENTED_EDGE('',*,*,#2765,.T.);
#1901=ORIENTED_EDGE('',*,*,#2766,.T.);
#1902=ORIENTED_EDGE('',*,*,#2483,.F.);
#1903=ORIENTED_EDGE('',*,*,#2399,.F.);
#1904=ORIENTED_EDGE('',*,*,#2487,.T.);
#1905=ORIENTED_EDGE('',*,*,#2759,.F.);
#1906=ORIENTED_EDGE('',*,*,#2767,.F.);
#1907=ORIENTED_EDGE('',*,*,#2540,.T.);
#1908=ORIENTED_EDGE('',*,*,#2751,.F.);
#1909=ORIENTED_EDGE('',*,*,#2459,.F.);
#1910=ORIENTED_EDGE('',*,*,#2385,.F.);
#1911=ORIENTED_EDGE('',*,*,#2456,.T.);
#1912=ORIENTED_EDGE('',*,*,#2768,.T.);
#1913=ORIENTED_EDGE('',*,*,#2769,.T.);
#1914=ORIENTED_EDGE('',*,*,#2599,.T.);
#1915=ORIENTED_EDGE('',*,*,#2770,.F.);
#1916=ORIENTED_EDGE('',*,*,#2733,.F.);
#1917=ORIENTED_EDGE('',*,*,#2609,.F.);
#1918=ORIENTED_EDGE('',*,*,#2606,.F.);
#1919=ORIENTED_EDGE('',*,*,#2658,.F.);
#1920=ORIENTED_EDGE('',*,*,#2436,.F.);
#1921=ORIENTED_EDGE('',*,*,#2666,.T.);
#1922=ORIENTED_EDGE('',*,*,#2650,.F.);
#1923=ORIENTED_EDGE('',*,*,#2646,.F.);
#1924=ORIENTED_EDGE('',*,*,#2640,.F.);
#1925=ORIENTED_EDGE('',*,*,#2698,.T.);
#1926=ORIENTED_EDGE('',*,*,#2410,.T.);
#1927=ORIENTED_EDGE('',*,*,#2707,.F.);
#1928=ORIENTED_EDGE('',*,*,#2620,.F.);
#1929=ORIENTED_EDGE('',*,*,#2618,.F.);
#1930=ORIENTED_EDGE('',*,*,#2616,.F.);
#1931=ORIENTED_EDGE('',*,*,#2614,.F.);
#1932=ORIENTED_EDGE('',*,*,#2611,.F.);
#1933=ORIENTED_EDGE('',*,*,#2626,.F.);
#1934=ORIENTED_EDGE('',*,*,#2624,.F.);
#1935=ORIENTED_EDGE('',*,*,#2622,.F.);
#1936=ORIENTED_EDGE('',*,*,#2635,.F.);
#1937=ORIENTED_EDGE('',*,*,#2747,.T.);
#1938=ORIENTED_EDGE('',*,*,#2761,.F.);
#1939=ORIENTED_EDGE('',*,*,#2598,.F.);
#1940=ORIENTED_EDGE('',*,*,#2752,.F.);
#1941=ORIENTED_EDGE('',*,*,#2770,.T.);
#1942=ORIENTED_EDGE('',*,*,#2595,.F.);
#1943=ORIENTED_EDGE('',*,*,#2742,.F.);
#1944=ORIENTED_EDGE('',*,*,#2753,.F.);
#1945=ORIENTED_EDGE('',*,*,#2581,.F.);
#1946=ORIENTED_EDGE('',*,*,#2579,.F.);
#1947=ORIENTED_EDGE('',*,*,#2569,.F.);
#1948=ORIENTED_EDGE('',*,*,#2667,.F.);
#1949=ORIENTED_EDGE('',*,*,#2442,.F.);
#1950=ORIENTED_EDGE('',*,*,#2674,.T.);
#1951=ORIENTED_EDGE('',*,*,#2532,.F.);
#1952=ORIENTED_EDGE('',*,*,#2528,.F.);
#1953=ORIENTED_EDGE('',*,*,#2735,.F.);
#1954=ORIENTED_EDGE('',*,*,#2710,.T.);
#1955=ORIENTED_EDGE('',*,*,#2416,.T.);
#1956=ORIENTED_EDGE('',*,*,#2716,.F.);
#1957=ORIENTED_EDGE('',*,*,#2547,.F.);
#1958=ORIENTED_EDGE('',*,*,#2544,.F.);
#1959=ORIENTED_EDGE('',*,*,#2559,.F.);
#1960=ORIENTED_EDGE('',*,*,#2557,.F.);
#1961=ORIENTED_EDGE('',*,*,#2555,.F.);
#1962=ORIENTED_EDGE('',*,*,#2553,.F.);
#1963=ORIENTED_EDGE('',*,*,#2551,.F.);
#1964=ORIENTED_EDGE('',*,*,#2549,.F.);
#1965=ORIENTED_EDGE('',*,*,#2587,.F.);
#1966=ORIENTED_EDGE('',*,*,#2762,.F.);
#1967=ORIENTED_EDGE('',*,*,#2755,.F.);
#1968=ORIENTED_EDGE('',*,*,#2537,.F.);
#1969=ORIENTED_EDGE('',*,*,#2767,.T.);
#1970=ORIENTED_EDGE('',*,*,#2758,.T.);
#1971=ORIENTED_EDGE('',*,*,#2541,.F.);
#1972=ORIENTED_EDGE('',*,*,#2757,.T.);
#1973=ORIENTED_EDGE('',*,*,#2736,.F.);
#1974=ORIENTED_EDGE('',*,*,#2745,.F.);
#1975=ORIENTED_EDGE('',*,*,#2677,.F.);
#1976=ORIENTED_EDGE('',*,*,#2429,.F.);
#1977=ORIENTED_EDGE('',*,*,#2696,.T.);
#1978=ORIENTED_EDGE('',*,*,#2571,.T.);
#1979=ORIENTED_EDGE('',*,*,#2562,.T.);
#1980=ORIENTED_EDGE('',*,*,#2771,.T.);
#1981=ORIENTED_EDGE('',*,*,#2765,.F.);
#1982=ORIENTED_EDGE('',*,*,#2539,.T.);
#1983=ORIENTED_EDGE('',*,*,#2536,.T.);
#1984=ORIENTED_EDGE('',*,*,#2724,.F.);
#1985=ORIENTED_EDGE('',*,*,#2447,.F.);
#1986=ORIENTED_EDGE('',*,*,#2474,.F.);
#1987=ORIENTED_EDGE('',*,*,#2477,.F.);
#1988=ORIENTED_EDGE('',*,*,#2472,.F.);
#1989=ORIENTED_EDGE('',*,*,#2470,.F.);
#1990=ORIENTED_EDGE('',*,*,#2467,.F.);
#1991=ORIENTED_EDGE('',*,*,#2476,.F.);
#1992=ORIENTED_EDGE('',*,*,#2465,.F.);
#1993=ORIENTED_EDGE('',*,*,#2462,.F.);
#1994=ORIENTED_EDGE('',*,*,#2768,.F.);
#1995=ORIENTED_EDGE('',*,*,#2455,.F.);
#1996=ORIENTED_EDGE('',*,*,#2740,.F.);
#1997=ORIENTED_EDGE('',*,*,#2772,.T.);
#1998=ORIENTED_EDGE('',*,*,#2424,.T.);
#1999=ORIENTED_EDGE('',*,*,#2732,.F.);
#2000=ORIENTED_EDGE('',*,*,#2738,.F.);
#2001=ORIENTED_EDGE('',*,*,#2481,.F.);
#2002=ORIENTED_EDGE('',*,*,#2766,.F.);
#2003=ORIENTED_EDGE('',*,*,#2771,.F.);
#2004=ORIENTED_EDGE('',*,*,#2446,.F.);
#2005=ORIENTED_EDGE('',*,*,#2773,.T.);
#2006=ORIENTED_EDGE('',*,*,#2431,.F.);
#2007=ORIENTED_EDGE('',*,*,#2676,.T.);
#2008=ORIENTED_EDGE('',*,*,#2763,.F.);
#2009=ORIENTED_EDGE('',*,*,#2656,.T.);
#2010=ORIENTED_EDGE('',*,*,#2648,.T.);
#2011=ORIENTED_EDGE('',*,*,#2692,.F.);
#2012=ORIENTED_EDGE('',*,*,#2451,.F.);
#2013=ORIENTED_EDGE('',*,*,#2729,.T.);
#2014=ORIENTED_EDGE('',*,*,#2608,.T.);
#2015=ORIENTED_EDGE('',*,*,#2600,.T.);
#2016=ORIENTED_EDGE('',*,*,#2769,.F.);
#2017=ORIENTED_EDGE('',*,*,#2773,.F.);
#2018=ORIENTED_EDGE('',*,*,#2739,.T.);
#2019=ORIENTED_EDGE('',*,*,#2723,.T.);
#2020=ORIENTED_EDGE('',*,*,#2425,.T.);
#2021=ORIENTED_EDGE('',*,*,#2772,.F.);
#2022=ORIENTED_EDGE('',*,*,#2734,.T.);
#2023=ORIENTED_EDGE('',*,*,#2714,.T.);
#2024=ORIENTED_EDGE('',*,*,#2419,.T.);
#2025=ORIENTED_EDGE('',*,*,#2712,.F.);
#2026=ORIENTED_EDGE('',*,*,#2642,.T.);
#2027=ORIENTED_EDGE('',*,*,#2637,.T.);
#2028=ORIENTED_EDGE('',*,*,#2760,.T.);
#2029=ORIENTED_EDGE('',*,*,#2681,.T.);
#2030=ORIENTED_EDGE('',*,*,#2409,.T.);
#2031=ORIENTED_EDGE('',*,*,#2683,.F.);
#2032=ORIENTED_EDGE('',*,*,#2445,.F.);
#2033=ORIENTED_EDGE('',*,*,#2670,.T.);
#2034=ORIENTED_EDGE('',*,*,#2764,.F.);
#2035=ORIENTED_EDGE('',*,*,#2672,.F.);
#2036=EDGE_CURVE('',#2774,#2775,#3313,.T.);
#2037=EDGE_CURVE('',#2775,#2776,#508,.T.);
#2038=EDGE_CURVE('',#2777,#2776,#3314,.T.);
#2039=EDGE_CURVE('',#2777,#2778,#509,.T.);
#2040=EDGE_CURVE('',#2778,#2774,#510,.T.);
#2041=EDGE_CURVE('',#2776,#2779,#511,.T.);
#2042=EDGE_CURVE('',#2780,#2779,#3315,.T.);
#2043=EDGE_CURVE('',#2780,#2781,#512,.T.);
#2044=EDGE_CURVE('',#2781,#2777,#513,.T.);
#2045=EDGE_CURVE('',#2779,#2782,#514,.T.);
#2046=EDGE_CURVE('',#2783,#2782,#3316,.T.);
#2047=EDGE_CURVE('',#2783,#2784,#515,.F.);
#2048=EDGE_CURVE('',#2784,#2780,#516,.F.);
#2049=EDGE_CURVE('',#2782,#2785,#517,.T.);
#2050=EDGE_CURVE('',#2786,#2785,#3317,.T.);
#2051=EDGE_CURVE('',#2786,#2787,#518,.T.);
#2052=EDGE_CURVE('',#2787,#2783,#519,.T.);
#2053=EDGE_CURVE('',#2785,#2788,#520,.T.);
#2054=EDGE_CURVE('',#2789,#2788,#3318,.T.);
#2055=EDGE_CURVE('',#2789,#2790,#521,.T.);
#2056=EDGE_CURVE('',#2790,#2786,#522,.T.);
#2057=EDGE_CURVE('',#2788,#2775,#523,.T.);
#2058=EDGE_CURVE('',#2774,#2791,#524,.T.);
#2059=EDGE_CURVE('',#2791,#2789,#525,.T.);
#2060=EDGE_CURVE('',#2790,#2791,#267,.T.);
#2061=EDGE_CURVE('',#2791,#2778,#268,.T.);
#2062=EDGE_CURVE('',#2787,#2790,#269,.T.);
#2063=EDGE_CURVE('',#2784,#2787,#270,.T.);
#2064=EDGE_CURVE('',#2781,#2784,#271,.T.);
#2065=EDGE_CURVE('',#2778,#2781,#272,.T.);
#2066=EDGE_CURVE('',#2792,#2792,#273,.T.);
#2067=EDGE_CURVE('',#2793,#2793,#274,.T.);
#2068=EDGE_CURVE('',#2794,#2795,#526,.T.);
#2069=EDGE_CURVE('',#2795,#2796,#527,.T.);
#2070=EDGE_CURVE('',#2796,#2797,#528,.T.);
#2071=EDGE_CURVE('',#2797,#2798,#529,.T.);
#2072=EDGE_CURVE('',#2798,#2799,#530,.T.);
#2073=EDGE_CURVE('',#2799,#2794,#531,.T.);
#2074=EDGE_CURVE('',#2800,#2800,#275,.T.);
#2075=EDGE_CURVE('',#2785,#2798,#532,.T.);
#2076=EDGE_CURVE('',#2799,#2782,#533,.F.);
#2077=EDGE_CURVE('',#2794,#2779,#534,.F.);
#2078=EDGE_CURVE('',#2788,#2797,#535,.T.);
#2079=EDGE_CURVE('',#2795,#2776,#536,.F.);
#2080=EDGE_CURVE('',#2775,#2796,#537,.T.);
#2081=EDGE_CURVE('',#2801,#2801,#276,.F.);
#2082=EDGE_CURVE('',#2802,#2802,#277,.F.);
#2083=EDGE_CURVE('',#2803,#2803,#278,.T.);
#2084=EDGE_CURVE('',#2804,#2805,#3319,.T.);
#2085=EDGE_CURVE('',#2805,#2804,#279,.T.);
#2086=EDGE_CURVE('',#2806,#2807,#538,.T.);
#2087=EDGE_CURVE('',#2806,#2808,#280,.F.);
#2088=EDGE_CURVE('',#2808,#2805,#539,.T.);
#2089=EDGE_CURVE('',#2804,#2809,#540,.T.);
#2090=EDGE_CURVE('',#2809,#2810,#281,.F.);
#2091=EDGE_CURVE('',#2811,#2810,#541,.T.);
#2092=EDGE_CURVE('',#2811,#2807,#282,.T.);
#2093=EDGE_CURVE('',#2812,#2812,#283,.T.);
#2094=EDGE_CURVE('',#2813,#2813,#284,.T.);
#2095=EDGE_CURVE('',#2814,#2814,#285,.F.);
#2096=EDGE_CURVE('',#2811,#2807,#3320,.T.);
#2097=EDGE_CURVE('',#2810,#2806,#3321,.T.);
#2098=EDGE_CURVE('',#2809,#2808,#3322,.T.);
#2099=EDGE_CURVE('',#2817,#2818,#3323,.T.);
#2100=EDGE_CURVE('',#2818,#2817,#286,.T.);
#2101=EDGE_CURVE('',#2819,#2820,#542,.T.);
#2102=EDGE_CURVE('',#2819,#2821,#287,.F.);
#2103=EDGE_CURVE('',#2821,#2818,#543,.T.);
#2104=EDGE_CURVE('',#2817,#2822,#544,.T.);
#2105=EDGE_CURVE('',#2822,#2823,#288,.F.);
#2106=EDGE_CURVE('',#2824,#2823,#545,.T.);
#2107=EDGE_CURVE('',#2824,#2820,#289,.T.);
#2108=EDGE_CURVE('',#2825,#2825,#290,.T.);
#2109=EDGE_CURVE('',#2826,#2826,#291,.T.);
#2110=EDGE_CURVE('',#2827,#2827,#292,.F.);
#2111=EDGE_CURVE('',#2824,#2820,#3324,.T.);
#2112=EDGE_CURVE('',#2823,#2819,#3325,.T.);
#2113=EDGE_CURVE('',#2822,#2821,#3326,.T.);
#2114=EDGE_CURVE('',#2830,#2831,#293,.T.);
#2115=EDGE_CURVE('',#2832,#2830,#3327,.F.);
#2116=EDGE_CURVE('',#2832,#2833,#3328,.T.);
#2117=EDGE_CURVE('',#2834,#2833,#3329,.F.);
#2118=EDGE_CURVE('',#2835,#2834,#3330,.F.);
#2119=EDGE_CURVE('',#2835,#2831,#3331,.T.);
#2120=EDGE_CURVE('',#2836,#2837,#294,.T.);
#2121=EDGE_CURVE('',#2838,#2836,#3332,.F.);
#2122=EDGE_CURVE('',#2838,#2839,#3333,.T.);
#2123=EDGE_CURVE('',#2840,#2839,#3334,.F.);
#2124=EDGE_CURVE('',#2841,#2840,#3335,.F.);
#2125=EDGE_CURVE('',#2841,#2837,#3336,.T.);
#2126=EDGE_CURVE('',#2842,#2843,#295,.T.);
#2127=EDGE_CURVE('',#2844,#2842,#3337,.F.);
#2128=EDGE_CURVE('',#2845,#2844,#3338,.F.);
#2129=EDGE_CURVE('',#2845,#2846,#3339,.T.);
#2130=EDGE_CURVE('',#2846,#2847,#3340,.T.);
#2131=EDGE_CURVE('',#2847,#2843,#3341,.T.);
#2132=EDGE_CURVE('',#2848,#2848,#296,.T.);
#2133=EDGE_CURVE('',#2849,#2849,#297,.T.);
#2134=EDGE_CURVE('',#2850,#2850,#298,.F.);
#2135=EDGE_CURVE('',#2851,#2852,#3342,.F.);
#2136=EDGE_CURVE('',#2852,#2853,#3343,.F.);
#2137=EDGE_CURVE('',#2854,#2853,#3344,.T.);
#2138=EDGE_CURVE('',#2854,#2855,#3345,.F.);
#2139=EDGE_CURVE('',#2855,#2856,#3346,.F.);
#2140=EDGE_CURVE('',#2857,#2856,#3347,.T.);
#2141=EDGE_CURVE('',#2857,#2858,#3348,.F.);
#2142=EDGE_CURVE('',#2859,#2858,#3349,.T.);
#2143=EDGE_CURVE('',#2859,#2860,#3350,.F.);
#2144=EDGE_CURVE('',#2860,#2861,#3351,.F.);
#2145=EDGE_CURVE('',#2862,#2861,#3352,.T.);
#2146=EDGE_CURVE('',#2862,#2863,#3353,.F.);
#2147=EDGE_CURVE('',#2864,#2863,#3354,.T.);
#2148=EDGE_CURVE('',#2865,#2864,#3355,.T.);
#2149=EDGE_CURVE('',#2866,#2865,#3356,.T.);
#2150=EDGE_CURVE('',#2866,#2867,#3357,.F.);
#2151=EDGE_CURVE('',#2867,#2868,#3358,.F.);
#2152=EDGE_CURVE('',#2869,#2868,#3359,.T.);
#2153=EDGE_CURVE('',#2870,#2869,#3360,.T.);
#2154=EDGE_CURVE('',#2851,#2870,#3361,.T.);
#2155=EDGE_CURVE('',#2871,#2871,#299,.T.);
#2156=EDGE_CURVE('',#2872,#2872,#300,.T.);
#2157=EDGE_CURVE('',#2873,#2873,#301,.T.);
#2158=EDGE_CURVE('',#2852,#2844,#3362,.T.);
#2159=EDGE_CURVE('',#2842,#2874,#546,.T.);
#2160=EDGE_CURVE('',#2853,#2874,#3363,.F.);
#2161=EDGE_CURVE('',#2851,#2845,#3364,.F.);
#2162=EDGE_CURVE('',#2870,#2846,#3365,.T.);
#2163=EDGE_CURVE('',#2869,#2847,#3366,.T.);
#2164=EDGE_CURVE('',#2868,#2875,#3367,.F.);
#2165=EDGE_CURVE('',#2843,#2875,#547,.T.);
#2166=EDGE_CURVE('',#2867,#2876,#3368,.T.);
#2167=EDGE_CURVE('',#2876,#2877,#3369,.F.);
#2168=EDGE_CURVE('',#2877,#2875,#548,.T.);
#2169=EDGE_CURVE('',#2866,#2878,#3370,.F.);
#2170=EDGE_CURVE('',#2878,#2876,#3371,.F.);
#2171=EDGE_CURVE('',#2865,#2879,#3372,.T.);
#2172=EDGE_CURVE('',#2878,#2879,#3373,.T.);
#2173=EDGE_CURVE('',#2864,#2880,#3374,.T.);
#2174=EDGE_CURVE('',#2879,#2880,#3375,.T.);
#2175=EDGE_CURVE('',#2863,#2881,#3376,.F.);
#2176=EDGE_CURVE('',#2882,#2881,#549,.T.);
#2177=EDGE_CURVE('',#2880,#2882,#3377,.T.);
#2178=EDGE_CURVE('',#2862,#2832,#3378,.F.);
#2179=EDGE_CURVE('',#2830,#2881,#550,.T.);
#2180=EDGE_CURVE('',#2861,#2833,#3379,.F.);
#2181=EDGE_CURVE('',#2860,#2834,#3380,.T.);
#2182=EDGE_CURVE('',#2859,#2835,#3381,.F.);
#2183=EDGE_CURVE('',#2858,#2883,#3382,.F.);
#2184=EDGE_CURVE('',#2831,#2883,#551,.T.);
#2185=EDGE_CURVE('',#2857,#2838,#3383,.F.);
#2186=EDGE_CURVE('',#2836,#2883,#552,.T.);
#2187=EDGE_CURVE('',#2856,#2839,#3384,.F.);
#2188=EDGE_CURVE('',#2855,#2840,#3385,.T.);
#2189=EDGE_CURVE('',#2854,#2841,#3386,.F.);
#2190=EDGE_CURVE('',#2837,#2874,#553,.T.);
#2191=EDGE_CURVE('',#2877,#2882,#302,.T.);
#2192=EDGE_CURVE('',#2885,#2886,#3387,.T.);
#2193=EDGE_CURVE('',#2887,#2885,#3388,.T.);
#2194=EDGE_CURVE('',#2888,#2887,#3389,.T.);
#2195=EDGE_CURVE('',#2886,#2888,#3390,.T.);
#2196=EDGE_CURVE('',#2889,#2890,#3391,.T.);
#2197=EDGE_CURVE('',#2891,#2890,#3392,.T.);
#2198=EDGE_CURVE('',#2892,#2891,#3393,.T.);
#2199=EDGE_CURVE('',#2892,#2889,#3394,.T.);
#2200=EDGE_CURVE('',#2893,#2894,#3395,.T.);
#2201=EDGE_CURVE('',#2895,#2893,#3396,.T.);
#2202=EDGE_CURVE('',#2896,#2895,#3397,.T.);
#2203=EDGE_CURVE('',#2894,#2896,#3398,.T.);
#2204=EDGE_CURVE('',#2897,#2898,#3399,.T.);
#2205=EDGE_CURVE('',#2890,#2897,#3400,.T.);
#2206=EDGE_CURVE('',#2898,#2889,#3401,.T.);
#2207=EDGE_CURVE('',#2899,#2900,#3402,.T.);
#2208=EDGE_CURVE('',#2901,#2899,#3403,.T.);
#2209=EDGE_CURVE('',#2902,#2901,#3404,.T.);
#2210=EDGE_CURVE('',#2900,#2902,#3405,.T.);
#2211=EDGE_CURVE('',#2903,#2897,#3406,.T.);
#2212=EDGE_CURVE('',#2891,#2903,#3407,.T.);
#2213=EDGE_CURVE('',#2903,#2904,#3408,.T.);
#2214=EDGE_CURVE('',#2904,#2892,#3409,.T.);
#2215=EDGE_CURVE('',#2905,#2906,#3410,.T.);
#2216=EDGE_CURVE('',#2907,#2905,#3411,.T.);
#2217=EDGE_CURVE('',#2908,#2907,#3412,.T.);
#2218=EDGE_CURVE('',#2906,#2908,#3413,.T.);
#2219=EDGE_CURVE('',#2909,#2910,#3414,.T.);
#2220=EDGE_CURVE('',#2911,#2909,#3415,.T.);
#2221=EDGE_CURVE('',#2912,#2911,#3416,.T.);
#2222=EDGE_CURVE('',#2910,#2912,#3417,.T.);
#2223=EDGE_CURVE('',#2904,#2898,#3418,.T.);
#2224=EDGE_CURVE('',#2913,#2914,#3419,.T.);
#2225=EDGE_CURVE('',#2915,#2913,#3420,.T.);
#2226=EDGE_CURVE('',#2916,#2915,#3421,.T.);
#2227=EDGE_CURVE('',#2914,#2916,#3422,.T.);
#2228=EDGE_CURVE('',#2917,#2894,#3423,.T.);
#2229=EDGE_CURVE('',#2918,#2917,#3424,.T.);
#2230=EDGE_CURVE('',#2918,#2893,#3425,.T.);
#2231=EDGE_CURVE('',#2919,#2918,#3426,.T.);
#2232=EDGE_CURVE('',#2919,#2895,#3427,.T.);
#2233=EDGE_CURVE('',#2920,#2919,#3428,.T.);
#2234=EDGE_CURVE('',#2920,#2896,#3429,.T.);
#2235=EDGE_CURVE('',#2917,#2920,#3430,.T.);
#2236=EDGE_CURVE('',#2921,#2900,#3431,.T.);
#2237=EDGE_CURVE('',#2922,#2921,#3432,.T.);
#2238=EDGE_CURVE('',#2922,#2899,#3433,.T.);
#2239=EDGE_CURVE('',#2923,#2922,#3434,.T.);
#2240=EDGE_CURVE('',#2923,#2901,#3435,.T.);
#2241=EDGE_CURVE('',#2924,#2923,#3436,.T.);
#2242=EDGE_CURVE('',#2924,#2902,#3437,.T.);
#2243=EDGE_CURVE('',#2921,#2924,#3438,.T.);
#2244=EDGE_CURVE('',#2925,#2906,#3439,.T.);
#2245=EDGE_CURVE('',#2926,#2925,#3440,.T.);
#2246=EDGE_CURVE('',#2926,#2905,#3441,.T.);
#2247=EDGE_CURVE('',#2927,#2926,#3442,.T.);
#2248=EDGE_CURVE('',#2927,#2907,#3443,.T.);
#2249=EDGE_CURVE('',#2928,#2927,#3444,.T.);
#2250=EDGE_CURVE('',#2928,#2908,#3445,.T.);
#2251=EDGE_CURVE('',#2925,#2928,#3446,.T.);
#2252=EDGE_CURVE('',#2929,#2910,#3447,.T.);
#2253=EDGE_CURVE('',#2930,#2929,#3448,.T.);
#2254=EDGE_CURVE('',#2930,#2909,#3449,.T.);
#2255=EDGE_CURVE('',#2931,#2930,#3450,.T.);
#2256=EDGE_CURVE('',#2931,#2911,#3451,.T.);
#2257=EDGE_CURVE('',#2932,#2931,#3452,.T.);
#2258=EDGE_CURVE('',#2932,#2912,#3453,.T.);
#2259=EDGE_CURVE('',#2929,#2932,#3454,.T.);
#2260=EDGE_CURVE('',#2933,#2914,#3455,.T.);
#2261=EDGE_CURVE('',#2934,#2933,#3456,.T.);
#2262=EDGE_CURVE('',#2934,#2913,#3457,.T.);
#2263=EDGE_CURVE('',#2935,#2934,#3458,.T.);
#2264=EDGE_CURVE('',#2935,#2915,#3459,.T.);
#2265=EDGE_CURVE('',#2936,#2935,#3460,.T.);
#2266=EDGE_CURVE('',#2936,#2916,#3461,.T.);
#2267=EDGE_CURVE('',#2933,#2936,#3462,.T.);
#2268=EDGE_CURVE('',#2937,#2937,#303,.T.);
#2269=EDGE_CURVE('',#2938,#2938,#304,.T.);
#2270=EDGE_CURVE('',#2939,#2939,#305,.T.);
#2271=EDGE_CURVE('',#2940,#2940,#306,.T.);
#2272=EDGE_CURVE('',#2941,#2941,#307,.T.);
#2273=EDGE_CURVE('',#2942,#2942,#308,.T.);
#2274=EDGE_CURVE('',#2943,#2943,#309,.T.);
#2275=EDGE_CURVE('',#2944,#2944,#310,.T.);
#2276=EDGE_CURVE('',#2945,#2945,#311,.T.);
#2277=EDGE_CURVE('',#2946,#2946,#312,.T.);
#2278=EDGE_CURVE('',#2947,#2947,#313,.T.);
#2279=EDGE_CURVE('',#2948,#2948,#314,.T.);
#2280=EDGE_CURVE('',#2949,#2949,#315,.T.);
#2281=EDGE_CURVE('',#2950,#2950,#316,.T.);
#2282=EDGE_CURVE('',#2951,#2951,#317,.T.);
#2283=EDGE_CURVE('',#2952,#2952,#318,.T.);
#2284=EDGE_CURVE('',#2953,#2953,#319,.T.);
#2285=EDGE_CURVE('',#2954,#2954,#320,.T.);
#2286=EDGE_CURVE('',#2955,#2955,#321,.T.);
#2287=EDGE_CURVE('',#2956,#2956,#322,.T.);
#2288=EDGE_CURVE('',#2957,#2957,#323,.T.);
#2289=EDGE_CURVE('',#2958,#2958,#324,.T.);
#2290=EDGE_CURVE('',#2959,#2959,#325,.T.);
#2291=EDGE_CURVE('',#2960,#2960,#326,.T.);
#2292=EDGE_CURVE('',#2961,#2962,#3463,.T.);
#2293=EDGE_CURVE('',#2962,#2963,#3464,.T.);
#2294=EDGE_CURVE('',#2963,#2964,#3465,.T.);
#2295=EDGE_CURVE('',#2964,#2961,#3466,.T.);
#2296=EDGE_CURVE('',#2961,#2885,#3467,.T.);
#2297=EDGE_CURVE('',#2964,#2887,#3468,.T.);
#2298=EDGE_CURVE('',#2963,#2888,#3469,.T.);
#2299=EDGE_CURVE('',#2962,#2886,#3470,.T.);
#2300=EDGE_CURVE('',#2966,#2966,#327,.T.);
#2301=EDGE_CURVE('',#2968,#2968,#328,.T.);
#2302=EDGE_CURVE('',#2970,#2970,#329,.T.);
#2303=EDGE_CURVE('',#2972,#2972,#330,.T.);
#2304=EDGE_CURVE('',#2974,#2974,#331,.T.);
#2305=EDGE_CURVE('',#2976,#2976,#332,.T.);
#2306=EDGE_CURVE('',#2978,#2978,#333,.T.);
#2307=EDGE_CURVE('',#2980,#2980,#334,.T.);
#2308=EDGE_CURVE('',#2982,#2982,#335,.T.);
#2309=EDGE_CURVE('',#2984,#2984,#336,.T.);
#2310=EDGE_CURVE('',#2986,#2986,#337,.T.);
#2311=EDGE_CURVE('',#2988,#2988,#338,.T.);
#2312=EDGE_CURVE('',#2990,#2990,#339,.T.);
#2313=EDGE_CURVE('',#2992,#2992,#340,.T.);
#2314=EDGE_CURVE('',#2994,#2994,#341,.T.);
#2315=EDGE_CURVE('',#2996,#2996,#342,.T.);
#2316=EDGE_CURVE('',#2998,#2998,#343,.T.);
#2317=EDGE_CURVE('',#3000,#3000,#344,.T.);
#2318=EDGE_CURVE('',#3002,#3002,#345,.T.);
#2319=EDGE_CURVE('',#3004,#3004,#346,.T.);
#2320=EDGE_CURVE('',#3006,#3006,#347,.T.);
#2321=EDGE_CURVE('',#3008,#3008,#348,.T.);
#2322=EDGE_CURVE('',#3010,#3010,#349,.T.);
#2323=EDGE_CURVE('',#3012,#3012,#350,.T.);
#2324=EDGE_CURVE('',#3013,#3014,#3471,.T.);
#2325=EDGE_CURVE('',#3015,#3013,#351,.T.);
#2326=EDGE_CURVE('',#3016,#3015,#3472,.T.);
#2327=EDGE_CURVE('',#3017,#3016,#352,.T.);
#2328=EDGE_CURVE('',#3018,#3017,#3473,.T.);
#2329=EDGE_CURVE('',#3014,#3018,#3474,.T.);
#2330=EDGE_CURVE('',#3019,#3020,#3475,.T.);
#2331=EDGE_CURVE('',#3021,#3019,#353,.T.);
#2332=EDGE_CURVE('',#3022,#3021,#3476,.T.);
#2333=EDGE_CURVE('',#3023,#3022,#354,.T.);
#2334=EDGE_CURVE('',#3024,#3023,#3477,.T.);
#2335=EDGE_CURVE('',#3025,#3024,#355,.T.);
#2336=EDGE_CURVE('',#3026,#3025,#3478,.T.);
#2337=EDGE_CURVE('',#3020,#3026,#356,.T.);
#2338=EDGE_CURVE('',#3027,#3028,#3479,.T.);
#2339=EDGE_CURVE('',#3029,#3027,#357,.T.);
#2340=EDGE_CURVE('',#3030,#3029,#3480,.T.);
#2341=EDGE_CURVE('',#3031,#3030,#3481,.T.);
#2342=EDGE_CURVE('',#3032,#3031,#3482,.T.);
#2343=EDGE_CURVE('',#3028,#3032,#358,.T.);
#2344=EDGE_CURVE('',#3033,#3034,#359,.T.);
#2345=EDGE_CURVE('',#3034,#3035,#3483,.T.);
#2346=EDGE_CURVE('',#3035,#3036,#360,.T.);
#2347=EDGE_CURVE('',#3036,#3037,#3484,.T.);
#2348=EDGE_CURVE('',#3037,#3038,#3485,.T.);
#2349=EDGE_CURVE('',#3038,#3033,#3486,.T.);
#2350=EDGE_CURVE('',#3039,#3040,#361,.T.);
#2351=EDGE_CURVE('',#3040,#3041,#3487,.T.);
#2352=EDGE_CURVE('',#3041,#3042,#362,.T.);
#2353=EDGE_CURVE('',#3042,#3043,#3488,.T.);
#2354=EDGE_CURVE('',#3043,#3044,#363,.T.);
#2355=EDGE_CURVE('',#3044,#3045,#3489,.T.);
#2356=EDGE_CURVE('',#3045,#3046,#364,.T.);
#2357=EDGE_CURVE('',#3046,#3039,#3490,.T.);
#2358=EDGE_CURVE('',#3047,#3048,#3491,.T.);
#2359=EDGE_CURVE('',#3048,#3049,#3492,.T.);
#2360=EDGE_CURVE('',#3049,#3050,#365,.T.);
#2361=EDGE_CURVE('',#3050,#3051,#3493,.T.);
#2362=EDGE_CURVE('',#3051,#3052,#366,.T.);
#2363=EDGE_CURVE('',#3052,#3047,#3494,.T.);
#2364=EDGE_CURVE('',#3053,#3054,#3495,.T.);
#2365=EDGE_CURVE('',#3055,#3053,#367,.T.);
#2366=EDGE_CURVE('',#3056,#3055,#3496,.T.);
#2367=EDGE_CURVE('',#3057,#3056,#3497,.T.);
#2368=EDGE_CURVE('',#3058,#3057,#3498,.T.);
#2369=EDGE_CURVE('',#3054,#3058,#368,.T.);
#2370=EDGE_CURVE('',#3059,#3060,#3499,.T.);
#2371=EDGE_CURVE('',#3061,#3059,#369,.T.);
#2372=EDGE_CURVE('',#3062,#3061,#3500,.T.);
#2373=EDGE_CURVE('',#3063,#3062,#370,.T.);
#2374=EDGE_CURVE('',#3064,#3063,#3501,.T.);
#2375=EDGE_CURVE('',#3065,#3064,#371,.T.);
#2376=EDGE_CURVE('',#3066,#3065,#3502,.T.);
#2377=EDGE_CURVE('',#3060,#3066,#372,.T.);
#2378=EDGE_CURVE('',#3067,#3068,#3503,.T.);
#2379=EDGE_CURVE('',#3069,#3067,#3504,.T.);
#2380=EDGE_CURVE('',#3070,#3069,#3505,.T.);
#2381=EDGE_CURVE('',#3071,#3070,#373,.T.);
#2382=EDGE_CURVE('',#3072,#3071,#3506,.T.);
#2383=EDGE_CURVE('',#3068,#3072,#374,.T.);
#2384=EDGE_CURVE('',#3073,#3074,#3507,.T.);
#2385=EDGE_CURVE('',#3074,#3075,#3508,.T.);
#2386=EDGE_CURVE('',#3075,#3076,#375,.T.);
#2387=EDGE_CURVE('',#3076,#3077,#3509,.T.);
#2388=EDGE_CURVE('',#3077,#3078,#376,.T.);
#2389=EDGE_CURVE('',#3078,#3073,#3510,.T.);
#2390=EDGE_CURVE('',#3079,#3080,#377,.T.);
#2391=EDGE_CURVE('',#3080,#3081,#3511,.T.);
#2392=EDGE_CURVE('',#3081,#3082,#378,.T.);
#2393=EDGE_CURVE('',#3082,#3083,#3512,.T.);
#2394=EDGE_CURVE('',#3083,#3084,#379,.T.);
#2395=EDGE_CURVE('',#3084,#3085,#3513,.T.);
#2396=EDGE_CURVE('',#3085,#3086,#380,.T.);
#2397=EDGE_CURVE('',#3086,#3079,#3514,.T.);
#2398=EDGE_CURVE('',#3087,#3088,#381,.T.);
#2399=EDGE_CURVE('',#3088,#3089,#3515,.T.);
#2400=EDGE_CURVE('',#3089,#3090,#3516,.T.);
#2401=EDGE_CURVE('',#3090,#3091,#3517,.T.);
#2402=EDGE_CURVE('',#3091,#3092,#382,.T.);
#2403=EDGE_CURVE('',#3092,#3087,#3518,.T.);
#2404=EDGE_CURVE('',#3093,#3094,#3519,.T.);
#2405=EDGE_CURVE('',#3095,#3093,#383,.T.);
#2406=EDGE_CURVE('',#3096,#3095,#3520,.T.);
#2407=EDGE_CURVE('',#3097,#3096,#384,.T.);
#2408=EDGE_CURVE('',#3098,#3097,#3521,.T.);
#2409=EDGE_CURVE('',#3094,#3098,#385,.T.);
#2410=EDGE_CURVE('',#3099,#3100,#3522,.T.);
#2411=EDGE_CURVE('',#3101,#3099,#386,.T.);
#2412=EDGE_CURVE('',#3102,#3101,#3523,.T.);
#2413=EDGE_CURVE('',#3103,#3102,#387,.T.);
#2414=EDGE_CURVE('',#3104,#3103,#3524,.T.);
#2415=EDGE_CURVE('',#3100,#3104,#388,.T.);
#2416=EDGE_CURVE('',#3105,#3106,#3525,.T.);
#2417=EDGE_CURVE('',#3107,#3105,#389,.T.);
#2418=EDGE_CURVE('',#3108,#3107,#3526,.T.);
#2419=EDGE_CURVE('',#3109,#3108,#390,.T.);
#2420=EDGE_CURVE('',#3110,#3109,#3527,.T.);
#2421=EDGE_CURVE('',#3106,#3110,#391,.T.);
#2422=EDGE_CURVE('',#3111,#3112,#3528,.T.);
#2423=EDGE_CURVE('',#3113,#3111,#392,.T.);
#2424=EDGE_CURVE('',#3114,#3113,#3529,.T.);
#2425=EDGE_CURVE('',#3115,#3114,#393,.T.);
#2426=EDGE_CURVE('',#3116,#3115,#3530,.T.);
#2427=EDGE_CURVE('',#3112,#3116,#394,.T.);
#2428=EDGE_CURVE('',#3117,#3118,#3531,.T.);
#2429=EDGE_CURVE('',#3118,#3119,#395,.T.);
#2430=EDGE_CURVE('',#3119,#3120,#3532,.T.);
#2431=EDGE_CURVE('',#3120,#3121,#396,.T.);
#2432=EDGE_CURVE('',#3121,#3122,#3533,.T.);
#2433=EDGE_CURVE('',#3122,#3117,#397,.T.);
#2434=EDGE_CURVE('',#3123,#3124,#3534,.T.);
#2435=EDGE_CURVE('',#3124,#3125,#398,.T.);
#2436=EDGE_CURVE('',#3125,#3126,#3535,.T.);
#2437=EDGE_CURVE('',#3126,#3127,#399,.T.);
#2438=EDGE_CURVE('',#3127,#3128,#3536,.T.);
#2439=EDGE_CURVE('',#3128,#3123,#400,.T.);
#2440=EDGE_CURVE('',#3129,#3130,#3537,.T.);
#2441=EDGE_CURVE('',#3130,#3131,#401,.T.);
#2442=EDGE_CURVE('',#3131,#3132,#3538,.T.);
#2443=EDGE_CURVE('',#3132,#3133,#402,.T.);
#2444=EDGE_CURVE('',#3133,#3134,#3539,.T.);
#2445=EDGE_CURVE('',#3134,#3129,#403,.T.);
#2446=EDGE_CURVE('',#3135,#3136,#3540,.T.);
#2447=EDGE_CURVE('',#3136,#3137,#404,.T.);
#2448=EDGE_CURVE('',#3137,#3138,#3541,.T.);
#2449=EDGE_CURVE('',#3138,#3139,#405,.T.);
#2450=EDGE_CURVE('',#3139,#3140,#3542,.T.);
#2451=EDGE_CURVE('',#3140,#3135,#406,.T.);
#2452=EDGE_CURVE('',#3141,#3142,#3543,.T.);
#2453=EDGE_CURVE('',#3077,#3142,#3544,.T.);
#2454=EDGE_CURVE('',#3076,#3141,#3545,.T.);
#2455=EDGE_CURVE('',#3143,#3144,#3546,.T.);
#2456=EDGE_CURVE('',#3074,#3144,#3547,.T.);
#2457=EDGE_CURVE('',#3073,#3143,#3548,.T.);
#2458=EDGE_CURVE('',#3145,#3141,#407,.T.);
#2459=EDGE_CURVE('',#3075,#3145,#3549,.T.);
#2460=EDGE_CURVE('',#3142,#3146,#408,.T.);
#2461=EDGE_CURVE('',#3078,#3146,#3550,.T.);
#2462=EDGE_CURVE('',#3147,#3148,#3551,.T.);
#2463=EDGE_CURVE('',#3083,#3148,#3552,.T.);
#2464=EDGE_CURVE('',#3082,#3147,#3553,.T.);
#2465=EDGE_CURVE('',#3148,#3149,#409,.T.);
#2466=EDGE_CURVE('',#3084,#3149,#3554,.T.);
#2467=EDGE_CURVE('',#3150,#3151,#410,.T.);
#2468=EDGE_CURVE('',#3086,#3151,#3555,.T.);
#2469=EDGE_CURVE('',#3085,#3150,#3556,.T.);
#2470=EDGE_CURVE('',#3151,#3152,#3557,.T.);
#2471=EDGE_CURVE('',#3079,#3152,#3558,.T.);
#2472=EDGE_CURVE('',#3152,#3153,#411,.T.);
#2473=EDGE_CURVE('',#3080,#3153,#3559,.T.);
#2474=EDGE_CURVE('',#3154,#3147,#412,.T.);
#2475=EDGE_CURVE('',#3081,#3154,#3560,.T.);
#2476=EDGE_CURVE('',#3149,#3150,#3561,.T.);
#2477=EDGE_CURVE('',#3153,#3154,#3562,.T.);
#2478=EDGE_CURVE('',#3155,#3156,#3563,.T.);
#2479=EDGE_CURVE('',#3087,#3156,#3564,.T.);
#2480=EDGE_CURVE('',#3092,#3155,#3565,.T.);
#2481=EDGE_CURVE('',#3157,#3158,#3566,.T.);
#2482=EDGE_CURVE('',#3090,#3158,#3567,.T.);
#2483=EDGE_CURVE('',#3089,#3157,#3568,.T.);
#2484=EDGE_CURVE('',#3159,#3155,#413,.T.);
#2485=EDGE_CURVE('',#3091,#3159,#3569,.T.);
#2486=EDGE_CURVE('',#3156,#3160,#414,.T.);
#2487=EDGE_CURVE('',#3088,#3160,#3570,.T.);
#2488=EDGE_CURVE('',#3161,#3162,#415,.T.);
#2489=EDGE_CURVE('',#3162,#3055,#3571,.T.);
#2490=EDGE_CURVE('',#3161,#3053,#3572,.T.);
#2491=EDGE_CURVE('',#3163,#3057,#3573,.T.);
#2492=EDGE_CURVE('',#3164,#3056,#3574,.T.);
#2493=EDGE_CURVE('',#3163,#3164,#3575,.T.);
#2494=EDGE_CURVE('',#3165,#3166,#416,.T.);
#2495=EDGE_CURVE('',#3166,#3054,#3576,.T.);
#2496=EDGE_CURVE('',#3165,#3058,#3577,.T.);
#2497=EDGE_CURVE('',#3166,#3161,#3578,.T.);
#2498=EDGE_CURVE('',#3167,#3061,#3579,.T.);
#2499=EDGE_CURVE('',#3168,#3059,#3580,.T.);
#2500=EDGE_CURVE('',#3167,#3168,#417,.T.);
#2501=EDGE_CURVE('',#3169,#3062,#3581,.T.);
#2502=EDGE_CURVE('',#3169,#3167,#3582,.T.);
#2503=EDGE_CURVE('',#3170,#3063,#3583,.T.);
#2504=EDGE_CURVE('',#3170,#3169,#418,.T.);
#2505=EDGE_CURVE('',#3171,#3064,#3584,.T.);
#2506=EDGE_CURVE('',#3171,#3170,#3585,.T.);
#2507=EDGE_CURVE('',#3172,#3065,#3586,.T.);
#2508=EDGE_CURVE('',#3172,#3171,#419,.T.);
#2509=EDGE_CURVE('',#3173,#3066,#3587,.T.);
#2510=EDGE_CURVE('',#3173,#3172,#3588,.T.);
#2511=EDGE_CURVE('',#3174,#3060,#3589,.T.);
#2512=EDGE_CURVE('',#3174,#3173,#420,.T.);
#2513=EDGE_CURVE('',#3168,#3174,#3590,.T.);
#2514=EDGE_CURVE('',#3175,#3069,#3591,.T.);
#2515=EDGE_CURVE('',#3176,#3067,#3592,.T.);
#2516=EDGE_CURVE('',#3175,#3176,#3593,.T.);
#2517=EDGE_CURVE('',#3177,#3178,#421,.T.);
#2518=EDGE_CURVE('',#3178,#3071,#3594,.T.);
#2519=EDGE_CURVE('',#3177,#3070,#3595,.T.);
#2520=EDGE_CURVE('',#3178,#3179,#3596,.T.);
#2521=EDGE_CURVE('',#3179,#3072,#3597,.T.);
#2522=EDGE_CURVE('',#3179,#3180,#422,.T.);
#2523=EDGE_CURVE('',#3180,#3068,#3598,.T.);
#2524=EDGE_CURVE('',#3181,#3182,#3599,.T.);
#2525=EDGE_CURVE('',#3183,#3181,#3600,.T.);
#2526=EDGE_CURVE('',#3184,#3183,#3601,.T.);
#2527=EDGE_CURVE('',#3182,#3184,#3602,.T.);
#2528=EDGE_CURVE('',#3185,#3186,#3603,.T.);
#2529=EDGE_CURVE('',#3038,#3186,#3604,.T.);
#2530=EDGE_CURVE('',#3037,#3185,#3605,.T.);
#2531=EDGE_CURVE('',#3033,#3187,#3606,.T.);
#2532=EDGE_CURVE('',#3186,#3188,#3607,.T.);
#2533=EDGE_CURVE('',#3189,#3188,#423,.T.);
#2534=EDGE_CURVE('',#3181,#3189,#3608,.T.);
#2535=EDGE_CURVE('',#3190,#3182,#3609,.T.);
#2536=EDGE_CURVE('',#3187,#3190,#424,.T.);
#2537=EDGE_CURVE('',#3191,#3192,#425,.T.);
#2538=EDGE_CURVE('',#3034,#3192,#3610,.T.);
#2539=EDGE_CURVE('',#3193,#3187,#554,.T.);
#2540=EDGE_CURVE('',#3191,#3193,#3611,.T.);
#2541=EDGE_CURVE('',#3194,#3195,#426,.T.);
#2542=EDGE_CURVE('',#3036,#3195,#3612,.T.);
#2543=EDGE_CURVE('',#3035,#3194,#3613,.T.);
#2544=EDGE_CURVE('',#3196,#3197,#3614,.T.);
#2545=EDGE_CURVE('',#3043,#3197,#3615,.T.);
#2546=EDGE_CURVE('',#3042,#3196,#3616,.T.);
#2547=EDGE_CURVE('',#3197,#3198,#427,.T.);
#2548=EDGE_CURVE('',#3044,#3198,#3617,.T.);
#2549=EDGE_CURVE('',#3198,#3199,#3618,.T.);
#2550=EDGE_CURVE('',#3045,#3199,#3619,.T.);
#2551=EDGE_CURVE('',#3199,#3200,#428,.T.);
#2552=EDGE_CURVE('',#3046,#3200,#3620,.T.);
#2553=EDGE_CURVE('',#3200,#3201,#3621,.T.);
#2554=EDGE_CURVE('',#3039,#3201,#3622,.T.);
#2555=EDGE_CURVE('',#3201,#3202,#429,.T.);
#2556=EDGE_CURVE('',#3040,#3202,#3623,.T.);
#2557=EDGE_CURVE('',#3202,#3203,#3624,.T.);
#2558=EDGE_CURVE('',#3041,#3203,#3625,.T.);
#2559=EDGE_CURVE('',#3203,#3196,#430,.T.);
#2560=EDGE_CURVE('',#3204,#3205,#431,.T.);
#2561=EDGE_CURVE('',#3206,#3205,#3626,.T.);
#2562=EDGE_CURVE('',#3207,#3206,#555,.T.);
#2563=EDGE_CURVE('',#3052,#3207,#3627,.T.);
#2564=EDGE_CURVE('',#3051,#3204,#3628,.T.);
#2565=EDGE_CURVE('',#3208,#3209,#3629,.T.);
#2566=EDGE_CURVE('',#3210,#3208,#3630,.T.);
#2567=EDGE_CURVE('',#3211,#3210,#3631,.T.);
#2568=EDGE_CURVE('',#3212,#3211,#432,.T.);
#2569=EDGE_CURVE('',#3212,#3213,#3632,.T.);
#2570=EDGE_CURVE('',#3047,#3213,#3633,.T.);
#2571=EDGE_CURVE('',#3209,#3207,#433,.T.);
#2572=EDGE_CURVE('',#3214,#3215,#3634,.T.);
#2573=EDGE_CURVE('',#3210,#3214,#3635,.T.);
#2574=EDGE_CURVE('',#3215,#3208,#3636,.T.);
#2575=EDGE_CURVE('',#3216,#3217,#3637,.T.);
#2576=EDGE_CURVE('',#3218,#3217,#3638,.T.);
#2577=EDGE_CURVE('',#3219,#3218,#3639,.T.);
#2578=EDGE_CURVE('',#3216,#3219,#3640,.T.);
#2579=EDGE_CURVE('',#3213,#3220,#3641,.T.);
#2580=EDGE_CURVE('',#3048,#3220,#3642,.T.);
#2581=EDGE_CURVE('',#3220,#3221,#3643,.T.);
#2582=EDGE_CURVE('',#3222,#3221,#434,.T.);
#2583=EDGE_CURVE('',#3219,#3222,#3644,.T.);
#2584=EDGE_CURVE('',#3223,#3218,#3645,.T.);
#2585=EDGE_CURVE('',#3224,#3223,#435,.T.);
#2586=EDGE_CURVE('',#3049,#3224,#3646,.T.);
#2587=EDGE_CURVE('',#3225,#3226,#436,.T.);
#2588=EDGE_CURVE('',#3050,#3226,#3647,.T.);
#2589=EDGE_CURVE('',#3227,#3224,#556,.T.);
#2590=EDGE_CURVE('',#3227,#3225,#3648,.T.);
#2591=EDGE_CURVE('',#3228,#3229,#3649,.T.);
#2592=EDGE_CURVE('',#3230,#3228,#3650,.T.);
#2593=EDGE_CURVE('',#3231,#3230,#3651,.T.);
#2594=EDGE_CURVE('',#3229,#3231,#3652,.T.);
#2595=EDGE_CURVE('',#3232,#3233,#437,.T.);
#2596=EDGE_CURVE('',#3233,#3015,#3653,.T.);
#2597=EDGE_CURVE('',#3232,#3013,#3654,.T.);
#2598=EDGE_CURVE('',#3234,#3235,#438,.T.);
#2599=EDGE_CURVE('',#3236,#3235,#3655,.T.);
#2600=EDGE_CURVE('',#3237,#3236,#557,.T.);
#2601=EDGE_CURVE('',#3237,#3017,#3656,.T.);
#2602=EDGE_CURVE('',#3234,#3016,#3657,.T.);
#2603=EDGE_CURVE('',#3231,#3238,#3658,.T.);
#2604=EDGE_CURVE('',#3239,#3230,#3659,.T.);
#2605=EDGE_CURVE('',#3240,#3239,#439,.T.);
#2606=EDGE_CURVE('',#3240,#3241,#3660,.T.);
#2607=EDGE_CURVE('',#3241,#3018,#3661,.T.);
#2608=EDGE_CURVE('',#3238,#3237,#440,.T.);
#2609=EDGE_CURVE('',#3241,#3242,#3662,.T.);
#2610=EDGE_CURVE('',#3242,#3014,#3663,.T.);
#2611=EDGE_CURVE('',#3243,#3244,#441,.T.);
#2612=EDGE_CURVE('',#3244,#3021,#3664,.T.);
#2613=EDGE_CURVE('',#3243,#3019,#3665,.T.);
#2614=EDGE_CURVE('',#3244,#3245,#3666,.T.);
#2615=EDGE_CURVE('',#3245,#3022,#3667,.T.);
#2616=EDGE_CURVE('',#3245,#3246,#442,.T.);
#2617=EDGE_CURVE('',#3246,#3023,#3668,.T.);
#2618=EDGE_CURVE('',#3246,#3247,#3669,.T.);
#2619=EDGE_CURVE('',#3247,#3024,#3670,.T.);
#2620=EDGE_CURVE('',#3247,#3248,#443,.T.);
#2621=EDGE_CURVE('',#3248,#3025,#3671,.T.);
#2622=EDGE_CURVE('',#3248,#3249,#3672,.T.);
#2623=EDGE_CURVE('',#3249,#3026,#3673,.T.);
#2624=EDGE_CURVE('',#3249,#3250,#444,.T.);
#2625=EDGE_CURVE('',#3250,#3020,#3674,.T.);
#2626=EDGE_CURVE('',#3250,#3243,#3675,.T.);
#2627=EDGE_CURVE('',#3251,#3252,#3676,.T.);
#2628=EDGE_CURVE('',#3253,#3251,#3677,.T.);
#2629=EDGE_CURVE('',#3253,#3254,#3678,.T.);
#2630=EDGE_CURVE('',#3252,#3254,#3679,.T.);
#2631=EDGE_CURVE('',#3255,#3256,#3680,.T.);
#2632=EDGE_CURVE('',#3257,#3256,#3681,.T.);
#2633=EDGE_CURVE('',#3258,#3257,#3682,.T.);
#2634=EDGE_CURVE('',#3255,#3258,#3683,.T.);
#2635=EDGE_CURVE('',#3259,#3260,#445,.T.);
#2636=EDGE_CURVE('',#3260,#3261,#3684,.T.);
#2637=EDGE_CURVE('',#3262,#3261,#558,.T.);
#2638=EDGE_CURVE('',#3262,#3029,#3685,.T.);
#2639=EDGE_CURVE('',#3259,#3027,#3686,.T.);
#2640=EDGE_CURVE('',#3263,#3264,#3687,.T.);
#2641=EDGE_CURVE('',#3264,#3030,#3688,.T.);
#2642=EDGE_CURVE('',#3265,#3262,#446,.T.);
#2643=EDGE_CURVE('',#3251,#3265,#3689,.T.);
#2644=EDGE_CURVE('',#3266,#3252,#3690,.T.);
#2645=EDGE_CURVE('',#3263,#3266,#447,.T.);
#2646=EDGE_CURVE('',#3264,#3267,#3691,.T.);
#2647=EDGE_CURVE('',#3267,#3031,#3692,.T.);
#2648=EDGE_CURVE('',#3268,#3269,#448,.T.);
#2649=EDGE_CURVE('',#3268,#3032,#3693,.T.);
#2650=EDGE_CURVE('',#3267,#3270,#3694,.T.);
#2651=EDGE_CURVE('',#3271,#3270,#449,.T.);
#2652=EDGE_CURVE('',#3256,#3271,#3695,.T.);
#2653=EDGE_CURVE('',#3269,#3255,#3696,.T.);
#2654=EDGE_CURVE('',#3272,#3273,#450,.T.);
#2655=EDGE_CURVE('',#3273,#3028,#3697,.T.);
#2656=EDGE_CURVE('',#3274,#3268,#559,.T.);
#2657=EDGE_CURVE('',#3272,#3274,#3698,.T.);
#2658=EDGE_CURVE('',#3126,#3240,#3699,.T.);
#2659=EDGE_CURVE('',#3127,#3239,#3700,.T.);
#2660=EDGE_CURVE('',#3275,#3228,#3701,.T.);
#2661=EDGE_CURVE('',#3128,#3275,#3702,.T.);
#2662=EDGE_CURVE('',#3123,#3276,#3703,.T.);
#2663=EDGE_CURVE('',#3276,#3275,#451,.T.);
#2664=EDGE_CURVE('',#3257,#3276,#3704,.T.);
#2665=EDGE_CURVE('',#3124,#3271,#3705,.T.);
#2666=EDGE_CURVE('',#3125,#3270,#3706,.T.);
#2667=EDGE_CURVE('',#3132,#3212,#3707,.T.);
#2668=EDGE_CURVE('',#3133,#3211,#3708,.T.);
#2669=EDGE_CURVE('',#3277,#3214,#3709,.T.);
#2670=EDGE_CURVE('',#3134,#3277,#3710,.T.);
#2671=EDGE_CURVE('',#3130,#3189,#3711,.T.);
#2672=EDGE_CURVE('',#3129,#3278,#3712,.T.);
#2673=EDGE_CURVE('',#3183,#3278,#3713,.T.);
#2674=EDGE_CURVE('',#3131,#3188,#3714,.T.);
#2675=EDGE_CURVE('',#3164,#3279,#3715,.T.);
#2676=EDGE_CURVE('',#3120,#3279,#3716,.T.);
#2677=EDGE_CURVE('',#3119,#3280,#3717,.T.);
#2678=EDGE_CURVE('',#3280,#3175,#3718,.T.);
#2679=EDGE_CURVE('',#3176,#3281,#3719,.T.);
#2680=EDGE_CURVE('',#3281,#3093,#3720,.T.);
#2681=EDGE_CURVE('',#3282,#3094,#3721,.T.);
#2682=EDGE_CURVE('',#3282,#3163,#3722,.T.);
#2683=EDGE_CURVE('',#3265,#3098,#3723,.T.);
#2684=EDGE_CURVE('',#3283,#3097,#3724,.T.);
#2685=EDGE_CURVE('',#3283,#3253,#3725,.T.);
#2686=EDGE_CURVE('',#3284,#3283,#452,.T.);
#2687=EDGE_CURVE('',#3284,#3096,#3726,.T.);
#2688=EDGE_CURVE('',#3223,#3095,#3727,.T.);
#2689=EDGE_CURVE('',#3217,#3284,#3728,.T.);
#2690=EDGE_CURVE('',#3285,#3258,#3729,.T.);
#2691=EDGE_CURVE('',#3122,#3285,#3730,.T.);
#2692=EDGE_CURVE('',#3121,#3269,#3731,.T.);
#2693=EDGE_CURVE('',#3117,#3286,#3732,.T.);
#2694=EDGE_CURVE('',#3286,#3285,#453,.T.);
#2695=EDGE_CURVE('',#3215,#3286,#3733,.T.);
#2696=EDGE_CURVE('',#3118,#3209,#3734,.T.);
#2697=EDGE_CURVE('',#3281,#3227,#454,.T.);
#2698=EDGE_CURVE('',#3263,#3099,#3735,.T.);
#2699=EDGE_CURVE('',#3266,#3101,#3736,.T.);
#2700=EDGE_CURVE('',#3254,#3287,#3737,.T.);
#2701=EDGE_CURVE('',#3287,#3102,#3738,.T.);
#2702=EDGE_CURVE('',#3287,#3288,#455,.T.);
#2703=EDGE_CURVE('',#3288,#3103,#3739,.T.);
#2704=EDGE_CURVE('',#3288,#3289,#3740,.T.);
#2705=EDGE_CURVE('',#3289,#3104,#3741,.T.);
#2706=EDGE_CURVE('',#3289,#3290,#456,.T.);
#2707=EDGE_CURVE('',#3290,#3100,#3742,.T.);
#2708=EDGE_CURVE('',#3291,#3292,#457,.T.);
#2709=EDGE_CURVE('',#3292,#3107,#3743,.T.);
#2710=EDGE_CURVE('',#3291,#3105,#3744,.T.);
#2711=EDGE_CURVE('',#3292,#3293,#3745,.T.);
#2712=EDGE_CURVE('',#3293,#3108,#3746,.T.);
#2713=EDGE_CURVE('',#3222,#3110,#3747,.T.);
#2714=EDGE_CURVE('',#3294,#3109,#3748,.T.);
#2715=EDGE_CURVE('',#3294,#3216,#3749,.T.);
#2716=EDGE_CURVE('',#3221,#3106,#3750,.T.);
#2717=EDGE_CURVE('',#3295,#3296,#3751,.T.);
#2718=EDGE_CURVE('',#3296,#3111,#3752,.T.);
#2719=EDGE_CURVE('',#3295,#3112,#3753,.T.);
#2720=EDGE_CURVE('',#3297,#3295,#458,.T.);
#2721=EDGE_CURVE('',#3297,#3116,#3754,.T.);
#2722=EDGE_CURVE('',#3298,#3297,#3755,.T.);
#2723=EDGE_CURVE('',#3298,#3115,#3756,.T.);
#2724=EDGE_CURVE('',#3137,#3190,#3757,.T.);
#2725=EDGE_CURVE('',#3299,#3184,#3758,.T.);
#2726=EDGE_CURVE('',#3138,#3299,#3759,.T.);
#2727=EDGE_CURVE('',#3139,#3300,#3760,.T.);
#2728=EDGE_CURVE('',#3300,#3299,#459,.T.);
#2729=EDGE_CURVE('',#3140,#3238,#3761,.T.);
#2730=EDGE_CURVE('',#3229,#3300,#3762,.T.);
#2731=EDGE_CURVE('',#3296,#3301,#460,.T.);
#2732=EDGE_CURVE('',#3301,#3113,#3763,.T.);
#2733=EDGE_CURVE('',#3242,#3290,#3764,.T.);
#2734=EDGE_CURVE('',#3293,#3294,#461,.T.);
#2735=EDGE_CURVE('',#3291,#3185,#3765,.T.);
#2736=EDGE_CURVE('',#3195,#3302,#3766,.T.);
#2737=EDGE_CURVE('',#3302,#3159,#3767,.T.);
#2738=EDGE_CURVE('',#3158,#3301,#3768,.T.);
#2739=EDGE_CURVE('',#3303,#3298,#462,.T.);
#2740=EDGE_CURVE('',#3303,#3143,#3769,.T.);
#2741=EDGE_CURVE('',#3146,#3304,#3770,.T.);
#2742=EDGE_CURVE('',#3304,#3232,#3771,.T.);
#2743=EDGE_CURVE('',#3305,#3205,#3772,.T.);
#2744=EDGE_CURVE('',#3177,#3305,#3773,.T.);
#2745=EDGE_CURVE('',#3280,#3206,#463,.T.);
#2746=EDGE_CURVE('',#3306,#3165,#3774,.T.);
#2747=EDGE_CURVE('',#3259,#3306,#3775,.T.);
#2748=EDGE_CURVE('',#3307,#3273,#3776,.T.);
#2749=EDGE_CURVE('',#3307,#3162,#3777,.T.);
#2750=EDGE_CURVE('',#3272,#3307,#3778,.T.);
#2751=EDGE_CURVE('',#3145,#3308,#3779,.T.);
#2752=EDGE_CURVE('',#3308,#3234,#3780,.T.);
#2753=EDGE_CURVE('',#3233,#3304,#3781,.T.);
#2754=EDGE_CURVE('',#3305,#3204,#3782,.T.);
#2755=EDGE_CURVE('',#3226,#3309,#3783,.T.);
#2756=EDGE_CURVE('',#3180,#3309,#3784,.T.);
#2757=EDGE_CURVE('',#3194,#3302,#3785,.T.);
#2758=EDGE_CURVE('',#3310,#3192,#3786,.T.);
#2759=EDGE_CURVE('',#3310,#3160,#3787,.T.);
#2760=EDGE_CURVE('',#3261,#3282,#464,.T.);
#2761=EDGE_CURVE('',#3260,#3306,#3788,.T.);
#2762=EDGE_CURVE('',#3309,#3225,#3789,.T.);
#2763=EDGE_CURVE('',#3274,#3279,#465,.T.);
#2764=EDGE_CURVE('',#3278,#3277,#466,.T.);
#2765=EDGE_CURVE('',#3193,#3311,#467,.T.);
#2766=EDGE_CURVE('',#3311,#3157,#3790,.T.);
#2767=EDGE_CURVE('',#3191,#3310,#3791,.T.);
#2768=EDGE_CURVE('',#3144,#3312,#3792,.T.);
#2769=EDGE_CURVE('',#3312,#3236,#468,.T.);
#2770=EDGE_CURVE('',#3308,#3235,#3793,.T.);
#2771=EDGE_CURVE('',#3136,#3311,#3794,.T.);
#2772=EDGE_CURVE('',#3303,#3114,#3795,.T.);
#2773=EDGE_CURVE('',#3135,#3312,#3796,.T.);
#2774=VERTEX_POINT('',#7773);
#2775=VERTEX_POINT('',#7774);
#2776=VERTEX_POINT('',#7780);
#2777=VERTEX_POINT('',#7782);
#2778=VERTEX_POINT('',#7787);
#2779=VERTEX_POINT('',#7798);
#2780=VERTEX_POINT('',#7800);
#2781=VERTEX_POINT('',#7805);
#2782=VERTEX_POINT('',#7816);
#2783=VERTEX_POINT('',#7818);
#2784=VERTEX_POINT('',#7823);
#2785=VERTEX_POINT('',#7834);
#2786=VERTEX_POINT('',#7836);
#2787=VERTEX_POINT('',#7841);
#2788=VERTEX_POINT('',#7852);
#2789=VERTEX_POINT('',#7854);
#2790=VERTEX_POINT('',#7859);
#2791=VERTEX_POINT('',#7874);
#2792=VERTEX_POINT('',#7894);
#2793=VERTEX_POINT('',#7896);
#2794=VERTEX_POINT('',#7903);
#2795=VERTEX_POINT('',#7904);
#2796=VERTEX_POINT('',#7910);
#2797=VERTEX_POINT('',#7916);
#2798=VERTEX_POINT('',#7922);
#2799=VERTEX_POINT('',#7928);
#2800=VERTEX_POINT('',#7936);
#2801=VERTEX_POINT('',#8053);
#2802=VERTEX_POINT('',#8055);
#2803=VERTEX_POINT('',#8058);
#2804=VERTEX_POINT('',#8068);
#2805=VERTEX_POINT('',#8069);
#2806=VERTEX_POINT('',#8076);
#2807=VERTEX_POINT('',#8077);
#2808=VERTEX_POINT('',#8079);
#2809=VERTEX_POINT('',#8088);
#2810=VERTEX_POINT('',#8090);
#2811=VERTEX_POINT('',#8095);
#2812=VERTEX_POINT('',#8098);
#2813=VERTEX_POINT('',#8101);
#2814=VERTEX_POINT('',#8104);
#2815=VERTEX_POINT('',#8114);
#2816=VERTEX_POINT('',#8115);
#2817=VERTEX_POINT('',#8122);
#2818=VERTEX_POINT('',#8123);
#2819=VERTEX_POINT('',#8130);
#2820=VERTEX_POINT('',#8131);
#2821=VERTEX_POINT('',#8133);
#2822=VERTEX_POINT('',#8142);
#2823=VERTEX_POINT('',#8144);
#2824=VERTEX_POINT('',#8149);
#2825=VERTEX_POINT('',#8152);
#2826=VERTEX_POINT('',#8155);
#2827=VERTEX_POINT('',#8158);
#2828=VERTEX_POINT('',#8168);
#2829=VERTEX_POINT('',#8169);
#2830=VERTEX_POINT('',#8179);
#2831=VERTEX_POINT('',#8180);
#2832=VERTEX_POINT('',#8182);
#2833=VERTEX_POINT('',#8184);
#2834=VERTEX_POINT('',#8186);
#2835=VERTEX_POINT('',#8188);
#2836=VERTEX_POINT('',#8192);
#2837=VERTEX_POINT('',#8193);
#2838=VERTEX_POINT('',#8195);
#2839=VERTEX_POINT('',#8197);
#2840=VERTEX_POINT('',#8199);
#2841=VERTEX_POINT('',#8201);
#2842=VERTEX_POINT('',#8205);
#2843=VERTEX_POINT('',#8206);
#2844=VERTEX_POINT('',#8208);
#2845=VERTEX_POINT('',#8210);
#2846=VERTEX_POINT('',#8212);
#2847=VERTEX_POINT('',#8214);
#2848=VERTEX_POINT('',#8218);
#2849=VERTEX_POINT('',#8220);
#2850=VERTEX_POINT('',#8223);
#2851=VERTEX_POINT('',#8226);
#2852=VERTEX_POINT('',#8227);
#2853=VERTEX_POINT('',#8229);
#2854=VERTEX_POINT('',#8231);
#2855=VERTEX_POINT('',#8233);
#2856=VERTEX_POINT('',#8235);
#2857=VERTEX_POINT('',#8237);
#2858=VERTEX_POINT('',#8239);
#2859=VERTEX_POINT('',#8241);
#2860=VERTEX_POINT('',#8243);
#2861=VERTEX_POINT('',#8245);
#2862=VERTEX_POINT('',#8247);
#2863=VERTEX_POINT('',#8249);
#2864=VERTEX_POINT('',#8251);
#2865=VERTEX_POINT('',#8253);
#2866=VERTEX_POINT('',#8255);
#2867=VERTEX_POINT('',#8257);
#2868=VERTEX_POINT('',#8259);
#2869=VERTEX_POINT('',#8261);
#2870=VERTEX_POINT('',#8263);
#2871=VERTEX_POINT('',#8266);
#2872=VERTEX_POINT('',#8269);
#2873=VERTEX_POINT('',#8272);
#2874=VERTEX_POINT('',#8280);
#2875=VERTEX_POINT('',#8290);
#2876=VERTEX_POINT('',#8297);
#2877=VERTEX_POINT('',#8299);
#2878=VERTEX_POINT('',#8306);
#2879=VERTEX_POINT('',#8310);
#2880=VERTEX_POINT('',#8314);
#2881=VERTEX_POINT('',#8318);
#2882=VERTEX_POINT('',#8323);
#2883=VERTEX_POINT('',#8339);
#2884=VERTEX_POINT('',#8364);
#2885=VERTEX_POINT('',#8369);
#2886=VERTEX_POINT('',#8370);
#2887=VERTEX_POINT('',#8372);
#2888=VERTEX_POINT('',#8374);
#2889=VERTEX_POINT('',#8377);
#2890=VERTEX_POINT('',#8378);
#2891=VERTEX_POINT('',#8380);
#2892=VERTEX_POINT('',#8382);
#2893=VERTEX_POINT('',#8386);
#2894=VERTEX_POINT('',#8387);
#2895=VERTEX_POINT('',#8389);
#2896=VERTEX_POINT('',#8391);
#2897=VERTEX_POINT('',#8394);
#2898=VERTEX_POINT('',#8395);
#2899=VERTEX_POINT('',#8400);
#2900=VERTEX_POINT('',#8401);
#2901=VERTEX_POINT('',#8403);
#2902=VERTEX_POINT('',#8405);
#2903=VERTEX_POINT('',#8408);
#2904=VERTEX_POINT('',#8412);
#2905=VERTEX_POINT('',#8415);
#2906=VERTEX_POINT('',#8416);
#2907=VERTEX_POINT('',#8418);
#2908=VERTEX_POINT('',#8420);
#2909=VERTEX_POINT('',#8424);
#2910=VERTEX_POINT('',#8425);
#2911=VERTEX_POINT('',#8427);
#2912=VERTEX_POINT('',#8429);
#2913=VERTEX_POINT('',#8434);
#2914=VERTEX_POINT('',#8435);
#2915=VERTEX_POINT('',#8437);
#2916=VERTEX_POINT('',#8439);
#2917=VERTEX_POINT('',#8443);
#2918=VERTEX_POINT('',#8445);
#2919=VERTEX_POINT('',#8449);
#2920=VERTEX_POINT('',#8453);
#2921=VERTEX_POINT('',#8459);
#2922=VERTEX_POINT('',#8461);
#2923=VERTEX_POINT('',#8465);
#2924=VERTEX_POINT('',#8469);
#2925=VERTEX_POINT('',#8475);
#2926=VERTEX_POINT('',#8477);
#2927=VERTEX_POINT('',#8481);
#2928=VERTEX_POINT('',#8485);
#2929=VERTEX_POINT('',#8491);
#2930=VERTEX_POINT('',#8493);
#2931=VERTEX_POINT('',#8497);
#2932=VERTEX_POINT('',#8501);
#2933=VERTEX_POINT('',#8507);
#2934=VERTEX_POINT('',#8509);
#2935=VERTEX_POINT('',#8513);
#2936=VERTEX_POINT('',#8517);
#2937=VERTEX_POINT('',#8523);
#2938=VERTEX_POINT('',#8525);
#2939=VERTEX_POINT('',#8527);
#2940=VERTEX_POINT('',#8529);
#2941=VERTEX_POINT('',#8532);
#2942=VERTEX_POINT('',#8534);
#2943=VERTEX_POINT('',#8536);
#2944=VERTEX_POINT('',#8538);
#2945=VERTEX_POINT('',#8541);
#2946=VERTEX_POINT('',#8543);
#2947=VERTEX_POINT('',#8545);
#2948=VERTEX_POINT('',#8547);
#2949=VERTEX_POINT('',#8550);
#2950=VERTEX_POINT('',#8552);
#2951=VERTEX_POINT('',#8554);
#2952=VERTEX_POINT('',#8556);
#2953=VERTEX_POINT('',#8559);
#2954=VERTEX_POINT('',#8561);
#2955=VERTEX_POINT('',#8563);
#2956=VERTEX_POINT('',#8565);
#2957=VERTEX_POINT('',#8568);
#2958=VERTEX_POINT('',#8570);
#2959=VERTEX_POINT('',#8572);
#2960=VERTEX_POINT('',#8574);
#2961=VERTEX_POINT('',#8576);
#2962=VERTEX_POINT('',#8577);
#2963=VERTEX_POINT('',#8579);
#2964=VERTEX_POINT('',#8581);
#2965=VERTEX_POINT('',#8592);
#2966=VERTEX_POINT('',#8594);
#2967=VERTEX_POINT('',#8597);
#2968=VERTEX_POINT('',#8599);
#2969=VERTEX_POINT('',#8602);
#2970=VERTEX_POINT('',#8604);
#2971=VERTEX_POINT('',#8607);
#2972=VERTEX_POINT('',#8609);
#2973=VERTEX_POINT('',#8612);
#2974=VERTEX_POINT('',#8614);
#2975=VERTEX_POINT('',#8617);
#2976=VERTEX_POINT('',#8619);
#2977=VERTEX_POINT('',#8622);
#2978=VERTEX_POINT('',#8624);
#2979=VERTEX_POINT('',#8627);
#2980=VERTEX_POINT('',#8629);
#2981=VERTEX_POINT('',#8632);
#2982=VERTEX_POINT('',#8634);
#2983=VERTEX_POINT('',#8637);
#2984=VERTEX_POINT('',#8639);
#2985=VERTEX_POINT('',#8642);
#2986=VERTEX_POINT('',#8644);
#2987=VERTEX_POINT('',#8647);
#2988=VERTEX_POINT('',#8649);
#2989=VERTEX_POINT('',#8652);
#2990=VERTEX_POINT('',#8654);
#2991=VERTEX_POINT('',#8657);
#2992=VERTEX_POINT('',#8659);
#2993=VERTEX_POINT('',#8662);
#2994=VERTEX_POINT('',#8664);
#2995=VERTEX_POINT('',#8667);
#2996=VERTEX_POINT('',#8669);
#2997=VERTEX_POINT('',#8672);
#2998=VERTEX_POINT('',#8674);
#2999=VERTEX_POINT('',#8677);
#3000=VERTEX_POINT('',#8679);
#3001=VERTEX_POINT('',#8682);
#3002=VERTEX_POINT('',#8684);
#3003=VERTEX_POINT('',#8687);
#3004=VERTEX_POINT('',#8689);
#3005=VERTEX_POINT('',#8692);
#3006=VERTEX_POINT('',#8694);
#3007=VERTEX_POINT('',#8697);
#3008=VERTEX_POINT('',#8699);
#3009=VERTEX_POINT('',#8702);
#3010=VERTEX_POINT('',#8704);
#3011=VERTEX_POINT('',#8707);
#3012=VERTEX_POINT('',#8709);
#3013=VERTEX_POINT('',#8713);
#3014=VERTEX_POINT('',#8714);
#3015=VERTEX_POINT('',#8716);
#3016=VERTEX_POINT('',#8718);
#3017=VERTEX_POINT('',#8720);
#3018=VERTEX_POINT('',#8722);
#3019=VERTEX_POINT('',#8726);
#3020=VERTEX_POINT('',#8727);
#3021=VERTEX_POINT('',#8729);
#3022=VERTEX_POINT('',#8731);
#3023=VERTEX_POINT('',#8733);
#3024=VERTEX_POINT('',#8735);
#3025=VERTEX_POINT('',#8737);
#3026=VERTEX_POINT('',#8739);
#3027=VERTEX_POINT('',#8743);
#3028=VERTEX_POINT('',#8744);
#3029=VERTEX_POINT('',#8746);
#3030=VERTEX_POINT('',#8748);
#3031=VERTEX_POINT('',#8750);
#3032=VERTEX_POINT('',#8752);
#3033=VERTEX_POINT('',#8756);
#3034=VERTEX_POINT('',#8757);
#3035=VERTEX_POINT('',#8759);
#3036=VERTEX_POINT('',#8761);
#3037=VERTEX_POINT('',#8763);
#3038=VERTEX_POINT('',#8765);
#3039=VERTEX_POINT('',#8769);
#3040=VERTEX_POINT('',#8770);
#3041=VERTEX_POINT('',#8772);
#3042=VERTEX_POINT('',#8774);
#3043=VERTEX_POINT('',#8776);
#3044=VERTEX_POINT('',#8778);
#3045=VERTEX_POINT('',#8780);
#3046=VERTEX_POINT('',#8782);
#3047=VERTEX_POINT('',#8786);
#3048=VERTEX_POINT('',#8787);
#3049=VERTEX_POINT('',#8789);
#3050=VERTEX_POINT('',#8791);
#3051=VERTEX_POINT('',#8793);
#3052=VERTEX_POINT('',#8795);
#3053=VERTEX_POINT('',#8799);
#3054=VERTEX_POINT('',#8800);
#3055=VERTEX_POINT('',#8802);
#3056=VERTEX_POINT('',#8804);
#3057=VERTEX_POINT('',#8806);
#3058=VERTEX_POINT('',#8808);
#3059=VERTEX_POINT('',#8812);
#3060=VERTEX_POINT('',#8813);
#3061=VERTEX_POINT('',#8815);
#3062=VERTEX_POINT('',#8817);
#3063=VERTEX_POINT('',#8819);
#3064=VERTEX_POINT('',#8821);
#3065=VERTEX_POINT('',#8823);
#3066=VERTEX_POINT('',#8825);
#3067=VERTEX_POINT('',#8829);
#3068=VERTEX_POINT('',#8830);
#3069=VERTEX_POINT('',#8832);
#3070=VERTEX_POINT('',#8834);
#3071=VERTEX_POINT('',#8836);
#3072=VERTEX_POINT('',#8838);
#3073=VERTEX_POINT('',#8842);
#3074=VERTEX_POINT('',#8843);
#3075=VERTEX_POINT('',#8845);
#3076=VERTEX_POINT('',#8847);
#3077=VERTEX_POINT('',#8849);
#3078=VERTEX_POINT('',#8851);
#3079=VERTEX_POINT('',#8855);
#3080=VERTEX_POINT('',#8856);
#3081=VERTEX_POINT('',#8858);
#3082=VERTEX_POINT('',#8860);
#3083=VERTEX_POINT('',#8862);
#3084=VERTEX_POINT('',#8864);
#3085=VERTEX_POINT('',#8866);
#3086=VERTEX_POINT('',#8868);
#3087=VERTEX_POINT('',#8872);
#3088=VERTEX_POINT('',#8873);
#3089=VERTEX_POINT('',#8875);
#3090=VERTEX_POINT('',#8877);
#3091=VERTEX_POINT('',#8879);
#3092=VERTEX_POINT('',#8881);
#3093=VERTEX_POINT('',#8885);
#3094=VERTEX_POINT('',#8886);
#3095=VERTEX_POINT('',#8888);
#3096=VERTEX_POINT('',#8890);
#3097=VERTEX_POINT('',#8892);
#3098=VERTEX_POINT('',#8894);
#3099=VERTEX_POINT('',#8898);
#3100=VERTEX_POINT('',#8899);
#3101=VERTEX_POINT('',#8901);
#3102=VERTEX_POINT('',#8903);
#3103=VERTEX_POINT('',#8905);
#3104=VERTEX_POINT('',#8907);
#3105=VERTEX_POINT('',#8911);
#3106=VERTEX_POINT('',#8912);
#3107=VERTEX_POINT('',#8914);
#3108=VERTEX_POINT('',#8916);
#3109=VERTEX_POINT('',#8918);
#3110=VERTEX_POINT('',#8920);
#3111=VERTEX_POINT('',#8924);
#3112=VERTEX_POINT('',#8925);
#3113=VERTEX_POINT('',#8927);
#3114=VERTEX_POINT('',#8929);
#3115=VERTEX_POINT('',#8931);
#3116=VERTEX_POINT('',#8933);
#3117=VERTEX_POINT('',#8937);
#3118=VERTEX_POINT('',#8938);
#3119=VERTEX_POINT('',#8940);
#3120=VERTEX_POINT('',#8942);
#3121=VERTEX_POINT('',#8944);
#3122=VERTEX_POINT('',#8946);
#3123=VERTEX_POINT('',#8950);
#3124=VERTEX_POINT('',#8951);
#3125=VERTEX_POINT('',#8953);
#3126=VERTEX_POINT('',#8955);
#3127=VERTEX_POINT('',#8957);
#3128=VERTEX_POINT('',#8959);
#3129=VERTEX_POINT('',#8963);
#3130=VERTEX_POINT('',#8964);
#3131=VERTEX_POINT('',#8966);
#3132=VERTEX_POINT('',#8968);
#3133=VERTEX_POINT('',#8970);
#3134=VERTEX_POINT('',#8972);
#3135=VERTEX_POINT('',#8976);
#3136=VERTEX_POINT('',#8977);
#3137=VERTEX_POINT('',#8979);
#3138=VERTEX_POINT('',#8981);
#3139=VERTEX_POINT('',#8983);
#3140=VERTEX_POINT('',#8985);
#3141=VERTEX_POINT('',#8989);
#3142=VERTEX_POINT('',#8990);
#3143=VERTEX_POINT('',#8995);
#3144=VERTEX_POINT('',#8996);
#3145=VERTEX_POINT('',#9001);
#3146=VERTEX_POINT('',#9005);
#3147=VERTEX_POINT('',#9009);
#3148=VERTEX_POINT('',#9010);
#3149=VERTEX_POINT('',#9015);
#3150=VERTEX_POINT('',#9019);
#3151=VERTEX_POINT('',#9020);
#3152=VERTEX_POINT('',#9025);
#3153=VERTEX_POINT('',#9029);
#3154=VERTEX_POINT('',#9033);
#3155=VERTEX_POINT('',#9041);
#3156=VERTEX_POINT('',#9042);
#3157=VERTEX_POINT('',#9047);
#3158=VERTEX_POINT('',#9048);
#3159=VERTEX_POINT('',#9053);
#3160=VERTEX_POINT('',#9057);
#3161=VERTEX_POINT('',#9061);
#3162=VERTEX_POINT('',#9062);
#3163=VERTEX_POINT('',#9067);
#3164=VERTEX_POINT('',#9069);
#3165=VERTEX_POINT('',#9073);
#3166=VERTEX_POINT('',#9074);
#3167=VERTEX_POINT('',#9081);
#3168=VERTEX_POINT('',#9083);
#3169=VERTEX_POINT('',#9087);
#3170=VERTEX_POINT('',#9091);
#3171=VERTEX_POINT('',#9095);
#3172=VERTEX_POINT('',#9099);
#3173=VERTEX_POINT('',#9103);
#3174=VERTEX_POINT('',#9107);
#3175=VERTEX_POINT('',#9113);
#3176=VERTEX_POINT('',#9115);
#3177=VERTEX_POINT('',#9119);
#3178=VERTEX_POINT('',#9120);
#3179=VERTEX_POINT('',#9125);
#3180=VERTEX_POINT('',#9129);
#3181=VERTEX_POINT('',#9133);
#3182=VERTEX_POINT('',#9134);
#3183=VERTEX_POINT('',#9136);
#3184=VERTEX_POINT('',#9138);
#3185=VERTEX_POINT('',#9142);
#3186=VERTEX_POINT('',#9143);
#3187=VERTEX_POINT('',#9148);
#3188=VERTEX_POINT('',#9150);
#3189=VERTEX_POINT('',#9152);
#3190=VERTEX_POINT('',#9155);
#3191=VERTEX_POINT('',#9159);
#3192=VERTEX_POINT('',#9160);
#3193=VERTEX_POINT('',#9167);
#3194=VERTEX_POINT('',#9171);
#3195=VERTEX_POINT('',#9172);
#3196=VERTEX_POINT('',#9177);
#3197=VERTEX_POINT('',#9178);
#3198=VERTEX_POINT('',#9183);
#3199=VERTEX_POINT('',#9187);
#3200=VERTEX_POINT('',#9191);
#3201=VERTEX_POINT('',#9195);
#3202=VERTEX_POINT('',#9199);
#3203=VERTEX_POINT('',#9203);
#3204=VERTEX_POINT('',#9209);
#3205=VERTEX_POINT('',#9210);
#3206=VERTEX_POINT('',#9212);
#3207=VERTEX_POINT('',#9218);
#3208=VERTEX_POINT('',#9223);
#3209=VERTEX_POINT('',#9224);
#3210=VERTEX_POINT('',#9226);
#3211=VERTEX_POINT('',#9228);
#3212=VERTEX_POINT('',#9230);
#3213=VERTEX_POINT('',#9232);
#3214=VERTEX_POINT('',#9237);
#3215=VERTEX_POINT('',#9238);
#3216=VERTEX_POINT('',#9243);
#3217=VERTEX_POINT('',#9244);
#3218=VERTEX_POINT('',#9246);
#3219=VERTEX_POINT('',#9248);
#3220=VERTEX_POINT('',#9252);
#3221=VERTEX_POINT('',#9256);
#3222=VERTEX_POINT('',#9258);
#3223=VERTEX_POINT('',#9261);
#3224=VERTEX_POINT('',#9263);
#3225=VERTEX_POINT('',#9267);
#3226=VERTEX_POINT('',#9268);
#3227=VERTEX_POINT('',#9274);
#3228=VERTEX_POINT('',#9278);
#3229=VERTEX_POINT('',#9279);
#3230=VERTEX_POINT('',#9281);
#3231=VERTEX_POINT('',#9283);
#3232=VERTEX_POINT('',#9287);
#3233=VERTEX_POINT('',#9288);
#3234=VERTEX_POINT('',#9293);
#3235=VERTEX_POINT('',#9294);
#3236=VERTEX_POINT('',#9296);
#3237=VERTEX_POINT('',#9302);
#3238=VERTEX_POINT('',#9307);
#3239=VERTEX_POINT('',#9309);
#3240=VERTEX_POINT('',#9311);
#3241=VERTEX_POINT('',#9313);
#3242=VERTEX_POINT('',#9318);
#3243=VERTEX_POINT('',#9322);
#3244=VERTEX_POINT('',#9323);
#3245=VERTEX_POINT('',#9328);
#3246=VERTEX_POINT('',#9332);
#3247=VERTEX_POINT('',#9336);
#3248=VERTEX_POINT('',#9340);
#3249=VERTEX_POINT('',#9344);
#3250=VERTEX_POINT('',#9348);
#3251=VERTEX_POINT('',#9354);
#3252=VERTEX_POINT('',#9355);
#3253=VERTEX_POINT('',#9357);
#3254=VERTEX_POINT('',#9359);
#3255=VERTEX_POINT('',#9363);
#3256=VERTEX_POINT('',#9364);
#3257=VERTEX_POINT('',#9366);
#3258=VERTEX_POINT('',#9368);
#3259=VERTEX_POINT('',#9372);
#3260=VERTEX_POINT('',#9373);
#3261=VERTEX_POINT('',#9375);
#3262=VERTEX_POINT('',#9380);
#3263=VERTEX_POINT('',#9385);
#3264=VERTEX_POINT('',#9386);
#3265=VERTEX_POINT('',#9389);
#3266=VERTEX_POINT('',#9392);
#3267=VERTEX_POINT('',#9396);
#3268=VERTEX_POINT('',#9400);
#3269=VERTEX_POINT('',#9401);
#3270=VERTEX_POINT('',#9404);
#3271=VERTEX_POINT('',#9406);
#3272=VERTEX_POINT('',#9411);
#3273=VERTEX_POINT('',#9412);
#3274=VERTEX_POINT('',#9420);
#3275=VERTEX_POINT('',#9427);
#3276=VERTEX_POINT('',#9431);
#3277=VERTEX_POINT('',#9443);
#3278=VERTEX_POINT('',#9448);
#3279=VERTEX_POINT('',#9454);
#3280=VERTEX_POINT('',#9457);
#3281=VERTEX_POINT('',#9460);
#3282=VERTEX_POINT('',#9463);
#3283=VERTEX_POINT('',#9468);
#3284=VERTEX_POINT('',#9472);
#3285=VERTEX_POINT('',#9479);
#3286=VERTEX_POINT('',#9484);
#3287=VERTEX_POINT('',#9496);
#3288=VERTEX_POINT('',#9500);
#3289=VERTEX_POINT('',#9504);
#3290=VERTEX_POINT('',#9508);
#3291=VERTEX_POINT('',#9512);
#3292=VERTEX_POINT('',#9513);
#3293=VERTEX_POINT('',#9518);
#3294=VERTEX_POINT('',#9523);
#3295=VERTEX_POINT('',#9529);
#3296=VERTEX_POINT('',#9530);
#3297=VERTEX_POINT('',#9535);
#3298=VERTEX_POINT('',#9539);
#3299=VERTEX_POINT('',#9544);
#3300=VERTEX_POINT('',#9548);
#3301=VERTEX_POINT('',#9555);
#3302=VERTEX_POINT('',#9562);
#3303=VERTEX_POINT('',#9566);
#3304=VERTEX_POINT('',#9569);
#3305=VERTEX_POINT('',#9573);
#3306=VERTEX_POINT('',#9578);
#3307=VERTEX_POINT('',#9581);
#3308=VERTEX_POINT('',#9587);
#3309=VERTEX_POINT('',#9594);
#3310=VERTEX_POINT('',#9599);
#3311=VERTEX_POINT('',#9612);
#3312=VERTEX_POINT('',#9617);
#3313=LINE('',#7772,#3797);
#3314=LINE('',#7781,#3798);
#3315=LINE('',#7799,#3799);
#3316=LINE('',#7817,#3800);
#3317=LINE('',#7835,#3801);
#3318=LINE('',#7853,#3802);
#3319=LINE('',#8067,#3803);
#3320=LINE('',#8106,#3804);
#3321=LINE('',#8108,#3805);
#3322=LINE('',#8110,#3806);
#3323=LINE('',#8121,#3807);
#3324=LINE('',#8160,#3808);
#3325=LINE('',#8162,#3809);
#3326=LINE('',#8164,#3810);
#3327=LINE('',#8181,#3811);
#3328=LINE('',#8183,#3812);
#3329=LINE('',#8185,#3813);
#3330=LINE('',#8187,#3814);
#3331=LINE('',#8189,#3815);
#3332=LINE('',#8194,#3816);
#3333=LINE('',#8196,#3817);
#3334=LINE('',#8198,#3818);
#3335=LINE('',#8200,#3819);
#3336=LINE('',#8202,#3820);
#3337=LINE('',#8207,#3821);
#3338=LINE('',#8209,#3822);
#3339=LINE('',#8211,#3823);
#3340=LINE('',#8213,#3824);
#3341=LINE('',#8215,#3825);
#3342=LINE('',#8225,#3826);
#3343=LINE('',#8228,#3827);
#3344=LINE('',#8230,#3828);
#3345=LINE('',#8232,#3829);
#3346=LINE('',#8234,#3830);
#3347=LINE('',#8236,#3831);
#3348=LINE('',#8238,#3832);
#3349=LINE('',#8240,#3833);
#3350=LINE('',#8242,#3834);
#3351=LINE('',#8244,#3835);
#3352=LINE('',#8246,#3836);
#3353=LINE('',#8248,#3837);
#3354=LINE('',#8250,#3838);
#3355=LINE('',#8252,#3839);
#3356=LINE('',#8254,#3840);
#3357=LINE('',#8256,#3841);
#3358=LINE('',#8258,#3842);
#3359=LINE('',#8260,#3843);
#3360=LINE('',#8262,#3844);
#3361=LINE('',#8264,#3845);
#3362=LINE('',#8275,#3846);
#3363=LINE('',#8281,#3847);
#3364=LINE('',#8283,#3848);
#3365=LINE('',#8285,#3849);
#3366=LINE('',#8287,#3850);
#3367=LINE('',#8289,#3851);
#3368=LINE('',#8296,#3852);
#3369=LINE('',#8298,#3853);
#3370=LINE('',#8305,#3854);
#3371=LINE('',#8307,#3855);
#3372=LINE('',#8309,#3856);
#3373=LINE('',#8311,#3857);
#3374=LINE('',#8313,#3858);
#3375=LINE('',#8315,#3859);
#3376=LINE('',#8317,#3860);
#3377=LINE('',#8324,#3861);
#3378=LINE('',#8326,#3862);
#3379=LINE('',#8332,#3863);
#3380=LINE('',#8334,#3864);
#3381=LINE('',#8336,#3865);
#3382=LINE('',#8338,#3866);
#3383=LINE('',#8345,#3867);
#3384=LINE('',#8351,#3868);
#3385=LINE('',#8353,#3869);
#3386=LINE('',#8355,#3870);
#3387=LINE('',#8368,#3871);
#3388=LINE('',#8371,#3872);
#3389=LINE('',#8373,#3873);
#3390=LINE('',#8375,#3874);
#3391=LINE('',#8376,#3875);
#3392=LINE('',#8379,#3876);
#3393=LINE('',#8381,#3877);
#3394=LINE('',#8383,#3878);
#3395=LINE('',#8385,#3879);
#3396=LINE('',#8388,#3880);
#3397=LINE('',#8390,#3881);
#3398=LINE('',#8392,#3882);
#3399=LINE('',#8393,#3883);
#3400=LINE('',#8396,#3884);
#3401=LINE('',#8397,#3885);
#3402=LINE('',#8399,#3886);
#3403=LINE('',#8402,#3887);
#3404=LINE('',#8404,#3888);
#3405=LINE('',#8406,#3889);
#3406=LINE('',#8407,#3890);
#3407=LINE('',#8409,#3891);
#3408=LINE('',#8411,#3892);
#3409=LINE('',#8413,#3893);
#3410=LINE('',#8414,#3894);
#3411=LINE('',#8417,#3895);
#3412=LINE('',#8419,#3896);
#3413=LINE('',#8421,#3897);
#3414=LINE('',#8423,#3898);
#3415=LINE('',#8426,#3899);
#3416=LINE('',#8428,#3900);
#3417=LINE('',#8430,#3901);
#3418=LINE('',#8431,#3902);
#3419=LINE('',#8433,#3903);
#3420=LINE('',#8436,#3904);
#3421=LINE('',#8438,#3905);
#3422=LINE('',#8440,#3906);
#3423=LINE('',#8442,#3907);
#3424=LINE('',#8444,#3908);
#3425=LINE('',#8446,#3909);
#3426=LINE('',#8448,#3910);
#3427=LINE('',#8450,#3911);
#3428=LINE('',#8452,#3912);
#3429=LINE('',#8454,#3913);
#3430=LINE('',#8456,#3914);
#3431=LINE('',#8458,#3915);
#3432=LINE('',#8460,#3916);
#3433=LINE('',#8462,#3917);
#3434=LINE('',#8464,#3918);
#3435=LINE('',#8466,#3919);
#3436=LINE('',#8468,#3920);
#3437=LINE('',#8470,#3921);
#3438=LINE('',#8472,#3922);
#3439=LINE('',#8474,#3923);
#3440=LINE('',#8476,#3924);
#3441=LINE('',#8478,#3925);
#3442=LINE('',#8480,#3926);
#3443=LINE('',#8482,#3927);
#3444=LINE('',#8484,#3928);
#3445=LINE('',#8486,#3929);
#3446=LINE('',#8488,#3930);
#3447=LINE('',#8490,#3931);
#3448=LINE('',#8492,#3932);
#3449=LINE('',#8494,#3933);
#3450=LINE('',#8496,#3934);
#3451=LINE('',#8498,#3935);
#3452=LINE('',#8500,#3936);
#3453=LINE('',#8502,#3937);
#3454=LINE('',#8504,#3938);
#3455=LINE('',#8506,#3939);
#3456=LINE('',#8508,#3940);
#3457=LINE('',#8510,#3941);
#3458=LINE('',#8512,#3942);
#3459=LINE('',#8514,#3943);
#3460=LINE('',#8516,#3944);
#3461=LINE('',#8518,#3945);
#3462=LINE('',#8520,#3946);
#3463=LINE('',#8575,#3947);
#3464=LINE('',#8578,#3948);
#3465=LINE('',#8580,#3949);
#3466=LINE('',#8582,#3950);
#3467=LINE('',#8584,#3951);
#3468=LINE('',#8585,#3952);
#3469=LINE('',#8587,#3953);
#3470=LINE('',#8589,#3954);
#3471=LINE('',#8712,#3955);
#3472=LINE('',#8717,#3956);
#3473=LINE('',#8721,#3957);
#3474=LINE('',#8723,#3958);
#3475=LINE('',#8725,#3959);
#3476=LINE('',#8730,#3960);
#3477=LINE('',#8734,#3961);
#3478=LINE('',#8738,#3962);
#3479=LINE('',#8742,#3963);
#3480=LINE('',#8747,#3964);
#3481=LINE('',#8749,#3965);
#3482=LINE('',#8751,#3966);
#3483=LINE('',#8758,#3967);
#3484=LINE('',#8762,#3968);
#3485=LINE('',#8764,#3969);
#3486=LINE('',#8766,#3970);
#3487=LINE('',#8771,#3971);
#3488=LINE('',#8775,#3972);
#3489=LINE('',#8779,#3973);
#3490=LINE('',#8783,#3974);
#3491=LINE('',#8785,#3975);
#3492=LINE('',#8788,#3976);
#3493=LINE('',#8792,#3977);
#3494=LINE('',#8796,#3978);
#3495=LINE('',#8798,#3979);
#3496=LINE('',#8803,#3980);
#3497=LINE('',#8805,#3981);
#3498=LINE('',#8807,#3982);
#3499=LINE('',#8811,#3983);
#3500=LINE('',#8816,#3984);
#3501=LINE('',#8820,#3985);
#3502=LINE('',#8824,#3986);
#3503=LINE('',#8828,#3987);
#3504=LINE('',#8831,#3988);
#3505=LINE('',#8833,#3989);
#3506=LINE('',#8837,#3990);
#3507=LINE('',#8841,#3991);
#3508=LINE('',#8844,#3992);
#3509=LINE('',#8848,#3993);
#3510=LINE('',#8852,#3994);
#3511=LINE('',#8857,#3995);
#3512=LINE('',#8861,#3996);
#3513=LINE('',#8865,#3997);
#3514=LINE('',#8869,#3998);
#3515=LINE('',#8874,#3999);
#3516=LINE('',#8876,#4000);
#3517=LINE('',#8878,#4001);
#3518=LINE('',#8882,#4002);
#3519=LINE('',#8884,#4003);
#3520=LINE('',#8889,#4004);
#3521=LINE('',#8893,#4005);
#3522=LINE('',#8897,#4006);
#3523=LINE('',#8902,#4007);
#3524=LINE('',#8906,#4008);
#3525=LINE('',#8910,#4009);
#3526=LINE('',#8915,#4010);
#3527=LINE('',#8919,#4011);
#3528=LINE('',#8923,#4012);
#3529=LINE('',#8928,#4013);
#3530=LINE('',#8932,#4014);
#3531=LINE('',#8936,#4015);
#3532=LINE('',#8941,#4016);
#3533=LINE('',#8945,#4017);
#3534=LINE('',#8949,#4018);
#3535=LINE('',#8954,#4019);
#3536=LINE('',#8958,#4020);
#3537=LINE('',#8962,#4021);
#3538=LINE('',#8967,#4022);
#3539=LINE('',#8971,#4023);
#3540=LINE('',#8975,#4024);
#3541=LINE('',#8980,#4025);
#3542=LINE('',#8984,#4026);
#3543=LINE('',#8988,#4027);
#3544=LINE('',#8991,#4028);
#3545=LINE('',#8992,#4029);
#3546=LINE('',#8994,#4030);
#3547=LINE('',#8997,#4031);
#3548=LINE('',#8998,#4032);
#3549=LINE('',#9002,#4033);
#3550=LINE('',#9006,#4034);
#3551=LINE('',#9008,#4035);
#3552=LINE('',#9011,#4036);
#3553=LINE('',#9012,#4037);
#3554=LINE('',#9016,#4038);
#3555=LINE('',#9021,#4039);
#3556=LINE('',#9022,#4040);
#3557=LINE('',#9024,#4041);
#3558=LINE('',#9026,#4042);
#3559=LINE('',#9030,#4043);
#3560=LINE('',#9034,#4044);
#3561=LINE('',#9036,#4045);
#3562=LINE('',#9038,#4046);
#3563=LINE('',#9040,#4047);
#3564=LINE('',#9043,#4048);
#3565=LINE('',#9044,#4049);
#3566=LINE('',#9046,#4050);
#3567=LINE('',#9049,#4051);
#3568=LINE('',#9050,#4052);
#3569=LINE('',#9054,#4053);
#3570=LINE('',#9058,#4054);
#3571=LINE('',#9063,#4055);
#3572=LINE('',#9064,#4056);
#3573=LINE('',#9066,#4057);
#3574=LINE('',#9068,#4058);
#3575=LINE('',#9070,#4059);
#3576=LINE('',#9075,#4060);
#3577=LINE('',#9076,#4061);
#3578=LINE('',#9078,#4062);
#3579=LINE('',#9080,#4063);
#3580=LINE('',#9082,#4064);
#3581=LINE('',#9086,#4065);
#3582=LINE('',#9088,#4066);
#3583=LINE('',#9090,#4067);
#3584=LINE('',#9094,#4068);
#3585=LINE('',#9096,#4069);
#3586=LINE('',#9098,#4070);
#3587=LINE('',#9102,#4071);
#3588=LINE('',#9104,#4072);
#3589=LINE('',#9106,#4073);
#3590=LINE('',#9110,#4074);
#3591=LINE('',#9112,#4075);
#3592=LINE('',#9114,#4076);
#3593=LINE('',#9116,#4077);
#3594=LINE('',#9121,#4078);
#3595=LINE('',#9122,#4079);
#3596=LINE('',#9124,#4080);
#3597=LINE('',#9126,#4081);
#3598=LINE('',#9130,#4082);
#3599=LINE('',#9132,#4083);
#3600=LINE('',#9135,#4084);
#3601=LINE('',#9137,#4085);
#3602=LINE('',#9139,#4086);
#3603=LINE('',#9141,#4087);
#3604=LINE('',#9144,#4088);
#3605=LINE('',#9145,#4089);
#3606=LINE('',#9147,#4090);
#3607=LINE('',#9149,#4091);
#3608=LINE('',#9153,#4092);
#3609=LINE('',#9154,#4093);
#3610=LINE('',#9161,#4094);
#3611=LINE('',#9168,#4095);
#3612=LINE('',#9173,#4096);
#3613=LINE('',#9174,#4097);
#3614=LINE('',#9176,#4098);
#3615=LINE('',#9179,#4099);
#3616=LINE('',#9180,#4100);
#3617=LINE('',#9184,#4101);
#3618=LINE('',#9186,#4102);
#3619=LINE('',#9188,#4103);
#3620=LINE('',#9192,#4104);
#3621=LINE('',#9194,#4105);
#3622=LINE('',#9196,#4106);
#3623=LINE('',#9200,#4107);
#3624=LINE('',#9202,#4108);
#3625=LINE('',#9204,#4109);
#3626=LINE('',#9211,#4110);
#3627=LINE('',#9219,#4111);
#3628=LINE('',#9220,#4112);
#3629=LINE('',#9222,#4113);
#3630=LINE('',#9225,#4114);
#3631=LINE('',#9227,#4115);
#3632=LINE('',#9231,#4116);
#3633=LINE('',#9233,#4117);
#3634=LINE('',#9236,#4118);
#3635=LINE('',#9239,#4119);
#3636=LINE('',#9240,#4120);
#3637=LINE('',#9242,#4121);
#3638=LINE('',#9245,#4122);
#3639=LINE('',#9247,#4123);
#3640=LINE('',#9249,#4124);
#3641=LINE('',#9251,#4125);
#3642=LINE('',#9253,#4126);
#3643=LINE('',#9255,#4127);
#3644=LINE('',#9259,#4128);
#3645=LINE('',#9260,#4129);
#3646=LINE('',#9264,#4130);
#3647=LINE('',#9269,#4131);
#3648=LINE('',#9275,#4132);
#3649=LINE('',#9277,#4133);
#3650=LINE('',#9280,#4134);
#3651=LINE('',#9282,#4135);
#3652=LINE('',#9284,#4136);
#3653=LINE('',#9289,#4137);
#3654=LINE('',#9290,#4138);
#3655=LINE('',#9295,#4139);
#3656=LINE('',#9303,#4140);
#3657=LINE('',#9304,#4141);
#3658=LINE('',#9306,#4142);
#3659=LINE('',#9308,#4143);
#3660=LINE('',#9312,#4144);
#3661=LINE('',#9314,#4145);
#3662=LINE('',#9317,#4146);
#3663=LINE('',#9319,#4147);
#3664=LINE('',#9324,#4148);
#3665=LINE('',#9325,#4149);
#3666=LINE('',#9327,#4150);
#3667=LINE('',#9329,#4151);
#3668=LINE('',#9333,#4152);
#3669=LINE('',#9335,#4153);
#3670=LINE('',#9337,#4154);
#3671=LINE('',#9341,#4155);
#3672=LINE('',#9343,#4156);
#3673=LINE('',#9345,#4157);
#3674=LINE('',#9349,#4158);
#3675=LINE('',#9351,#4159);
#3676=LINE('',#9353,#4160);
#3677=LINE('',#9356,#4161);
#3678=LINE('',#9358,#4162);
#3679=LINE('',#9360,#4163);
#3680=LINE('',#9362,#4164);
#3681=LINE('',#9365,#4165);
#3682=LINE('',#9367,#4166);
#3683=LINE('',#9369,#4167);
#3684=LINE('',#9374,#4168);
#3685=LINE('',#9381,#4169);
#3686=LINE('',#9382,#4170);
#3687=LINE('',#9384,#4171);
#3688=LINE('',#9387,#4172);
#3689=LINE('',#9390,#4173);
#3690=LINE('',#9391,#4174);
#3691=LINE('',#9395,#4175);
#3692=LINE('',#9397,#4176);
#3693=LINE('',#9402,#4177);
#3694=LINE('',#9403,#4178);
#3695=LINE('',#9407,#4179);
#3696=LINE('',#9408,#4180);
#3697=LINE('',#9413,#4181);
#3698=LINE('',#9421,#4182);
#3699=LINE('',#9423,#4183);
#3700=LINE('',#9424,#4184);
#3701=LINE('',#9426,#4185);
#3702=LINE('',#9428,#4186);
#3703=LINE('',#9430,#4187);
#3704=LINE('',#9434,#4188);
#3705=LINE('',#9435,#4189);
#3706=LINE('',#9437,#4190);
#3707=LINE('',#9439,#4191);
#3708=LINE('',#9440,#4192);
#3709=LINE('',#9442,#4193);
#3710=LINE('',#9444,#4194);
#3711=LINE('',#9446,#4195);
#3712=LINE('',#9447,#4196);
#3713=LINE('',#9449,#4197);
#3714=LINE('',#9451,#4198);
#3715=LINE('',#9453,#4199);
#3716=LINE('',#9455,#4200);
#3717=LINE('',#9456,#4201);
#3718=LINE('',#9458,#4202);
#3719=LINE('',#9459,#4203);
#3720=LINE('',#9461,#4204);
#3721=LINE('',#9462,#4205);
#3722=LINE('',#9464,#4206);
#3723=LINE('',#9466,#4207);
#3724=LINE('',#9467,#4208);
#3725=LINE('',#9469,#4209);
#3726=LINE('',#9473,#4210);
#3727=LINE('',#9475,#4211);
#3728=LINE('',#9476,#4212);
#3729=LINE('',#9478,#4213);
#3730=LINE('',#9480,#4214);
#3731=LINE('',#9481,#4215);
#3732=LINE('',#9483,#4216);
#3733=LINE('',#9487,#4217);
#3734=LINE('',#9488,#4218);
#3735=LINE('',#9492,#4219);
#3736=LINE('',#9493,#4220);
#3737=LINE('',#9495,#4221);
#3738=LINE('',#9497,#4222);
#3739=LINE('',#9501,#4223);
#3740=LINE('',#9503,#4224);
#3741=LINE('',#9505,#4225);
#3742=LINE('',#9509,#4226);
#3743=LINE('',#9514,#4227);
#3744=LINE('',#9515,#4228);
#3745=LINE('',#9517,#4229);
#3746=LINE('',#9519,#4230);
#3747=LINE('',#9521,#4231);
#3748=LINE('',#9522,#4232);
#3749=LINE('',#9524,#4233);
#3750=LINE('',#9526,#4234);
#3751=LINE('',#9528,#4235);
#3752=LINE('',#9531,#4236);
#3753=LINE('',#9532,#4237);
#3754=LINE('',#9536,#4238);
#3755=LINE('',#9538,#4239);
#3756=LINE('',#9540,#4240);
#3757=LINE('',#9542,#4241);
#3758=LINE('',#9543,#4242);
#3759=LINE('',#9545,#4243);
#3760=LINE('',#9547,#4244);
#3761=LINE('',#9551,#4245);
#3762=LINE('',#9552,#4246);
#3763=LINE('',#9556,#4247);
#3764=LINE('',#9558,#4248);
#3765=LINE('',#9560,#4249);
#3766=LINE('',#9561,#4250);
#3767=LINE('',#9563,#4251);
#3768=LINE('',#9564,#4252);
#3769=LINE('',#9567,#4253);
#3770=LINE('',#9568,#4254);
#3771=LINE('',#9570,#4255);
#3772=LINE('',#9572,#4256);
#3773=LINE('',#9574,#4257);
#3774=LINE('',#9577,#4258);
#3775=LINE('',#9579,#4259);
#3776=LINE('',#9580,#4260);
#3777=LINE('',#9582,#4261);
#3778=LINE('',#9584,#4262);
#3779=LINE('',#9586,#4263);
#3780=LINE('',#9588,#4264);
#3781=LINE('',#9589,#4265);
#3782=LINE('',#9591,#4266);
#3783=LINE('',#9593,#4267);
#3784=LINE('',#9595,#4268);
#3785=LINE('',#9597,#4269);
#3786=LINE('',#9598,#4270);
#3787=LINE('',#9600,#4271);
#3788=LINE('',#9603,#4272);
#3789=LINE('',#9605,#4273);
#3790=LINE('',#9613,#4274);
#3791=LINE('',#9614,#4275);
#3792=LINE('',#9616,#4276);
#3793=LINE('',#9619,#4277);
#3794=LINE('',#9630,#4278);
#3795=LINE('',#9632,#4279);
#3796=LINE('',#9633,#4280);
#3797=VECTOR('',#6202,1.);
#3798=VECTOR('',#6203,1.);
#3799=VECTOR('',#6206,1.);
#3800=VECTOR('',#6209,1.);
#3801=VECTOR('',#6212,1.);
#3802=VECTOR('',#6215,1.);
#3803=VECTOR('',#6282,1.);
#3804=VECTOR('',#6305,1.);
#3805=VECTOR('',#6308,1.);
#3806=VECTOR('',#6311,1.);
#3807=VECTOR('',#6328,1.);
#3808=VECTOR('',#6351,1.);
#3809=VECTOR('',#6354,1.);
#3810=VECTOR('',#6357,1.);
#3811=VECTOR('',#6382,1.);
#3812=VECTOR('',#6383,1.);
#3813=VECTOR('',#6384,1.);
#3814=VECTOR('',#6385,1.);
#3815=VECTOR('',#6386,1.);
#3816=VECTOR('',#6391,1.);
#3817=VECTOR('',#6392,1.);
#3818=VECTOR('',#6393,1.);
#3819=VECTOR('',#6394,1.);
#3820=VECTOR('',#6395,1.);
#3821=VECTOR('',#6400,1.);
#3822=VECTOR('',#6401,1.);
#3823=VECTOR('',#6402,1.);
#3824=VECTOR('',#6403,1.);
#3825=VECTOR('',#6404,1.);
#3826=VECTOR('',#6417,1.);
#3827=VECTOR('',#6418,1.);
#3828=VECTOR('',#6419,1.);
#3829=VECTOR('',#6420,1.);
#3830=VECTOR('',#6421,1.);
#3831=VECTOR('',#6422,1.);
#3832=VECTOR('',#6423,1.);
#3833=VECTOR('',#6424,1.);
#3834=VECTOR('',#6425,1.);
#3835=VECTOR('',#6426,1.);
#3836=VECTOR('',#6427,1.);
#3837=VECTOR('',#6428,1.);
#3838=VECTOR('',#6429,1.);
#3839=VECTOR('',#6430,1.);
#3840=VECTOR('',#6431,1.);
#3841=VECTOR('',#6432,1.);
#3842=VECTOR('',#6433,1.);
#3843=VECTOR('',#6434,1.);
#3844=VECTOR('',#6435,1.);
#3845=VECTOR('',#6436,1.);
#3846=VECTOR('',#6451,1.);
#3847=VECTOR('',#6452,1.);
#3848=VECTOR('',#6455,1.);
#3849=VECTOR('',#6458,1.);
#3850=VECTOR('',#6461,1.);
#3851=VECTOR('',#6464,1.);
#3852=VECTOR('',#6467,1.);
#3853=VECTOR('',#6468,1.);
#3854=VECTOR('',#6471,1.);
#3855=VECTOR('',#6472,1.);
#3856=VECTOR('',#6475,1.);
#3857=VECTOR('',#6476,1.);
#3858=VECTOR('',#6479,1.);
#3859=VECTOR('',#6480,1.);
#3860=VECTOR('',#6483,1.);
#3861=VECTOR('',#6484,1.);
#3862=VECTOR('',#6487,1.);
#3863=VECTOR('',#6490,1.);
#3864=VECTOR('',#6493,1.);
#3865=VECTOR('',#6496,1.);
#3866=VECTOR('',#6499,1.);
#3867=VECTOR('',#6502,1.);
#3868=VECTOR('',#6505,1.);
#3869=VECTOR('',#6508,1.);
#3870=VECTOR('',#6511,1.);
#3871=VECTOR('',#6526,1.);
#3872=VECTOR('',#6527,1.);
#3873=VECTOR('',#6528,1.);
#3874=VECTOR('',#6529,1.);
#3875=VECTOR('',#6530,1.);
#3876=VECTOR('',#6531,1.);
#3877=VECTOR('',#6532,1.);
#3878=VECTOR('',#6533,1.);
#3879=VECTOR('',#6536,1.);
#3880=VECTOR('',#6537,1.);
#3881=VECTOR('',#6538,1.);
#3882=VECTOR('',#6539,1.);
#3883=VECTOR('',#6540,1.);
#3884=VECTOR('',#6541,1.);
#3885=VECTOR('',#6542,1.);
#3886=VECTOR('',#6545,1.);
#3887=VECTOR('',#6546,1.);
#3888=VECTOR('',#6547,1.);
#3889=VECTOR('',#6548,1.);
#3890=VECTOR('',#6549,1.);
#3891=VECTOR('',#6550,1.);
#3892=VECTOR('',#6553,1.);
#3893=VECTOR('',#6554,1.);
#3894=VECTOR('',#6555,1.);
#3895=VECTOR('',#6556,1.);
#3896=VECTOR('',#6557,1.);
#3897=VECTOR('',#6558,1.);
#3898=VECTOR('',#6561,1.);
#3899=VECTOR('',#6562,1.);
#3900=VECTOR('',#6563,1.);
#3901=VECTOR('',#6564,1.);
#3902=VECTOR('',#6565,1.);
#3903=VECTOR('',#6568,1.);
#3904=VECTOR('',#6569,1.);
#3905=VECTOR('',#6570,1.);
#3906=VECTOR('',#6571,1.);
#3907=VECTOR('',#6574,1.);
#3908=VECTOR('',#6575,1.);
#3909=VECTOR('',#6576,1.);
#3910=VECTOR('',#6579,1.);
#3911=VECTOR('',#6580,1.);
#3912=VECTOR('',#6583,1.);
#3913=VECTOR('',#6584,1.);
#3914=VECTOR('',#6587,1.);
#3915=VECTOR('',#6590,1.);
#3916=VECTOR('',#6591,1.);
#3917=VECTOR('',#6592,1.);
#3918=VECTOR('',#6595,1.);
#3919=VECTOR('',#6596,1.);
#3920=VECTOR('',#6599,1.);
#3921=VECTOR('',#6600,1.);
#3922=VECTOR('',#6603,1.);
#3923=VECTOR('',#6606,1.);
#3924=VECTOR('',#6607,1.);
#3925=VECTOR('',#6608,1.);
#3926=VECTOR('',#6611,1.);
#3927=VECTOR('',#6612,1.);
#3928=VECTOR('',#6615,1.);
#3929=VECTOR('',#6616,1.);
#3930=VECTOR('',#6619,1.);
#3931=VECTOR('',#6622,1.);
#3932=VECTOR('',#6623,1.);
#3933=VECTOR('',#6624,1.);
#3934=VECTOR('',#6627,1.);
#3935=VECTOR('',#6628,1.);
#3936=VECTOR('',#6631,1.);
#3937=VECTOR('',#6632,1.);
#3938=VECTOR('',#6635,1.);
#3939=VECTOR('',#6638,1.);
#3940=VECTOR('',#6639,1.);
#3941=VECTOR('',#6640,1.);
#3942=VECTOR('',#6643,1.);
#3943=VECTOR('',#6644,1.);
#3944=VECTOR('',#6647,1.);
#3945=VECTOR('',#6648,1.);
#3946=VECTOR('',#6651,1.);
#3947=VECTOR('',#6712,1.);
#3948=VECTOR('',#6713,1.);
#3949=VECTOR('',#6714,1.);
#3950=VECTOR('',#6715,1.);
#3951=VECTOR('',#6718,1.);
#3952=VECTOR('',#6719,1.);
#3953=VECTOR('',#6722,1.);
#3954=VECTOR('',#6725,1.);
#3955=VECTOR('',#6874,1.);
#3956=VECTOR('',#6877,1.);
#3957=VECTOR('',#6880,1.);
#3958=VECTOR('',#6881,1.);
#3959=VECTOR('',#6884,1.);
#3960=VECTOR('',#6887,1.);
#3961=VECTOR('',#6890,1.);
#3962=VECTOR('',#6893,1.);
#3963=VECTOR('',#6898,1.);
#3964=VECTOR('',#6901,1.);
#3965=VECTOR('',#6902,1.);
#3966=VECTOR('',#6903,1.);
#3967=VECTOR('',#6910,1.);
#3968=VECTOR('',#6913,1.);
#3969=VECTOR('',#6914,1.);
#3970=VECTOR('',#6915,1.);
#3971=VECTOR('',#6920,1.);
#3972=VECTOR('',#6923,1.);
#3973=VECTOR('',#6926,1.);
#3974=VECTOR('',#6929,1.);
#3975=VECTOR('',#6932,1.);
#3976=VECTOR('',#6933,1.);
#3977=VECTOR('',#6936,1.);
#3978=VECTOR('',#6939,1.);
#3979=VECTOR('',#6942,1.);
#3980=VECTOR('',#6945,1.);
#3981=VECTOR('',#6946,1.);
#3982=VECTOR('',#6947,1.);
#3983=VECTOR('',#6952,1.);
#3984=VECTOR('',#6955,1.);
#3985=VECTOR('',#6958,1.);
#3986=VECTOR('',#6961,1.);
#3987=VECTOR('',#6966,1.);
#3988=VECTOR('',#6967,1.);
#3989=VECTOR('',#6968,1.);
#3990=VECTOR('',#6971,1.);
#3991=VECTOR('',#6976,1.);
#3992=VECTOR('',#6977,1.);
#3993=VECTOR('',#6980,1.);
#3994=VECTOR('',#6983,1.);
#3995=VECTOR('',#6988,1.);
#3996=VECTOR('',#6991,1.);
#3997=VECTOR('',#6994,1.);
#3998=VECTOR('',#6997,1.);
#3999=VECTOR('',#7002,1.);
#4000=VECTOR('',#7003,1.);
#4001=VECTOR('',#7004,1.);
#4002=VECTOR('',#7007,1.);
#4003=VECTOR('',#7010,1.);
#4004=VECTOR('',#7013,1.);
#4005=VECTOR('',#7016,1.);
#4006=VECTOR('',#7021,1.);
#4007=VECTOR('',#7024,1.);
#4008=VECTOR('',#7027,1.);
#4009=VECTOR('',#7032,1.);
#4010=VECTOR('',#7035,1.);
#4011=VECTOR('',#7038,1.);
#4012=VECTOR('',#7043,1.);
#4013=VECTOR('',#7046,1.);
#4014=VECTOR('',#7049,1.);
#4015=VECTOR('',#7054,1.);
#4016=VECTOR('',#7057,1.);
#4017=VECTOR('',#7060,1.);
#4018=VECTOR('',#7065,1.);
#4019=VECTOR('',#7068,1.);
#4020=VECTOR('',#7071,1.);
#4021=VECTOR('',#7076,1.);
#4022=VECTOR('',#7079,1.);
#4023=VECTOR('',#7082,1.);
#4024=VECTOR('',#7087,1.);
#4025=VECTOR('',#7090,1.);
#4026=VECTOR('',#7093,1.);
#4027=VECTOR('',#7098,1.);
#4028=VECTOR('',#7099,1.);
#4029=VECTOR('',#7100,1.);
#4030=VECTOR('',#7103,1.);
#4031=VECTOR('',#7104,1.);
#4032=VECTOR('',#7105,1.);
#4033=VECTOR('',#7110,1.);
#4034=VECTOR('',#7115,1.);
#4035=VECTOR('',#7118,1.);
#4036=VECTOR('',#7119,1.);
#4037=VECTOR('',#7120,1.);
#4038=VECTOR('',#7125,1.);
#4039=VECTOR('',#7130,1.);
#4040=VECTOR('',#7131,1.);
#4041=VECTOR('',#7134,1.);
#4042=VECTOR('',#7135,1.);
#4043=VECTOR('',#7140,1.);
#4044=VECTOR('',#7145,1.);
#4045=VECTOR('',#7148,1.);
#4046=VECTOR('',#7151,1.);
#4047=VECTOR('',#7154,1.);
#4048=VECTOR('',#7155,1.);
#4049=VECTOR('',#7156,1.);
#4050=VECTOR('',#7159,1.);
#4051=VECTOR('',#7160,1.);
#4052=VECTOR('',#7161,1.);
#4053=VECTOR('',#7166,1.);
#4054=VECTOR('',#7171,1.);
#4055=VECTOR('',#7176,1.);
#4056=VECTOR('',#7177,1.);
#4057=VECTOR('',#7180,1.);
#4058=VECTOR('',#7181,1.);
#4059=VECTOR('',#7182,1.);
#4060=VECTOR('',#7187,1.);
#4061=VECTOR('',#7188,1.);
#4062=VECTOR('',#7191,1.);
#4063=VECTOR('',#7194,1.);
#4064=VECTOR('',#7195,1.);
#4065=VECTOR('',#7200,1.);
#4066=VECTOR('',#7201,1.);
#4067=VECTOR('',#7204,1.);
#4068=VECTOR('',#7209,1.);
#4069=VECTOR('',#7210,1.);
#4070=VECTOR('',#7213,1.);
#4071=VECTOR('',#7218,1.);
#4072=VECTOR('',#7219,1.);
#4073=VECTOR('',#7222,1.);
#4074=VECTOR('',#7227,1.);
#4075=VECTOR('',#7230,1.);
#4076=VECTOR('',#7231,1.);
#4077=VECTOR('',#7232,1.);
#4078=VECTOR('',#7237,1.);
#4079=VECTOR('',#7238,1.);
#4080=VECTOR('',#7241,1.);
#4081=VECTOR('',#7242,1.);
#4082=VECTOR('',#7247,1.);
#4083=VECTOR('',#7250,1.);
#4084=VECTOR('',#7251,1.);
#4085=VECTOR('',#7252,1.);
#4086=VECTOR('',#7253,1.);
#4087=VECTOR('',#7256,1.);
#4088=VECTOR('',#7257,1.);
#4089=VECTOR('',#7258,1.);
#4090=VECTOR('',#7261,1.);
#4091=VECTOR('',#7262,1.);
#4092=VECTOR('',#7265,1.);
#4093=VECTOR('',#7266,1.);
#4094=VECTOR('',#7273,1.);
#4095=VECTOR('',#7274,1.);
#4096=VECTOR('',#7279,1.);
#4097=VECTOR('',#7280,1.);
#4098=VECTOR('',#7283,1.);
#4099=VECTOR('',#7284,1.);
#4100=VECTOR('',#7285,1.);
#4101=VECTOR('',#7290,1.);
#4102=VECTOR('',#7293,1.);
#4103=VECTOR('',#7294,1.);
#4104=VECTOR('',#7299,1.);
#4105=VECTOR('',#7302,1.);
#4106=VECTOR('',#7303,1.);
#4107=VECTOR('',#7308,1.);
#4108=VECTOR('',#7311,1.);
#4109=VECTOR('',#7312,1.);
#4110=VECTOR('',#7321,1.);
#4111=VECTOR('',#7322,1.);
#4112=VECTOR('',#7323,1.);
#4113=VECTOR('',#7326,1.);
#4114=VECTOR('',#7327,1.);
#4115=VECTOR('',#7328,1.);
#4116=VECTOR('',#7331,1.);
#4117=VECTOR('',#7332,1.);
#4118=VECTOR('',#7337,1.);
#4119=VECTOR('',#7338,1.);
#4120=VECTOR('',#7339,1.);
#4121=VECTOR('',#7342,1.);
#4122=VECTOR('',#7343,1.);
#4123=VECTOR('',#7344,1.);
#4124=VECTOR('',#7345,1.);
#4125=VECTOR('',#7348,1.);
#4126=VECTOR('',#7349,1.);
#4127=VECTOR('',#7352,1.);
#4128=VECTOR('',#7355,1.);
#4129=VECTOR('',#7356,1.);
#4130=VECTOR('',#7359,1.);
#4131=VECTOR('',#7364,1.);
#4132=VECTOR('',#7365,1.);
#4133=VECTOR('',#7368,1.);
#4134=VECTOR('',#7369,1.);
#4135=VECTOR('',#7370,1.);
#4136=VECTOR('',#7371,1.);
#4137=VECTOR('',#7376,1.);
#4138=VECTOR('',#7377,1.);
#4139=VECTOR('',#7382,1.);
#4140=VECTOR('',#7383,1.);
#4141=VECTOR('',#7384,1.);
#4142=VECTOR('',#7387,1.);
#4143=VECTOR('',#7388,1.);
#4144=VECTOR('',#7391,1.);
#4145=VECTOR('',#7392,1.);
#4146=VECTOR('',#7397,1.);
#4147=VECTOR('',#7398,1.);
#4148=VECTOR('',#7403,1.);
#4149=VECTOR('',#7404,1.);
#4150=VECTOR('',#7407,1.);
#4151=VECTOR('',#7408,1.);
#4152=VECTOR('',#7413,1.);
#4153=VECTOR('',#7416,1.);
#4154=VECTOR('',#7417,1.);
#4155=VECTOR('',#7422,1.);
#4156=VECTOR('',#7425,1.);
#4157=VECTOR('',#7426,1.);
#4158=VECTOR('',#7431,1.);
#4159=VECTOR('',#7434,1.);
#4160=VECTOR('',#7437,1.);
#4161=VECTOR('',#7438,1.);
#4162=VECTOR('',#7439,1.);
#4163=VECTOR('',#7440,1.);
#4164=VECTOR('',#7443,1.);
#4165=VECTOR('',#7444,1.);
#4166=VECTOR('',#7445,1.);
#4167=VECTOR('',#7446,1.);
#4168=VECTOR('',#7451,1.);
#4169=VECTOR('',#7452,1.);
#4170=VECTOR('',#7453,1.);
#4171=VECTOR('',#7456,1.);
#4172=VECTOR('',#7457,1.);
#4173=VECTOR('',#7460,1.);
#4174=VECTOR('',#7461,1.);
#4175=VECTOR('',#7466,1.);
#4176=VECTOR('',#7467,1.);
#4177=VECTOR('',#7472,1.);
#4178=VECTOR('',#7473,1.);
#4179=VECTOR('',#7476,1.);
#4180=VECTOR('',#7477,1.);
#4181=VECTOR('',#7482,1.);
#4182=VECTOR('',#7483,1.);
#4183=VECTOR('',#7486,1.);
#4184=VECTOR('',#7487,1.);
#4185=VECTOR('',#7490,1.);
#4186=VECTOR('',#7491,1.);
#4187=VECTOR('',#7494,1.);
#4188=VECTOR('',#7499,1.);
#4189=VECTOR('',#7500,1.);
#4190=VECTOR('',#7503,1.);
#4191=VECTOR('',#7506,1.);
#4192=VECTOR('',#7507,1.);
#4193=VECTOR('',#7510,1.);
#4194=VECTOR('',#7511,1.);
#4195=VECTOR('',#7514,1.);
#4196=VECTOR('',#7515,1.);
#4197=VECTOR('',#7516,1.);
#4198=VECTOR('',#7519,1.);
#4199=VECTOR('',#7522,1.);
#4200=VECTOR('',#7523,1.);
#4201=VECTOR('',#7524,1.);
#4202=VECTOR('',#7525,1.);
#4203=VECTOR('',#7526,1.);
#4204=VECTOR('',#7527,1.);
#4205=VECTOR('',#7528,1.);
#4206=VECTOR('',#7529,1.);
#4207=VECTOR('',#7532,1.);
#4208=VECTOR('',#7533,1.);
#4209=VECTOR('',#7534,1.);
#4210=VECTOR('',#7539,1.);
#4211=VECTOR('',#7542,1.);
#4212=VECTOR('',#7543,1.);
#4213=VECTOR('',#7546,1.);
#4214=VECTOR('',#7547,1.);
#4215=VECTOR('',#7548,1.);
#4216=VECTOR('',#7551,1.);
#4217=VECTOR('',#7556,1.);
#4218=VECTOR('',#7557,1.);
#4219=VECTOR('',#7564,1.);
#4220=VECTOR('',#7565,1.);
#4221=VECTOR('',#7568,1.);
#4222=VECTOR('',#7569,1.);
#4223=VECTOR('',#7574,1.);
#4224=VECTOR('',#7577,1.);
#4225=VECTOR('',#7578,1.);
#4226=VECTOR('',#7583,1.);
#4227=VECTOR('',#7588,1.);
#4228=VECTOR('',#7589,1.);
#4229=VECTOR('',#7592,1.);
#4230=VECTOR('',#7593,1.);
#4231=VECTOR('',#7596,1.);
#4232=VECTOR('',#7597,1.);
#4233=VECTOR('',#7598,1.);
#4234=VECTOR('',#7601,1.);
#4235=VECTOR('',#7604,1.);
#4236=VECTOR('',#7605,1.);
#4237=VECTOR('',#7606,1.);
#4238=VECTOR('',#7611,1.);
#4239=VECTOR('',#7614,1.);
#4240=VECTOR('',#7615,1.);
#4241=VECTOR('',#7618,1.);
#4242=VECTOR('',#7619,1.);
#4243=VECTOR('',#7620,1.);
#4244=VECTOR('',#7623,1.);
#4245=VECTOR('',#7628,1.);
#4246=VECTOR('',#7629,1.);
#4247=VECTOR('',#7634,1.);
#4248=VECTOR('',#7637,1.);
#4249=VECTOR('',#7640,1.);
#4250=VECTOR('',#7641,1.);
#4251=VECTOR('',#7642,1.);
#4252=VECTOR('',#7643,1.);
#4253=VECTOR('',#7646,1.);
#4254=VECTOR('',#7647,1.);
#4255=VECTOR('',#7648,1.);
#4256=VECTOR('',#7651,1.);
#4257=VECTOR('',#7652,1.);
#4258=VECTOR('',#7657,1.);
#4259=VECTOR('',#7658,1.);
#4260=VECTOR('',#7659,1.);
#4261=VECTOR('',#7660,1.);
#4262=VECTOR('',#7663,1.);
#4263=VECTOR('',#7666,1.);
#4264=VECTOR('',#7667,1.);
#4265=VECTOR('',#7668,1.);
#4266=VECTOR('',#7671,1.);
#4267=VECTOR('',#7674,1.);
#4268=VECTOR('',#7675,1.);
#4269=VECTOR('',#7678,1.);
#4270=VECTOR('',#7679,1.);
#4271=VECTOR('',#7680,1.);
#4272=VECTOR('',#7685,1.);
#4273=VECTOR('',#7688,1.);
#4274=VECTOR('',#7701,1.);
#4275=VECTOR('',#7702,1.);
#4276=VECTOR('',#7705,1.);
#4277=VECTOR('',#7708,1.);
#4278=VECTOR('',#7729,1.);
#4279=VECTOR('',#7732,1.);
#4280=VECTOR('',#7733,1.);
#4281=EDGE_LOOP('',(#560,#561,#562,#563,#564));
#4282=EDGE_LOOP('',(#565,#566,#567,#568,#569));
#4283=EDGE_LOOP('',(#570,#571,#572,#573,#574));
#4284=EDGE_LOOP('',(#575,#576,#577,#578,#579));
#4285=EDGE_LOOP('',(#580,#581,#582,#583,#584));
#4286=EDGE_LOOP('',(#585,#586,#587,#588,#589));
#4287=EDGE_LOOP('',(#590,#591,#592));
#4288=EDGE_LOOP('',(#593,#594,#595));
#4289=EDGE_LOOP('',(#596,#597,#598));
#4290=EDGE_LOOP('',(#599,#600,#601));
#4291=EDGE_LOOP('',(#602,#603,#604));
#4292=EDGE_LOOP('',(#605,#606,#607));
#4293=EDGE_LOOP('',(#608,#609,#610,#611,#612,#613));
#4294=EDGE_LOOP('',(#614));
#4295=EDGE_LOOP('',(#615));
#4296=EDGE_LOOP('',(#616,#617,#618,#619,#620,#621));
#4297=EDGE_LOOP('',(#622));
#4298=EDGE_LOOP('',(#623));
#4299=EDGE_LOOP('',(#624));
#4300=EDGE_LOOP('',(#625,#626,#627,#628));
#4301=EDGE_LOOP('',(#629,#630,#631,#632));
#4302=EDGE_LOOP('',(#633,#634,#635,#636));
#4303=EDGE_LOOP('',(#637,#638,#639,#640));
#4304=EDGE_LOOP('',(#641,#642,#643,#644));
#4305=EDGE_LOOP('',(#645,#646,#647,#648));
#4306=EDGE_LOOP('',(#649));
#4307=EDGE_LOOP('',(#650));
#4308=EDGE_LOOP('',(#651));
#4309=EDGE_LOOP('',(#652));
#4310=EDGE_LOOP('',(#653));
#4311=EDGE_LOOP('',(#654));
#4312=EDGE_LOOP('',(#655));
#4313=EDGE_LOOP('',(#656,#657));
#4314=EDGE_LOOP('',(#658,#659,#660,#661,#662,#663,#664,#665));
#4315=EDGE_LOOP('',(#666));
#4316=EDGE_LOOP('',(#667));
#4317=EDGE_LOOP('',(#668));
#4318=EDGE_LOOP('',(#669));
#4319=EDGE_LOOP('',(#670,#671));
#4320=EDGE_LOOP('',(#672,#673,#674,#675));
#4321=EDGE_LOOP('',(#676,#677,#678,#679));
#4322=EDGE_LOOP('',(#680,#681,#682,#683));
#4323=EDGE_LOOP('',(#684));
#4324=EDGE_LOOP('',(#685));
#4325=EDGE_LOOP('',(#686,#687));
#4326=EDGE_LOOP('',(#688,#689,#690,#691,#692,#693,#694,#695));
#4327=EDGE_LOOP('',(#696));
#4328=EDGE_LOOP('',(#697));
#4329=EDGE_LOOP('',(#698));
#4330=EDGE_LOOP('',(#699));
#4331=EDGE_LOOP('',(#700,#701));
#4332=EDGE_LOOP('',(#702,#703,#704,#705));
#4333=EDGE_LOOP('',(#706,#707,#708,#709));
#4334=EDGE_LOOP('',(#710,#711,#712,#713));
#4335=EDGE_LOOP('',(#714));
#4336=EDGE_LOOP('',(#715));
#4337=EDGE_LOOP('',(#716,#717,#718,#719,#720,#721));
#4338=EDGE_LOOP('',(#722,#723,#724,#725,#726,#727));
#4339=EDGE_LOOP('',(#728,#729,#730,#731,#732,#733));
#4340=EDGE_LOOP('',(#734));
#4341=EDGE_LOOP('',(#735));
#4342=EDGE_LOOP('',(#736));
#4343=EDGE_LOOP('',(#737,#738,#739,#740,#741,#742,#743,#744,#745,#746,#747,
#748,#749,#750,#751,#752,#753,#754,#755,#756));
#4344=EDGE_LOOP('',(#757));
#4345=EDGE_LOOP('',(#758));
#4346=EDGE_LOOP('',(#759));
#4347=EDGE_LOOP('',(#760));
#4348=EDGE_LOOP('',(#761));
#4349=EDGE_LOOP('',(#762));
#4350=EDGE_LOOP('',(#763));
#4351=EDGE_LOOP('',(#764,#765,#766,#767,#768));
#4352=EDGE_LOOP('',(#769,#770,#771,#772));
#4353=EDGE_LOOP('',(#773,#774,#775,#776));
#4354=EDGE_LOOP('',(#777,#778,#779,#780));
#4355=EDGE_LOOP('',(#781,#782,#783,#784,#785));
#4356=EDGE_LOOP('',(#786,#787,#788,#789,#790));
#4357=EDGE_LOOP('',(#791,#792,#793,#794));
#4358=EDGE_LOOP('',(#795,#796,#797,#798));
#4359=EDGE_LOOP('',(#799,#800,#801,#802));
#4360=EDGE_LOOP('',(#803,#804,#805,#806,#807));
#4361=EDGE_LOOP('',(#808,#809,#810,#811,#812));
#4362=EDGE_LOOP('',(#813,#814,#815,#816));
#4363=EDGE_LOOP('',(#817,#818,#819,#820));
#4364=EDGE_LOOP('',(#821,#822,#823,#824));
#4365=EDGE_LOOP('',(#825,#826,#827,#828,#829));
#4366=EDGE_LOOP('',(#830,#831,#832,#833,#834));
#4367=EDGE_LOOP('',(#835,#836,#837,#838));
#4368=EDGE_LOOP('',(#839,#840,#841,#842));
#4369=EDGE_LOOP('',(#843,#844,#845,#846));
#4370=EDGE_LOOP('',(#847,#848,#849,#850,#851));
#4371=EDGE_LOOP('',(#852,#853,#854,#855,#856,#857));
#4372=EDGE_LOOP('',(#858,#859,#860,#861,#862,#863,#864,#865,#866,#867,#868,
#869));
#4373=EDGE_LOOP('',(#870));
#4374=EDGE_LOOP('',(#871));
#4375=EDGE_LOOP('',(#872,#873,#874,#875));
#4376=EDGE_LOOP('',(#876,#877,#878,#879));
#4377=EDGE_LOOP('',(#880,#881,#882,#883));
#4378=EDGE_LOOP('',(#884,#885,#886,#887));
#4379=EDGE_LOOP('',(#888,#889,#890,#891));
#4380=EDGE_LOOP('',(#892,#893,#894,#895));
#4381=EDGE_LOOP('',(#896,#897,#898,#899));
#4382=EDGE_LOOP('',(#900,#901,#902,#903));
#4383=EDGE_LOOP('',(#904,#905,#906,#907));
#4384=EDGE_LOOP('',(#908,#909,#910,#911));
#4385=EDGE_LOOP('',(#912,#913,#914,#915));
#4386=EDGE_LOOP('',(#916,#917,#918,#919));
#4387=EDGE_LOOP('',(#920,#921,#922,#923));
#4388=EDGE_LOOP('',(#924,#925,#926,#927));
#4389=EDGE_LOOP('',(#928,#929,#930,#931));
#4390=EDGE_LOOP('',(#932,#933,#934,#935));
#4391=EDGE_LOOP('',(#936,#937,#938,#939));
#4392=EDGE_LOOP('',(#940,#941,#942,#943));
#4393=EDGE_LOOP('',(#944,#945,#946,#947));
#4394=EDGE_LOOP('',(#948,#949,#950,#951));
#4395=EDGE_LOOP('',(#952,#953,#954,#955));
#4396=EDGE_LOOP('',(#956,#957,#958,#959));
#4397=EDGE_LOOP('',(#960,#961,#962,#963));
#4398=EDGE_LOOP('',(#964,#965,#966,#967));
#4399=EDGE_LOOP('',(#968,#969,#970,#971));
#4400=EDGE_LOOP('',(#972,#973,#974,#975));
#4401=EDGE_LOOP('',(#976,#977,#978,#979));
#4402=EDGE_LOOP('',(#980,#981,#982,#983));
#4403=EDGE_LOOP('',(#984,#985,#986,#987));
#4404=EDGE_LOOP('',(#988,#989,#990,#991));
#4405=EDGE_LOOP('',(#992,#993,#994,#995));
#4406=EDGE_LOOP('',(#996,#997,#998,#999));
#4407=EDGE_LOOP('',(#1000));
#4408=EDGE_LOOP('',(#1001));
#4409=EDGE_LOOP('',(#1002));
#4410=EDGE_LOOP('',(#1003));
#4411=EDGE_LOOP('',(#1004,#1005,#1006,#1007));
#4412=EDGE_LOOP('',(#1008));
#4413=EDGE_LOOP('',(#1009));
#4414=EDGE_LOOP('',(#1010));
#4415=EDGE_LOOP('',(#1011));
#4416=EDGE_LOOP('',(#1012,#1013,#1014,#1015));
#4417=EDGE_LOOP('',(#1016));
#4418=EDGE_LOOP('',(#1017));
#4419=EDGE_LOOP('',(#1018));
#4420=EDGE_LOOP('',(#1019));
#4421=EDGE_LOOP('',(#1020,#1021,#1022,#1023));
#4422=EDGE_LOOP('',(#1024));
#4423=EDGE_LOOP('',(#1025));
#4424=EDGE_LOOP('',(#1026));
#4425=EDGE_LOOP('',(#1027));
#4426=EDGE_LOOP('',(#1028,#1029,#1030,#1031));
#4427=EDGE_LOOP('',(#1032));
#4428=EDGE_LOOP('',(#1033));
#4429=EDGE_LOOP('',(#1034));
#4430=EDGE_LOOP('',(#1035));
#4431=EDGE_LOOP('',(#1036,#1037,#1038,#1039));
#4432=EDGE_LOOP('',(#1040));
#4433=EDGE_LOOP('',(#1041));
#4434=EDGE_LOOP('',(#1042));
#4435=EDGE_LOOP('',(#1043));
#4436=EDGE_LOOP('',(#1044,#1045,#1046,#1047));
#4437=EDGE_LOOP('',(#1048,#1049,#1050,#1051));
#4438=EDGE_LOOP('',(#1052,#1053,#1054,#1055));
#4439=EDGE_LOOP('',(#1056,#1057,#1058,#1059));
#4440=EDGE_LOOP('',(#1060,#1061,#1062,#1063));
#4441=EDGE_LOOP('',(#1064));
#4442=EDGE_LOOP('',(#1065));
#4443=EDGE_LOOP('',(#1066));
#4444=EDGE_LOOP('',(#1067));
#4445=EDGE_LOOP('',(#1068));
#4446=EDGE_LOOP('',(#1069));
#4447=EDGE_LOOP('',(#1070));
#4448=EDGE_LOOP('',(#1071));
#4449=EDGE_LOOP('',(#1072));
#4450=EDGE_LOOP('',(#1073));
#4451=EDGE_LOOP('',(#1074));
#4452=EDGE_LOOP('',(#1075));
#4453=EDGE_LOOP('',(#1076));
#4454=EDGE_LOOP('',(#1077));
#4455=EDGE_LOOP('',(#1078));
#4456=EDGE_LOOP('',(#1079));
#4457=EDGE_LOOP('',(#1080));
#4458=EDGE_LOOP('',(#1081));
#4459=EDGE_LOOP('',(#1082));
#4460=EDGE_LOOP('',(#1083));
#4461=EDGE_LOOP('',(#1084));
#4462=EDGE_LOOP('',(#1085));
#4463=EDGE_LOOP('',(#1086));
#4464=EDGE_LOOP('',(#1087));
#4465=EDGE_LOOP('',(#1088));
#4466=EDGE_LOOP('',(#1089));
#4467=EDGE_LOOP('',(#1090));
#4468=EDGE_LOOP('',(#1091));
#4469=EDGE_LOOP('',(#1092));
#4470=EDGE_LOOP('',(#1093));
#4471=EDGE_LOOP('',(#1094));
#4472=EDGE_LOOP('',(#1095));
#4473=EDGE_LOOP('',(#1096));
#4474=EDGE_LOOP('',(#1097));
#4475=EDGE_LOOP('',(#1098));
#4476=EDGE_LOOP('',(#1099));
#4477=EDGE_LOOP('',(#1100));
#4478=EDGE_LOOP('',(#1101));
#4479=EDGE_LOOP('',(#1102));
#4480=EDGE_LOOP('',(#1103));
#4481=EDGE_LOOP('',(#1104));
#4482=EDGE_LOOP('',(#1105));
#4483=EDGE_LOOP('',(#1106));
#4484=EDGE_LOOP('',(#1107));
#4485=EDGE_LOOP('',(#1108));
#4486=EDGE_LOOP('',(#1109));
#4487=EDGE_LOOP('',(#1110));
#4488=EDGE_LOOP('',(#1111));
#4489=EDGE_LOOP('',(#1112));
#4490=EDGE_LOOP('',(#1113));
#4491=EDGE_LOOP('',(#1114));
#4492=EDGE_LOOP('',(#1115));
#4493=EDGE_LOOP('',(#1116));
#4494=EDGE_LOOP('',(#1117));
#4495=EDGE_LOOP('',(#1118));
#4496=EDGE_LOOP('',(#1119));
#4497=EDGE_LOOP('',(#1120));
#4498=EDGE_LOOP('',(#1121));
#4499=EDGE_LOOP('',(#1122));
#4500=EDGE_LOOP('',(#1123));
#4501=EDGE_LOOP('',(#1124));
#4502=EDGE_LOOP('',(#1125));
#4503=EDGE_LOOP('',(#1126));
#4504=EDGE_LOOP('',(#1127));
#4505=EDGE_LOOP('',(#1128));
#4506=EDGE_LOOP('',(#1129));
#4507=EDGE_LOOP('',(#1130));
#4508=EDGE_LOOP('',(#1131));
#4509=EDGE_LOOP('',(#1132));
#4510=EDGE_LOOP('',(#1133));
#4511=EDGE_LOOP('',(#1134));
#4512=EDGE_LOOP('',(#1135));
#4513=EDGE_LOOP('',(#1136,#1137,#1138,#1139,#1140,#1141));
#4514=EDGE_LOOP('',(#1142,#1143,#1144,#1145,#1146,#1147,#1148,#1149));
#4515=EDGE_LOOP('',(#1150,#1151,#1152,#1153,#1154,#1155));
#4516=EDGE_LOOP('',(#1156,#1157,#1158,#1159,#1160,#1161));
#4517=EDGE_LOOP('',(#1162,#1163,#1164,#1165,#1166,#1167,#1168,#1169));
#4518=EDGE_LOOP('',(#1170,#1171,#1172,#1173,#1174,#1175));
#4519=EDGE_LOOP('',(#1176,#1177,#1178,#1179,#1180,#1181));
#4520=EDGE_LOOP('',(#1182,#1183,#1184,#1185,#1186,#1187,#1188,#1189));
#4521=EDGE_LOOP('',(#1190,#1191,#1192,#1193,#1194,#1195));
#4522=EDGE_LOOP('',(#1196,#1197,#1198,#1199,#1200,#1201));
#4523=EDGE_LOOP('',(#1202,#1203,#1204,#1205,#1206,#1207,#1208,#1209));
#4524=EDGE_LOOP('',(#1210,#1211,#1212,#1213,#1214,#1215));
#4525=EDGE_LOOP('',(#1216,#1217,#1218,#1219,#1220,#1221));
#4526=EDGE_LOOP('',(#1222,#1223,#1224,#1225,#1226,#1227));
#4527=EDGE_LOOP('',(#1228,#1229,#1230,#1231,#1232,#1233));
#4528=EDGE_LOOP('',(#1234,#1235,#1236,#1237,#1238,#1239));
#4529=EDGE_LOOP('',(#1240,#1241,#1242,#1243,#1244,#1245));
#4530=EDGE_LOOP('',(#1246,#1247,#1248,#1249,#1250,#1251));
#4531=EDGE_LOOP('',(#1252,#1253,#1254,#1255,#1256,#1257));
#4532=EDGE_LOOP('',(#1258,#1259,#1260,#1261,#1262,#1263));
#4533=EDGE_LOOP('',(#1264,#1265,#1266,#1267));
#4534=EDGE_LOOP('',(#1268,#1269,#1270,#1271));
#4535=EDGE_LOOP('',(#1272,#1273,#1274,#1275));
#4536=EDGE_LOOP('',(#1276,#1277,#1278,#1279));
#4537=EDGE_LOOP('',(#1280,#1281,#1282,#1283));
#4538=EDGE_LOOP('',(#1284,#1285,#1286,#1287));
#4539=EDGE_LOOP('',(#1288,#1289,#1290,#1291));
#4540=EDGE_LOOP('',(#1292,#1293,#1294,#1295));
#4541=EDGE_LOOP('',(#1296,#1297,#1298,#1299));
#4542=EDGE_LOOP('',(#1300,#1301,#1302,#1303));
#4543=EDGE_LOOP('',(#1304,#1305,#1306,#1307));
#4544=EDGE_LOOP('',(#1308,#1309,#1310,#1311));
#4545=EDGE_LOOP('',(#1312,#1313,#1314,#1315));
#4546=EDGE_LOOP('',(#1316,#1317,#1318,#1319));
#4547=EDGE_LOOP('',(#1320,#1321,#1322,#1323));
#4548=EDGE_LOOP('',(#1324,#1325,#1326,#1327));
#4549=EDGE_LOOP('',(#1328,#1329,#1330,#1331));
#4550=EDGE_LOOP('',(#1332,#1333,#1334,#1335));
#4551=EDGE_LOOP('',(#1336,#1337,#1338,#1339));
#4552=EDGE_LOOP('',(#1340,#1341,#1342,#1343));
#4553=EDGE_LOOP('',(#1344,#1345,#1346,#1347));
#4554=EDGE_LOOP('',(#1348,#1349,#1350,#1351));
#4555=EDGE_LOOP('',(#1352,#1353,#1354,#1355));
#4556=EDGE_LOOP('',(#1356,#1357,#1358,#1359));
#4557=EDGE_LOOP('',(#1360,#1361,#1362,#1363));
#4558=EDGE_LOOP('',(#1364,#1365,#1366,#1367));
#4559=EDGE_LOOP('',(#1368,#1369,#1370,#1371));
#4560=EDGE_LOOP('',(#1372,#1373,#1374,#1375));
#4561=EDGE_LOOP('',(#1376,#1377,#1378,#1379));
#4562=EDGE_LOOP('',(#1380,#1381,#1382,#1383));
#4563=EDGE_LOOP('',(#1384,#1385,#1386,#1387));
#4564=EDGE_LOOP('',(#1388,#1389,#1390,#1391));
#4565=EDGE_LOOP('',(#1392,#1393,#1394,#1395));
#4566=EDGE_LOOP('',(#1396,#1397,#1398,#1399));
#4567=EDGE_LOOP('',(#1400,#1401,#1402,#1403,#1404,#1405,#1406,#1407,#1408));
#4568=EDGE_LOOP('',(#1409,#1410,#1411,#1412,#1413,#1414));
#4569=EDGE_LOOP('',(#1415,#1416,#1417,#1418));
#4570=EDGE_LOOP('',(#1419,#1420,#1421,#1422));
#4571=EDGE_LOOP('',(#1423,#1424,#1425,#1426));
#4572=EDGE_LOOP('',(#1427,#1428,#1429,#1430));
#4573=EDGE_LOOP('',(#1431,#1432,#1433,#1434));
#4574=EDGE_LOOP('',(#1435,#1436,#1437,#1438));
#4575=EDGE_LOOP('',(#1439,#1440,#1441,#1442));
#4576=EDGE_LOOP('',(#1443,#1444,#1445,#1446));
#4577=EDGE_LOOP('',(#1447,#1448,#1449,#1450));
#4578=EDGE_LOOP('',(#1451,#1452,#1453,#1454,#1455,#1456));
#4579=EDGE_LOOP('',(#1457,#1458,#1459,#1460,#1461,#1462,#1463,#1464,#1465));
#4580=EDGE_LOOP('',(#1466,#1467,#1468,#1469));
#4581=EDGE_LOOP('',(#1470,#1471,#1472,#1473));
#4582=EDGE_LOOP('',(#1474,#1475,#1476,#1477));
#4583=EDGE_LOOP('',(#1478,#1479,#1480,#1481,#1482,#1483,#1484,#1485,#1486));
#4584=EDGE_LOOP('',(#1487,#1488,#1489,#1490,#1491,#1492));
#4585=EDGE_LOOP('',(#1493,#1494,#1495,#1496));
#4586=EDGE_LOOP('',(#1497,#1498,#1499,#1500));
#4587=EDGE_LOOP('',(#1501,#1502,#1503,#1504,#1505,#1506));
#4588=EDGE_LOOP('',(#1507,#1508,#1509,#1510,#1511,#1512,#1513,#1514,#1515));
#4589=EDGE_LOOP('',(#1516,#1517,#1518,#1519));
#4590=EDGE_LOOP('',(#1520,#1521,#1522,#1523));
#4591=EDGE_LOOP('',(#1524,#1525,#1526,#1527));
#4592=EDGE_LOOP('',(#1528,#1529,#1530,#1531));
#4593=EDGE_LOOP('',(#1532,#1533,#1534,#1535));
#4594=EDGE_LOOP('',(#1536,#1537,#1538,#1539));
#4595=EDGE_LOOP('',(#1540,#1541,#1542,#1543));
#4596=EDGE_LOOP('',(#1544,#1545,#1546,#1547));
#4597=EDGE_LOOP('',(#1548,#1549,#1550,#1551));
#4598=EDGE_LOOP('',(#1552,#1553,#1554,#1555));
#4599=EDGE_LOOP('',(#1556,#1557,#1558,#1559));
#4600=EDGE_LOOP('',(#1560,#1561,#1562,#1563,#1564,#1565));
#4601=EDGE_LOOP('',(#1566,#1567,#1568,#1569,#1570,#1571,#1572,#1573,#1574));
#4602=EDGE_LOOP('',(#1575,#1576,#1577,#1578));
#4603=EDGE_LOOP('',(#1579,#1580,#1581,#1582,#1583,#1584,#1585,#1586,#1587));
#4604=EDGE_LOOP('',(#1588,#1589,#1590,#1591,#1592,#1593));
#4605=EDGE_LOOP('',(#1594,#1595,#1596,#1597));
#4606=EDGE_LOOP('',(#1598,#1599,#1600,#1601,#1602,#1603));
#4607=EDGE_LOOP('',(#1604,#1605,#1606,#1607));
#4608=EDGE_LOOP('',(#1608,#1609,#1610,#1611,#1612,#1613));
#4609=EDGE_LOOP('',(#1614,#1615,#1616,#1617));
#4610=EDGE_LOOP('',(#1618,#1619,#1620,#1621));
#4611=EDGE_LOOP('',(#1622,#1623,#1624,#1625,#1626,#1627));
#4612=EDGE_LOOP('',(#1628,#1629,#1630,#1631,#1632,#1633));
#4613=EDGE_LOOP('',(#1634,#1635,#1636,#1637));
#4614=EDGE_LOOP('',(#1638,#1639,#1640,#1641,#1642,#1643,#1644,#1645,#1646,
#1647,#1648,#1649));
#4615=EDGE_LOOP('',(#1650,#1651,#1652,#1653,#1654,#1655,#1656,#1657));
#4616=EDGE_LOOP('',(#1658,#1659,#1660,#1661,#1662,#1663));
#4617=EDGE_LOOP('',(#1664,#1665,#1666,#1667));
#4618=EDGE_LOOP('',(#1668,#1669,#1670,#1671,#1672,#1673));
#4619=EDGE_LOOP('',(#1674,#1675,#1676,#1677,#1678,#1679));
#4620=EDGE_LOOP('',(#1680,#1681,#1682,#1683));
#4621=EDGE_LOOP('',(#1684,#1685,#1686,#1687,#1688,#1689));
#4622=EDGE_LOOP('',(#1690,#1691,#1692,#1693,#1694,#1695));
#4623=EDGE_LOOP('',(#1696,#1697,#1698,#1699));
#4624=EDGE_LOOP('',(#1700,#1701,#1702,#1703,#1704,#1705));
#4625=EDGE_LOOP('',(#1706,#1707,#1708,#1709));
#4626=EDGE_LOOP('',(#1710,#1711,#1712,#1713));
#4627=EDGE_LOOP('',(#1714,#1715,#1716,#1717));
#4628=EDGE_LOOP('',(#1718,#1719,#1720,#1721));
#4629=EDGE_LOOP('',(#1722,#1723,#1724,#1725));
#4630=EDGE_LOOP('',(#1726,#1727,#1728,#1729,#1730,#1731));
#4631=EDGE_LOOP('',(#1732,#1733,#1734,#1735));
#4632=EDGE_LOOP('',(#1736,#1737,#1738,#1739));
#4633=EDGE_LOOP('',(#1740,#1741,#1742,#1743));
#4634=EDGE_LOOP('',(#1744,#1745,#1746,#1747));
#4635=EDGE_LOOP('',(#1748,#1749,#1750,#1751,#1752,#1753));
#4636=EDGE_LOOP('',(#1754,#1755,#1756,#1757));
#4637=EDGE_LOOP('',(#1758,#1759,#1760,#1761,#1762,#1763));
#4638=EDGE_LOOP('',(#1764,#1765,#1766,#1767));
#4639=EDGE_LOOP('',(#1768,#1769,#1770,#1771,#1772,#1773,#1774,#1775,#1776,
#1777,#1778,#1779,#1780,#1781,#1782,#1783,#1784,#1785,#1786,#1787,#1788,
#1789,#1790,#1791,#1792,#1793,#1794,#1795,#1796,#1797,#1798,#1799,#1800,
#1801,#1802,#1803,#1804,#1805));
#4640=EDGE_LOOP('',(#1806,#1807,#1808,#1809,#1810,#1811,#1812,#1813));
#4641=EDGE_LOOP('',(#1814,#1815,#1816,#1817,#1818,#1819,#1820,#1821,#1822,
#1823));
#4642=EDGE_LOOP('',(#1824,#1825,#1826));
#4643=EDGE_LOOP('',(#1827,#1828,#1829,#1830,#1831,#1832,#1833,#1834,#1835,
#1836));
#4644=EDGE_LOOP('',(#1837,#1838,#1839));
#4645=EDGE_LOOP('',(#1840,#1841,#1842,#1843,#1844,#1845,#1846,#1847,#1848,
#1849));
#4646=EDGE_LOOP('',(#1850,#1851,#1852,#1853,#1854,#1855,#1856,#1857,#1858,
#1859));
#4647=EDGE_LOOP('',(#1860,#1861,#1862,#1863,#1864,#1865,#1866,#1867));
#4648=EDGE_LOOP('',(#1868,#1869,#1870,#1871,#1872,#1873,#1874,#1875));
#4649=EDGE_LOOP('',(#1876,#1877,#1878,#1879,#1880,#1881,#1882,#1883));
#4650=EDGE_LOOP('',(#1884,#1885,#1886,#1887,#1888,#1889,#1890,#1891,#1892,
#1893,#1894,#1895,#1896,#1897,#1898,#1899));
#4651=EDGE_LOOP('',(#1900,#1901,#1902,#1903,#1904,#1905,#1906,#1907));
#4652=EDGE_LOOP('',(#1908,#1909,#1910,#1911,#1912,#1913,#1914,#1915));
#4653=EDGE_LOOP('',(#1916,#1917,#1918,#1919,#1920,#1921,#1922,#1923,#1924,
#1925,#1926,#1927));
#4654=EDGE_LOOP('',(#1928,#1929,#1930,#1931,#1932,#1933,#1934,#1935));
#4655=EDGE_LOOP('',(#1936,#1937,#1938));
#4656=EDGE_LOOP('',(#1939,#1940,#1941));
#4657=EDGE_LOOP('',(#1942,#1943,#1944));
#4658=EDGE_LOOP('',(#1945,#1946,#1947,#1948,#1949,#1950,#1951,#1952,#1953,
#1954,#1955,#1956));
#4659=EDGE_LOOP('',(#1957,#1958,#1959,#1960,#1961,#1962,#1963,#1964));
#4660=EDGE_LOOP('',(#1965,#1966,#1967));
#4661=EDGE_LOOP('',(#1968,#1969,#1970));
#4662=EDGE_LOOP('',(#1971,#1972,#1973));
#4663=EDGE_LOOP('',(#1974,#1975,#1976,#1977,#1978,#1979));
#4664=EDGE_LOOP('',(#1980,#1981,#1982,#1983,#1984,#1985));
#4665=EDGE_LOOP('',(#1986,#1987,#1988,#1989,#1990,#1991,#1992,#1993));
#4666=EDGE_LOOP('',(#1994,#1995,#1996,#1997,#1998,#1999,#2000,#2001,#2002,
#2003,#2004,#2005));
#4667=EDGE_LOOP('',(#2006,#2007,#2008,#2009,#2010,#2011));
#4668=EDGE_LOOP('',(#2012,#2013,#2014,#2015,#2016,#2017));
#4669=EDGE_LOOP('',(#2018,#2019,#2020,#2021));
#4670=EDGE_LOOP('',(#2022,#2023,#2024,#2025));
#4671=EDGE_LOOP('',(#2026,#2027,#2028,#2029,#2030,#2031));
#4672=EDGE_LOOP('',(#2032,#2033,#2034,#2035));
#4673=FACE_BOUND('',#4281,.T.);
#4674=FACE_BOUND('',#4282,.T.);
#4675=FACE_BOUND('',#4283,.T.);
#4676=FACE_BOUND('',#4284,.T.);
#4677=FACE_BOUND('',#4285,.T.);
#4678=FACE_BOUND('',#4286,.T.);
#4679=FACE_BOUND('',#4287,.T.);
#4680=FACE_BOUND('',#4288,.T.);
#4681=FACE_BOUND('',#4289,.T.);
#4682=FACE_BOUND('',#4290,.T.);
#4683=FACE_BOUND('',#4291,.T.);
#4684=FACE_BOUND('',#4292,.T.);
#4685=FACE_BOUND('',#4293,.T.);
#4686=FACE_BOUND('',#4294,.T.);
#4687=FACE_BOUND('',#4295,.T.);
#4688=FACE_BOUND('',#4296,.T.);
#4689=FACE_BOUND('',#4297,.T.);
#4690=FACE_BOUND('',#4298,.T.);
#4691=FACE_BOUND('',#4299,.T.);
#4692=FACE_BOUND('',#4300,.T.);
#4693=FACE_BOUND('',#4301,.T.);
#4694=FACE_BOUND('',#4302,.T.);
#4695=FACE_BOUND('',#4303,.T.);
#4696=FACE_BOUND('',#4304,.T.);
#4697=FACE_BOUND('',#4305,.T.);
#4698=FACE_BOUND('',#4306,.T.);
#4699=FACE_BOUND('',#4307,.T.);
#4700=FACE_BOUND('',#4308,.T.);
#4701=FACE_BOUND('',#4309,.T.);
#4702=FACE_BOUND('',#4310,.T.);
#4703=FACE_BOUND('',#4311,.T.);
#4704=FACE_BOUND('',#4312,.T.);
#4705=FACE_BOUND('',#4313,.T.);
#4706=FACE_BOUND('',#4314,.T.);
#4707=FACE_BOUND('',#4315,.T.);
#4708=FACE_BOUND('',#4316,.T.);
#4709=FACE_BOUND('',#4317,.T.);
#4710=FACE_BOUND('',#4318,.T.);
#4711=FACE_BOUND('',#4319,.T.);
#4712=FACE_BOUND('',#4320,.T.);
#4713=FACE_BOUND('',#4321,.T.);
#4714=FACE_BOUND('',#4322,.T.);
#4715=FACE_BOUND('',#4323,.T.);
#4716=FACE_BOUND('',#4324,.T.);
#4717=FACE_BOUND('',#13,.T.);
#4718=FACE_BOUND('',#14,.T.);
#4719=FACE_BOUND('',#4325,.T.);
#4720=FACE_BOUND('',#4326,.T.);
#4721=FACE_BOUND('',#4327,.T.);
#4722=FACE_BOUND('',#4328,.T.);
#4723=FACE_BOUND('',#4329,.T.);
#4724=FACE_BOUND('',#4330,.T.);
#4725=FACE_BOUND('',#4331,.T.);
#4726=FACE_BOUND('',#4332,.T.);
#4727=FACE_BOUND('',#4333,.T.);
#4728=FACE_BOUND('',#4334,.T.);
#4729=FACE_BOUND('',#4335,.T.);
#4730=FACE_BOUND('',#4336,.T.);
#4731=FACE_BOUND('',#15,.T.);
#4732=FACE_BOUND('',#16,.T.);
#4733=FACE_BOUND('',#4337,.T.);
#4734=FACE_BOUND('',#4338,.T.);
#4735=FACE_BOUND('',#4339,.T.);
#4736=FACE_BOUND('',#4340,.T.);
#4737=FACE_BOUND('',#4341,.T.);
#4738=FACE_BOUND('',#4342,.T.);
#4739=FACE_BOUND('',#4343,.T.);
#4740=FACE_BOUND('',#4344,.T.);
#4741=FACE_BOUND('',#4345,.T.);
#4742=FACE_BOUND('',#4346,.T.);
#4743=FACE_BOUND('',#4347,.T.);
#4744=FACE_BOUND('',#4348,.T.);
#4745=FACE_BOUND('',#4349,.T.);
#4746=FACE_BOUND('',#4350,.T.);
#4747=FACE_BOUND('',#4351,.T.);
#4748=FACE_BOUND('',#4352,.T.);
#4749=FACE_BOUND('',#4353,.T.);
#4750=FACE_BOUND('',#4354,.T.);
#4751=FACE_BOUND('',#4355,.T.);
#4752=FACE_BOUND('',#4356,.T.);
#4753=FACE_BOUND('',#4357,.T.);
#4754=FACE_BOUND('',#4358,.T.);
#4755=FACE_BOUND('',#4359,.T.);
#4756=FACE_BOUND('',#4360,.T.);
#4757=FACE_BOUND('',#4361,.T.);
#4758=FACE_BOUND('',#4362,.T.);
#4759=FACE_BOUND('',#4363,.T.);
#4760=FACE_BOUND('',#4364,.T.);
#4761=FACE_BOUND('',#4365,.T.);
#4762=FACE_BOUND('',#4366,.T.);
#4763=FACE_BOUND('',#4367,.T.);
#4764=FACE_BOUND('',#4368,.T.);
#4765=FACE_BOUND('',#4369,.T.);
#4766=FACE_BOUND('',#4370,.T.);
#4767=FACE_BOUND('',#4371,.T.);
#4768=FACE_BOUND('',#17,.T.);
#4769=FACE_BOUND('',#4372,.T.);
#4770=FACE_BOUND('',#4373,.T.);
#4771=FACE_BOUND('',#4374,.T.);
#4772=FACE_BOUND('',#4375,.T.);
#4773=FACE_BOUND('',#4376,.T.);
#4774=FACE_BOUND('',#4377,.T.);
#4775=FACE_BOUND('',#4378,.T.);
#4776=FACE_BOUND('',#4379,.T.);
#4777=FACE_BOUND('',#4380,.T.);
#4778=FACE_BOUND('',#4381,.T.);
#4779=FACE_BOUND('',#4382,.T.);
#4780=FACE_BOUND('',#4383,.T.);
#4781=FACE_BOUND('',#4384,.T.);
#4782=FACE_BOUND('',#4385,.T.);
#4783=FACE_BOUND('',#4386,.T.);
#4784=FACE_BOUND('',#4387,.T.);
#4785=FACE_BOUND('',#4388,.T.);
#4786=FACE_BOUND('',#4389,.T.);
#4787=FACE_BOUND('',#4390,.T.);
#4788=FACE_BOUND('',#4391,.T.);
#4789=FACE_BOUND('',#4392,.T.);
#4790=FACE_BOUND('',#4393,.T.);
#4791=FACE_BOUND('',#4394,.T.);
#4792=FACE_BOUND('',#4395,.T.);
#4793=FACE_BOUND('',#4396,.T.);
#4794=FACE_BOUND('',#4397,.T.);
#4795=FACE_BOUND('',#4398,.T.);
#4796=FACE_BOUND('',#4399,.T.);
#4797=FACE_BOUND('',#4400,.T.);
#4798=FACE_BOUND('',#4401,.T.);
#4799=FACE_BOUND('',#4402,.T.);
#4800=FACE_BOUND('',#4403,.T.);
#4801=FACE_BOUND('',#4404,.T.);
#4802=FACE_BOUND('',#4405,.T.);
#4803=FACE_BOUND('',#4406,.T.);
#4804=FACE_BOUND('',#4407,.T.);
#4805=FACE_BOUND('',#4408,.T.);
#4806=FACE_BOUND('',#4409,.T.);
#4807=FACE_BOUND('',#4410,.T.);
#4808=FACE_BOUND('',#4411,.T.);
#4809=FACE_BOUND('',#4412,.T.);
#4810=FACE_BOUND('',#4413,.T.);
#4811=FACE_BOUND('',#4414,.T.);
#4812=FACE_BOUND('',#4415,.T.);
#4813=FACE_BOUND('',#4416,.T.);
#4814=FACE_BOUND('',#4417,.T.);
#4815=FACE_BOUND('',#4418,.T.);
#4816=FACE_BOUND('',#4419,.T.);
#4817=FACE_BOUND('',#4420,.T.);
#4818=FACE_BOUND('',#4421,.T.);
#4819=FACE_BOUND('',#4422,.T.);
#4820=FACE_BOUND('',#4423,.T.);
#4821=FACE_BOUND('',#4424,.T.);
#4822=FACE_BOUND('',#4425,.T.);
#4823=FACE_BOUND('',#4426,.T.);
#4824=FACE_BOUND('',#4427,.T.);
#4825=FACE_BOUND('',#4428,.T.);
#4826=FACE_BOUND('',#4429,.T.);
#4827=FACE_BOUND('',#4430,.T.);
#4828=FACE_BOUND('',#4431,.T.);
#4829=FACE_BOUND('',#4432,.T.);
#4830=FACE_BOUND('',#4433,.T.);
#4831=FACE_BOUND('',#4434,.T.);
#4832=FACE_BOUND('',#4435,.T.);
#4833=FACE_BOUND('',#4436,.T.);
#4834=FACE_BOUND('',#4437,.T.);
#4835=FACE_BOUND('',#4438,.T.);
#4836=FACE_BOUND('',#4439,.T.);
#4837=FACE_BOUND('',#4440,.T.);
#4838=FACE_BOUND('',#18,.T.);
#4839=FACE_BOUND('',#4441,.T.);
#4840=FACE_BOUND('',#4442,.T.);
#4841=FACE_BOUND('',#4443,.T.);
#4842=FACE_BOUND('',#19,.T.);
#4843=FACE_BOUND('',#4444,.T.);
#4844=FACE_BOUND('',#4445,.T.);
#4845=FACE_BOUND('',#4446,.T.);
#4846=FACE_BOUND('',#20,.T.);
#4847=FACE_BOUND('',#4447,.T.);
#4848=FACE_BOUND('',#4448,.T.);
#4849=FACE_BOUND('',#4449,.T.);
#4850=FACE_BOUND('',#21,.T.);
#4851=FACE_BOUND('',#4450,.T.);
#4852=FACE_BOUND('',#4451,.T.);
#4853=FACE_BOUND('',#4452,.T.);
#4854=FACE_BOUND('',#22,.T.);
#4855=FACE_BOUND('',#4453,.T.);
#4856=FACE_BOUND('',#4454,.T.);
#4857=FACE_BOUND('',#4455,.T.);
#4858=FACE_BOUND('',#23,.T.);
#4859=FACE_BOUND('',#4456,.T.);
#4860=FACE_BOUND('',#4457,.T.);
#4861=FACE_BOUND('',#4458,.T.);
#4862=FACE_BOUND('',#24,.T.);
#4863=FACE_BOUND('',#4459,.T.);
#4864=FACE_BOUND('',#4460,.T.);
#4865=FACE_BOUND('',#4461,.T.);
#4866=FACE_BOUND('',#25,.T.);
#4867=FACE_BOUND('',#4462,.T.);
#4868=FACE_BOUND('',#4463,.T.);
#4869=FACE_BOUND('',#4464,.T.);
#4870=FACE_BOUND('',#26,.T.);
#4871=FACE_BOUND('',#4465,.T.);
#4872=FACE_BOUND('',#4466,.T.);
#4873=FACE_BOUND('',#4467,.T.);
#4874=FACE_BOUND('',#27,.T.);
#4875=FACE_BOUND('',#4468,.T.);
#4876=FACE_BOUND('',#4469,.T.);
#4877=FACE_BOUND('',#4470,.T.);
#4878=FACE_BOUND('',#28,.T.);
#4879=FACE_BOUND('',#4471,.T.);
#4880=FACE_BOUND('',#4472,.T.);
#4881=FACE_BOUND('',#4473,.T.);
#4882=FACE_BOUND('',#29,.T.);
#4883=FACE_BOUND('',#4474,.T.);
#4884=FACE_BOUND('',#4475,.T.);
#4885=FACE_BOUND('',#4476,.T.);
#4886=FACE_BOUND('',#30,.T.);
#4887=FACE_BOUND('',#4477,.T.);
#4888=FACE_BOUND('',#4478,.T.);
#4889=FACE_BOUND('',#4479,.T.);
#4890=FACE_BOUND('',#31,.T.);
#4891=FACE_BOUND('',#4480,.T.);
#4892=FACE_BOUND('',#4481,.T.);
#4893=FACE_BOUND('',#4482,.T.);
#4894=FACE_BOUND('',#32,.T.);
#4895=FACE_BOUND('',#4483,.T.);
#4896=FACE_BOUND('',#4484,.T.);
#4897=FACE_BOUND('',#4485,.T.);
#4898=FACE_BOUND('',#33,.T.);
#4899=FACE_BOUND('',#4486,.T.);
#4900=FACE_BOUND('',#4487,.T.);
#4901=FACE_BOUND('',#4488,.T.);
#4902=FACE_BOUND('',#34,.T.);
#4903=FACE_BOUND('',#4489,.T.);
#4904=FACE_BOUND('',#4490,.T.);
#4905=FACE_BOUND('',#4491,.T.);
#4906=FACE_BOUND('',#35,.T.);
#4907=FACE_BOUND('',#4492,.T.);
#4908=FACE_BOUND('',#4493,.T.);
#4909=FACE_BOUND('',#4494,.T.);
#4910=FACE_BOUND('',#36,.T.);
#4911=FACE_BOUND('',#4495,.T.);
#4912=FACE_BOUND('',#4496,.T.);
#4913=FACE_BOUND('',#4497,.T.);
#4914=FACE_BOUND('',#37,.T.);
#4915=FACE_BOUND('',#4498,.T.);
#4916=FACE_BOUND('',#4499,.T.);
#4917=FACE_BOUND('',#4500,.T.);
#4918=FACE_BOUND('',#38,.T.);
#4919=FACE_BOUND('',#4501,.T.);
#4920=FACE_BOUND('',#4502,.T.);
#4921=FACE_BOUND('',#4503,.T.);
#4922=FACE_BOUND('',#39,.T.);
#4923=FACE_BOUND('',#4504,.T.);
#4924=FACE_BOUND('',#4505,.T.);
#4925=FACE_BOUND('',#4506,.T.);
#4926=FACE_BOUND('',#40,.T.);
#4927=FACE_BOUND('',#4507,.T.);
#4928=FACE_BOUND('',#4508,.T.);
#4929=FACE_BOUND('',#4509,.T.);
#4930=FACE_BOUND('',#41,.T.);
#4931=FACE_BOUND('',#4510,.T.);
#4932=FACE_BOUND('',#4511,.T.);
#4933=FACE_BOUND('',#4512,.T.);
#4934=FACE_BOUND('',#4513,.T.);
#4935=FACE_BOUND('',#4514,.T.);
#4936=FACE_BOUND('',#4515,.T.);
#4937=FACE_BOUND('',#4516,.T.);
#4938=FACE_BOUND('',#4517,.T.);
#4939=FACE_BOUND('',#4518,.T.);
#4940=FACE_BOUND('',#4519,.T.);
#4941=FACE_BOUND('',#4520,.T.);
#4942=FACE_BOUND('',#4521,.T.);
#4943=FACE_BOUND('',#4522,.T.);
#4944=FACE_BOUND('',#4523,.T.);
#4945=FACE_BOUND('',#4524,.T.);
#4946=FACE_BOUND('',#4525,.T.);
#4947=FACE_BOUND('',#4526,.T.);
#4948=FACE_BOUND('',#4527,.T.);
#4949=FACE_BOUND('',#4528,.T.);
#4950=FACE_BOUND('',#4529,.T.);
#4951=FACE_BOUND('',#4530,.T.);
#4952=FACE_BOUND('',#4531,.T.);
#4953=FACE_BOUND('',#4532,.T.);
#4954=FACE_BOUND('',#4533,.T.);
#4955=FACE_BOUND('',#4534,.T.);
#4956=FACE_BOUND('',#4535,.T.);
#4957=FACE_BOUND('',#4536,.T.);
#4958=FACE_BOUND('',#4537,.T.);
#4959=FACE_BOUND('',#4538,.T.);
#4960=FACE_BOUND('',#4539,.T.);
#4961=FACE_BOUND('',#4540,.T.);
#4962=FACE_BOUND('',#4541,.T.);
#4963=FACE_BOUND('',#4542,.T.);
#4964=FACE_BOUND('',#4543,.T.);
#4965=FACE_BOUND('',#4544,.T.);
#4966=FACE_BOUND('',#4545,.T.);
#4967=FACE_BOUND('',#4546,.T.);
#4968=FACE_BOUND('',#4547,.T.);
#4969=FACE_BOUND('',#4548,.T.);
#4970=FACE_BOUND('',#4549,.T.);
#4971=FACE_BOUND('',#4550,.T.);
#4972=FACE_BOUND('',#4551,.T.);
#4973=FACE_BOUND('',#4552,.T.);
#4974=FACE_BOUND('',#4553,.T.);
#4975=FACE_BOUND('',#4554,.T.);
#4976=FACE_BOUND('',#4555,.T.);
#4977=FACE_BOUND('',#4556,.T.);
#4978=FACE_BOUND('',#4557,.T.);
#4979=FACE_BOUND('',#4558,.T.);
#4980=FACE_BOUND('',#4559,.T.);
#4981=FACE_BOUND('',#4560,.T.);
#4982=FACE_BOUND('',#4561,.T.);
#4983=FACE_BOUND('',#4562,.T.);
#4984=FACE_BOUND('',#4563,.T.);
#4985=FACE_BOUND('',#4564,.T.);
#4986=FACE_BOUND('',#4565,.T.);
#4987=FACE_BOUND('',#4566,.T.);
#4988=FACE_BOUND('',#4567,.T.);
#4989=FACE_BOUND('',#4568,.T.);
#4990=FACE_BOUND('',#4569,.T.);
#4991=FACE_BOUND('',#4570,.T.);
#4992=FACE_BOUND('',#4571,.T.);
#4993=FACE_BOUND('',#4572,.T.);
#4994=FACE_BOUND('',#4573,.T.);
#4995=FACE_BOUND('',#4574,.T.);
#4996=FACE_BOUND('',#4575,.T.);
#4997=FACE_BOUND('',#4576,.T.);
#4998=FACE_BOUND('',#4577,.T.);
#4999=FACE_BOUND('',#4578,.T.);
#5000=FACE_BOUND('',#4579,.T.);
#5001=FACE_BOUND('',#4580,.T.);
#5002=FACE_BOUND('',#4581,.T.);
#5003=FACE_BOUND('',#4582,.T.);
#5004=FACE_BOUND('',#4583,.T.);
#5005=FACE_BOUND('',#4584,.T.);
#5006=FACE_BOUND('',#4585,.T.);
#5007=FACE_BOUND('',#4586,.T.);
#5008=FACE_BOUND('',#4587,.T.);
#5009=FACE_BOUND('',#4588,.T.);
#5010=FACE_BOUND('',#4589,.T.);
#5011=FACE_BOUND('',#4590,.T.);
#5012=FACE_BOUND('',#4591,.T.);
#5013=FACE_BOUND('',#4592,.T.);
#5014=FACE_BOUND('',#4593,.T.);
#5015=FACE_BOUND('',#4594,.T.);
#5016=FACE_BOUND('',#4595,.T.);
#5017=FACE_BOUND('',#4596,.T.);
#5018=FACE_BOUND('',#4597,.T.);
#5019=FACE_BOUND('',#4598,.T.);
#5020=FACE_BOUND('',#4599,.T.);
#5021=FACE_BOUND('',#4600,.T.);
#5022=FACE_BOUND('',#4601,.T.);
#5023=FACE_BOUND('',#4602,.T.);
#5024=FACE_BOUND('',#4603,.T.);
#5025=FACE_BOUND('',#4604,.T.);
#5026=FACE_BOUND('',#4605,.T.);
#5027=FACE_BOUND('',#4606,.T.);
#5028=FACE_BOUND('',#4607,.T.);
#5029=FACE_BOUND('',#4608,.T.);
#5030=FACE_BOUND('',#4609,.T.);
#5031=FACE_BOUND('',#4610,.T.);
#5032=FACE_BOUND('',#4611,.T.);
#5033=FACE_BOUND('',#4612,.T.);
#5034=FACE_BOUND('',#4613,.T.);
#5035=FACE_BOUND('',#4614,.T.);
#5036=FACE_BOUND('',#4615,.T.);
#5037=FACE_BOUND('',#4616,.T.);
#5038=FACE_BOUND('',#4617,.T.);
#5039=FACE_BOUND('',#4618,.T.);
#5040=FACE_BOUND('',#4619,.T.);
#5041=FACE_BOUND('',#4620,.T.);
#5042=FACE_BOUND('',#4621,.T.);
#5043=FACE_BOUND('',#4622,.T.);
#5044=FACE_BOUND('',#4623,.T.);
#5045=FACE_BOUND('',#4624,.T.);
#5046=FACE_BOUND('',#4625,.T.);
#5047=FACE_BOUND('',#4626,.T.);
#5048=FACE_BOUND('',#4627,.T.);
#5049=FACE_BOUND('',#4628,.T.);
#5050=FACE_BOUND('',#4629,.T.);
#5051=FACE_BOUND('',#4630,.T.);
#5052=FACE_BOUND('',#4631,.T.);
#5053=FACE_BOUND('',#4632,.T.);
#5054=FACE_BOUND('',#4633,.T.);
#5055=FACE_BOUND('',#4634,.T.);
#5056=FACE_BOUND('',#4635,.T.);
#5057=FACE_BOUND('',#4636,.T.);
#5058=FACE_BOUND('',#4637,.T.);
#5059=FACE_BOUND('',#4638,.T.);
#5060=FACE_BOUND('',#4639,.T.);
#5061=FACE_BOUND('',#4640,.T.);
#5062=FACE_BOUND('',#4641,.T.);
#5063=FACE_BOUND('',#4642,.T.);
#5064=FACE_BOUND('',#4643,.T.);
#5065=FACE_BOUND('',#4644,.T.);
#5066=FACE_BOUND('',#4645,.T.);
#5067=FACE_BOUND('',#4646,.T.);
#5068=FACE_BOUND('',#4647,.T.);
#5069=FACE_BOUND('',#4648,.T.);
#5070=FACE_BOUND('',#4649,.T.);
#5071=FACE_BOUND('',#4650,.T.);
#5072=FACE_BOUND('',#4651,.T.);
#5073=FACE_BOUND('',#4652,.T.);
#5074=FACE_BOUND('',#4653,.T.);
#5075=FACE_BOUND('',#4654,.T.);
#5076=FACE_BOUND('',#4655,.T.);
#5077=FACE_BOUND('',#4656,.T.);
#5078=FACE_BOUND('',#4657,.T.);
#5079=FACE_BOUND('',#4658,.T.);
#5080=FACE_BOUND('',#4659,.T.);
#5081=FACE_BOUND('',#4660,.T.);
#5082=FACE_BOUND('',#4661,.T.);
#5083=FACE_BOUND('',#4662,.T.);
#5084=FACE_BOUND('',#4663,.T.);
#5085=FACE_BOUND('',#4664,.T.);
#5086=FACE_BOUND('',#4665,.T.);
#5087=FACE_BOUND('',#4666,.T.);
#5088=FACE_BOUND('',#4667,.T.);
#5089=FACE_BOUND('',#4668,.T.);
#5090=FACE_BOUND('',#4669,.T.);
#5091=FACE_BOUND('',#4670,.T.);
#5092=FACE_BOUND('',#4671,.T.);
#5093=FACE_BOUND('',#4672,.T.);
#5094=PLANE('',#5655);
#5095=PLANE('',#5656);
#5096=PLANE('',#5657);
#5097=PLANE('',#5658);
#5098=PLANE('',#5659);
#5099=PLANE('',#5660);
#5100=PLANE('',#5673);
#5101=PLANE('',#5678);
#5102=PLANE('',#5683);
#5103=PLANE('',#5692);
#5104=PLANE('',#5701);
#5105=PLANE('',#5703);
#5106=PLANE('',#5704);
#5107=PLANE('',#5705);
#5108=PLANE('',#5706);
#5109=PLANE('',#5713);
#5110=PLANE('',#5722);
#5111=PLANE('',#5724);
#5112=PLANE('',#5725);
#5113=PLANE('',#5726);
#5114=PLANE('',#5727);
#5115=PLANE('',#5737);
#5116=PLANE('',#5739);
#5117=PLANE('',#5741);
#5118=PLANE('',#5746);
#5119=PLANE('',#5748);
#5120=PLANE('',#5755);
#5121=PLANE('',#5756);
#5122=PLANE('',#5757);
#5123=PLANE('',#5758);
#5124=PLANE('',#5759);
#5125=PLANE('',#5760);
#5126=PLANE('',#5761);
#5127=PLANE('',#5762);
#5128=PLANE('',#5763);
#5129=PLANE('',#5764);
#5130=PLANE('',#5765);
#5131=PLANE('',#5766);
#5132=PLANE('',#5767);
#5133=PLANE('',#5768);
#5134=PLANE('',#5769);
#5135=PLANE('',#5770);
#5136=PLANE('',#5771);
#5137=PLANE('',#5772);
#5138=PLANE('',#5773);
#5139=PLANE('',#5774);
#5140=PLANE('',#5775);
#5141=PLANE('',#5780);
#5142=PLANE('',#5781);
#5143=PLANE('',#5782);
#5144=PLANE('',#5783);
#5145=PLANE('',#5784);
#5146=PLANE('',#5785);
#5147=PLANE('',#5786);
#5148=PLANE('',#5787);
#5149=PLANE('',#5788);
#5150=PLANE('',#5789);
#5151=PLANE('',#5790);
#5152=PLANE('',#5791);
#5153=PLANE('',#5792);
#5154=PLANE('',#5793);
#5155=PLANE('',#5794);
#5156=PLANE('',#5795);
#5157=PLANE('',#5796);
#5158=PLANE('',#5797);
#5159=PLANE('',#5798);
#5160=PLANE('',#5799);
#5161=PLANE('',#5800);
#5162=PLANE('',#5801);
#5163=PLANE('',#5802);
#5164=PLANE('',#5803);
#5165=PLANE('',#5804);
#5166=PLANE('',#5805);
#5167=PLANE('',#5806);
#5168=PLANE('',#5811);
#5169=PLANE('',#5816);
#5170=PLANE('',#5821);
#5171=PLANE('',#5826);
#5172=PLANE('',#5831);
#5173=PLANE('',#5836);
#5174=PLANE('',#5837);
#5175=PLANE('',#5838);
#5176=PLANE('',#5839);
#5177=PLANE('',#5912);
#5178=PLANE('',#5915);
#5179=PLANE('',#5920);
#5180=PLANE('',#5923);
#5181=PLANE('',#5926);
#5182=PLANE('',#5931);
#5183=PLANE('',#5934);
#5184=PLANE('',#5937);
#5185=PLANE('',#5942);
#5186=PLANE('',#5945);
#5187=PLANE('',#5948);
#5188=PLANE('',#5953);
#5189=PLANE('',#5956);
#5190=PLANE('',#5960);
#5191=PLANE('',#5964);
#5192=PLANE('',#5968);
#5193=PLANE('',#5972);
#5194=PLANE('',#5976);
#5195=PLANE('',#5980);
#5196=PLANE('',#5984);
#5197=PLANE('',#5988);
#5198=PLANE('',#5989);
#5199=PLANE('',#5994);
#5200=PLANE('',#5999);
#5201=PLANE('',#6004);
#5202=PLANE('',#6005);
#5203=PLANE('',#6006);
#5204=PLANE('',#6007);
#5205=PLANE('',#6014);
#5206=PLANE('',#6017);
#5207=PLANE('',#6020);
#5208=PLANE('',#6023);
#5209=PLANE('',#6026);
#5210=PLANE('',#6029);
#5211=PLANE('',#6030);
#5212=PLANE('',#6033);
#5213=PLANE('',#6036);
#5214=PLANE('',#6037);
#5215=PLANE('',#6038);
#5216=PLANE('',#6045);
#5217=PLANE('',#6048);
#5218=PLANE('',#6051);
#5219=PLANE('',#6054);
#5220=PLANE('',#6059);
#5221=PLANE('',#6062);
#5222=PLANE('',#6063);
#5223=PLANE('',#6064);
#5224=PLANE('',#6065);
#5225=PLANE('',#6070);
#5226=PLANE('',#6075);
#5227=PLANE('',#6078);
#5228=PLANE('',#6081);
#5229=PLANE('',#6084);
#5230=PLANE('',#6087);
#5231=PLANE('',#6090);
#5232=PLANE('',#6091);
#5233=PLANE('',#6092);
#5234=PLANE('',#6095);
#5235=PLANE('',#6098);
#5236=PLANE('',#6099);
#5237=PLANE('',#6105);
#5238=PLANE('',#6108);
#5239=PLANE('',#6111);
#5240=PLANE('',#6112);
#5241=PLANE('',#6114);
#5242=PLANE('',#6115);
#5243=PLANE('',#6118);
#5244=PLANE('',#6119);
#5245=PLANE('',#6122);
#5246=PLANE('',#6126);
#5247=PLANE('',#6129);
#5248=PLANE('',#6134);
#5249=PLANE('',#6135);
#5250=PLANE('',#6137);
#5251=PLANE('',#6140);
#5252=PLANE('',#6141);
#5253=PLANE('',#6144);
#5254=PLANE('',#6147);
#5255=PLANE('',#6150);
#5256=PLANE('',#6152);
#5257=PLANE('',#6153);
#5258=PLANE('',#6154);
#5259=PLANE('',#6155);
#5260=PLANE('',#6156);
#5261=PLANE('',#6157);
#5262=PLANE('',#6158);
#5263=PLANE('',#6160);
#5264=PLANE('',#6161);
#5265=PLANE('',#6163);
#5266=PLANE('',#6165);
#5267=PLANE('',#6167);
#5268=PLANE('',#6169);
#5269=PLANE('',#6170);
#5270=PLANE('',#6171);
#5271=PLANE('',#6172);
#5272=PLANE('',#6173);
#5273=PLANE('',#6174);
#5274=PLANE('',#6175);
#5275=PLANE('',#6176);
#5276=PLANE('',#6179);
#5277=ADVANCED_FACE('',(#4673),#5094,.T.);
#5278=ADVANCED_FACE('',(#4674),#5095,.T.);
#5279=ADVANCED_FACE('',(#4675),#5096,.T.);
#5280=ADVANCED_FACE('',(#4676),#5097,.T.);
#5281=ADVANCED_FACE('',(#4677),#5098,.T.);
#5282=ADVANCED_FACE('',(#4678),#5099,.T.);
#5283=ADVANCED_FACE('',(#4679),#469,.T.);
#5284=ADVANCED_FACE('',(#4680),#470,.T.);
#5285=ADVANCED_FACE('',(#4681),#471,.T.);
#5286=ADVANCED_FACE('',(#4682),#472,.T.);
#5287=ADVANCED_FACE('',(#4683),#473,.T.);
#5288=ADVANCED_FACE('',(#4684),#474,.T.);
#5289=ADVANCED_FACE('',(#4685),#5100,.T.);
#5290=ADVANCED_FACE('',(#4686,#4687),#264,.T.);
#5291=ADVANCED_FACE('',(#4688,#4689),#475,.T.);
#5292=ADVANCED_FACE('',(#4690,#4691),#5101,.F.);
#5293=ADVANCED_FACE('',(#4692),#258,.F.);
#5294=ADVANCED_FACE('',(#4693),#259,.F.);
#5295=ADVANCED_FACE('',(#4694),#260,.F.);
#5296=ADVANCED_FACE('',(#4695),#261,.F.);
#5297=ADVANCED_FACE('',(#4696),#262,.F.);
#5298=ADVANCED_FACE('',(#4697),#263,.F.);
#5299=ADVANCED_FACE('',(#4698,#4699),#173,.T.);
#5300=ADVANCED_FACE('',(#4700),#5102,.T.);
#5301=ADVANCED_FACE('',(#4701,#4702),#265,.F.);
#5302=ADVANCED_FACE('',(#4703,#4704),#476,.T.);
#5303=ADVANCED_FACE('',(#4705),#5103,.F.);
#5304=ADVANCED_FACE('',(#4706,#4707),#477,.T.);
#5305=ADVANCED_FACE('',(#4708,#4709),#174,.T.);
#5306=ADVANCED_FACE('',(#4710),#5104,.F.);
#5307=ADVANCED_FACE('',(#4711),#5105,.F.);
#5308=ADVANCED_FACE('',(#4712),#5106,.F.);
#5309=ADVANCED_FACE('',(#4713),#5107,.T.);
#5310=ADVANCED_FACE('',(#4714),#5108,.T.);
#5311=ADVANCED_FACE('',(#4715,#4716),#478,.T.);
#5312=ADVANCED_FACE('',(#4717,#4718),#42,.T.);
#5313=ADVANCED_FACE('',(#4719),#5109,.F.);
#5314=ADVANCED_FACE('',(#4720,#4721),#479,.T.);
#5315=ADVANCED_FACE('',(#4722,#4723),#175,.T.);
#5316=ADVANCED_FACE('',(#4724),#5110,.F.);
#5317=ADVANCED_FACE('',(#4725),#5111,.F.);
#5318=ADVANCED_FACE('',(#4726),#5112,.F.);
#5319=ADVANCED_FACE('',(#4727),#5113,.T.);
#5320=ADVANCED_FACE('',(#4728),#5114,.T.);
#5321=ADVANCED_FACE('',(#4729,#4730),#480,.T.);
#5322=ADVANCED_FACE('',(#4731,#4732),#43,.T.);
#5323=ADVANCED_FACE('',(#4733),#5115,.T.);
#5324=ADVANCED_FACE('',(#4734),#5116,.T.);
#5325=ADVANCED_FACE('',(#4735),#5117,.T.);
#5326=ADVANCED_FACE('',(#4736,#4737),#176,.T.);
#5327=ADVANCED_FACE('',(#4738),#5118,.F.);
#5328=ADVANCED_FACE('',(#4739,#4740),#5119,.F.);
#5329=ADVANCED_FACE('',(#4741,#4742),#177,.T.);
#5330=ADVANCED_FACE('',(#4743,#4744),#481,.T.);
#5331=ADVANCED_FACE('',(#4745,#4746),#266,.F.);
#5332=ADVANCED_FACE('',(#4747),#5120,.T.);
#5333=ADVANCED_FACE('',(#4748),#5121,.T.);
#5334=ADVANCED_FACE('',(#4749),#5122,.T.);
#5335=ADVANCED_FACE('',(#4750),#5123,.T.);
#5336=ADVANCED_FACE('',(#4751),#5124,.T.);
#5337=ADVANCED_FACE('',(#4752),#5125,.T.);
#5338=ADVANCED_FACE('',(#4753),#5126,.T.);
#5339=ADVANCED_FACE('',(#4754),#5127,.T.);
#5340=ADVANCED_FACE('',(#4755),#5128,.T.);
#5341=ADVANCED_FACE('',(#4756),#5129,.T.);
#5342=ADVANCED_FACE('',(#4757),#5130,.T.);
#5343=ADVANCED_FACE('',(#4758),#5131,.T.);
#5344=ADVANCED_FACE('',(#4759),#5132,.T.);
#5345=ADVANCED_FACE('',(#4760),#5133,.T.);
#5346=ADVANCED_FACE('',(#4761),#5134,.T.);
#5347=ADVANCED_FACE('',(#4762),#5135,.T.);
#5348=ADVANCED_FACE('',(#4763),#5136,.T.);
#5349=ADVANCED_FACE('',(#4764),#5137,.T.);
#5350=ADVANCED_FACE('',(#4765),#5138,.T.);
#5351=ADVANCED_FACE('',(#4766),#5139,.T.);
#5352=ADVANCED_FACE('',(#4767),#5140,.T.);
#5353=ADVANCED_FACE('',(#4768,#4769),#482,.F.);
#5354=ADVANCED_FACE('',(#4770,#4771),#483,.T.);
#5355=ADVANCED_FACE('',(#4772,#4773),#5141,.T.);
#5356=ADVANCED_FACE('',(#4774,#4775),#5142,.T.);
#5357=ADVANCED_FACE('',(#4776,#4777),#5143,.T.);
#5358=ADVANCED_FACE('',(#4778,#4779),#5144,.T.);
#5359=ADVANCED_FACE('',(#4780,#4781),#5145,.T.);
#5360=ADVANCED_FACE('',(#4782,#4783),#5146,.T.);
#5361=ADVANCED_FACE('',(#4784),#5147,.F.);
#5362=ADVANCED_FACE('',(#4785),#5148,.F.);
#5363=ADVANCED_FACE('',(#4786),#5149,.F.);
#5364=ADVANCED_FACE('',(#4787),#5150,.F.);
#5365=ADVANCED_FACE('',(#4788),#5151,.F.);
#5366=ADVANCED_FACE('',(#4789),#5152,.F.);
#5367=ADVANCED_FACE('',(#4790),#5153,.F.);
#5368=ADVANCED_FACE('',(#4791),#5154,.F.);
#5369=ADVANCED_FACE('',(#4792),#5155,.F.);
#5370=ADVANCED_FACE('',(#4793),#5156,.F.);
#5371=ADVANCED_FACE('',(#4794),#5157,.F.);
#5372=ADVANCED_FACE('',(#4795),#5158,.F.);
#5373=ADVANCED_FACE('',(#4796),#5159,.F.);
#5374=ADVANCED_FACE('',(#4797),#5160,.F.);
#5375=ADVANCED_FACE('',(#4798),#5161,.F.);
#5376=ADVANCED_FACE('',(#4799),#5162,.F.);
#5377=ADVANCED_FACE('',(#4800),#5163,.F.);
#5378=ADVANCED_FACE('',(#4801),#5164,.F.);
#5379=ADVANCED_FACE('',(#4802),#5165,.F.);
#5380=ADVANCED_FACE('',(#4803),#5166,.F.);
#5381=ADVANCED_FACE('',(#4804,#4805,#4806,#4807,#4808),#5167,.T.);
#5382=ADVANCED_FACE('',(#4809,#4810,#4811,#4812,#4813),#5168,.T.);
#5383=ADVANCED_FACE('',(#4814,#4815,#4816,#4817,#4818),#5169,.T.);
#5384=ADVANCED_FACE('',(#4819,#4820,#4821,#4822,#4823),#5170,.T.);
#5385=ADVANCED_FACE('',(#4824,#4825,#4826,#4827,#4828),#5171,.T.);
#5386=ADVANCED_FACE('',(#4829,#4830,#4831,#4832,#4833),#5172,.T.);
#5387=ADVANCED_FACE('',(#4834),#5173,.F.);
#5388=ADVANCED_FACE('',(#4835),#5174,.F.);
#5389=ADVANCED_FACE('',(#4836),#5175,.F.);
#5390=ADVANCED_FACE('',(#4837),#5176,.F.);
#5391=ADVANCED_FACE('',(#4838,#4839),#484,.F.);
#5392=ADVANCED_FACE('',(#4840,#4841),#178,.F.);
#5393=ADVANCED_FACE('',(#4842,#4843),#485,.F.);
#5394=ADVANCED_FACE('',(#4844,#4845),#179,.F.);
#5395=ADVANCED_FACE('',(#4846,#4847),#486,.F.);
#5396=ADVANCED_FACE('',(#4848,#4849),#180,.F.);
#5397=ADVANCED_FACE('',(#4850,#4851),#487,.F.);
#5398=ADVANCED_FACE('',(#4852,#4853),#181,.F.);
#5399=ADVANCED_FACE('',(#4854,#4855),#488,.F.);
#5400=ADVANCED_FACE('',(#4856,#4857),#182,.F.);
#5401=ADVANCED_FACE('',(#4858,#4859),#489,.F.);
#5402=ADVANCED_FACE('',(#4860,#4861),#183,.F.);
#5403=ADVANCED_FACE('',(#4862,#4863),#490,.F.);
#5404=ADVANCED_FACE('',(#4864,#4865),#184,.F.);
#5405=ADVANCED_FACE('',(#4866,#4867),#491,.F.);
#5406=ADVANCED_FACE('',(#4868,#4869),#185,.F.);
#5407=ADVANCED_FACE('',(#4870,#4871),#492,.F.);
#5408=ADVANCED_FACE('',(#4872,#4873),#186,.F.);
#5409=ADVANCED_FACE('',(#4874,#4875),#493,.F.);
#5410=ADVANCED_FACE('',(#4876,#4877),#187,.F.);
#5411=ADVANCED_FACE('',(#4878,#4879),#494,.F.);
#5412=ADVANCED_FACE('',(#4880,#4881),#188,.F.);
#5413=ADVANCED_FACE('',(#4882,#4883),#495,.F.);
#5414=ADVANCED_FACE('',(#4884,#4885),#189,.F.);
#5415=ADVANCED_FACE('',(#4886,#4887),#496,.F.);
#5416=ADVANCED_FACE('',(#4888,#4889),#190,.F.);
#5417=ADVANCED_FACE('',(#4890,#4891),#497,.F.);
#5418=ADVANCED_FACE('',(#4892,#4893),#191,.F.);
#5419=ADVANCED_FACE('',(#4894,#4895),#498,.F.);
#5420=ADVANCED_FACE('',(#4896,#4897),#192,.F.);
#5421=ADVANCED_FACE('',(#4898,#4899),#499,.F.);
#5422=ADVANCED_FACE('',(#4900,#4901),#193,.F.);
#5423=ADVANCED_FACE('',(#4902,#4903),#500,.F.);
#5424=ADVANCED_FACE('',(#4904,#4905),#194,.F.);
#5425=ADVANCED_FACE('',(#4906,#4907),#501,.F.);
#5426=ADVANCED_FACE('',(#4908,#4909),#195,.F.);
#5427=ADVANCED_FACE('',(#4910,#4911),#502,.F.);
#5428=ADVANCED_FACE('',(#4912,#4913),#196,.F.);
#5429=ADVANCED_FACE('',(#4914,#4915),#503,.F.);
#5430=ADVANCED_FACE('',(#4916,#4917),#197,.F.);
#5431=ADVANCED_FACE('',(#4918,#4919),#504,.F.);
#5432=ADVANCED_FACE('',(#4920,#4921),#198,.F.);
#5433=ADVANCED_FACE('',(#4922,#4923),#505,.F.);
#5434=ADVANCED_FACE('',(#4924,#4925),#199,.F.);
#5435=ADVANCED_FACE('',(#4926,#4927),#506,.F.);
#5436=ADVANCED_FACE('',(#4928,#4929),#200,.F.);
#5437=ADVANCED_FACE('',(#4930,#4931),#507,.F.);
#5438=ADVANCED_FACE('',(#4932,#4933),#201,.F.);
#5439=ADVANCED_FACE('',(#4934),#5177,.F.);
#5440=ADVANCED_FACE('',(#4935),#5178,.F.);
#5441=ADVANCED_FACE('',(#4936),#5179,.F.);
#5442=ADVANCED_FACE('',(#4937),#5180,.F.);
#5443=ADVANCED_FACE('',(#4938),#5181,.F.);
#5444=ADVANCED_FACE('',(#4939),#5182,.F.);
#5445=ADVANCED_FACE('',(#4940),#5183,.F.);
#5446=ADVANCED_FACE('',(#4941),#5184,.F.);
#5447=ADVANCED_FACE('',(#4942),#5185,.F.);
#5448=ADVANCED_FACE('',(#4943),#5186,.F.);
#5449=ADVANCED_FACE('',(#4944),#5187,.F.);
#5450=ADVANCED_FACE('',(#4945),#5188,.F.);
#5451=ADVANCED_FACE('',(#4946),#5189,.F.);
#5452=ADVANCED_FACE('',(#4947),#5190,.F.);
#5453=ADVANCED_FACE('',(#4948),#5191,.F.);
#5454=ADVANCED_FACE('',(#4949),#5192,.F.);
#5455=ADVANCED_FACE('',(#4950),#5193,.F.);
#5456=ADVANCED_FACE('',(#4951),#5194,.F.);
#5457=ADVANCED_FACE('',(#4952),#5195,.F.);
#5458=ADVANCED_FACE('',(#4953),#5196,.F.);
#5459=ADVANCED_FACE('',(#4954),#5197,.T.);
#5460=ADVANCED_FACE('',(#4955),#5198,.F.);
#5461=ADVANCED_FACE('',(#4956),#202,.F.);
#5462=ADVANCED_FACE('',(#4957),#203,.F.);
#5463=ADVANCED_FACE('',(#4958),#5199,.F.);
#5464=ADVANCED_FACE('',(#4959),#204,.F.);
#5465=ADVANCED_FACE('',(#4960),#205,.F.);
#5466=ADVANCED_FACE('',(#4961),#5200,.F.);
#5467=ADVANCED_FACE('',(#4962),#206,.F.);
#5468=ADVANCED_FACE('',(#4963),#207,.F.);
#5469=ADVANCED_FACE('',(#4964),#5201,.T.);
#5470=ADVANCED_FACE('',(#4965),#5202,.F.);
#5471=ADVANCED_FACE('',(#4966),#5203,.T.);
#5472=ADVANCED_FACE('',(#4967),#5204,.F.);
#5473=ADVANCED_FACE('',(#4968),#208,.F.);
#5474=ADVANCED_FACE('',(#4969),#209,.F.);
#5475=ADVANCED_FACE('',(#4970),#210,.F.);
#5476=ADVANCED_FACE('',(#4971),#5205,.F.);
#5477=ADVANCED_FACE('',(#4972),#211,.F.);
#5478=ADVANCED_FACE('',(#4973),#5206,.T.);
#5479=ADVANCED_FACE('',(#4974),#212,.F.);
#5480=ADVANCED_FACE('',(#4975),#5207,.F.);
#5481=ADVANCED_FACE('',(#4976),#213,.F.);
#5482=ADVANCED_FACE('',(#4977),#5208,.F.);
#5483=ADVANCED_FACE('',(#4978),#214,.F.);
#5484=ADVANCED_FACE('',(#4979),#5209,.T.);
#5485=ADVANCED_FACE('',(#4980),#215,.F.);
#5486=ADVANCED_FACE('',(#4981),#5210,.F.);
#5487=ADVANCED_FACE('',(#4982),#5211,.F.);
#5488=ADVANCED_FACE('',(#4983),#216,.F.);
#5489=ADVANCED_FACE('',(#4984),#5212,.T.);
#5490=ADVANCED_FACE('',(#4985),#217,.F.);
#5491=ADVANCED_FACE('',(#4986),#5213,.F.);
#5492=ADVANCED_FACE('',(#4987),#5214,.F.);
#5493=ADVANCED_FACE('',(#4988),#5215,.F.);
#5494=ADVANCED_FACE('',(#4989),#218,.F.);
#5495=ADVANCED_FACE('',(#4990),#219,.F.);
#5496=ADVANCED_FACE('',(#4991),#5216,.F.);
#5497=ADVANCED_FACE('',(#4992),#220,.F.);
#5498=ADVANCED_FACE('',(#4993),#5217,.F.);
#5499=ADVANCED_FACE('',(#4994),#221,.F.);
#5500=ADVANCED_FACE('',(#4995),#5218,.F.);
#5501=ADVANCED_FACE('',(#4996),#222,.F.);
#5502=ADVANCED_FACE('',(#4997),#5219,.T.);
#5503=ADVANCED_FACE('',(#4998),#223,.F.);
#5504=ADVANCED_FACE('',(#4999),#224,.F.);
#5505=ADVANCED_FACE('',(#5000),#5220,.F.);
#5506=ADVANCED_FACE('',(#5001),#5221,.F.);
#5507=ADVANCED_FACE('',(#5002),#5222,.F.);
#5508=ADVANCED_FACE('',(#5003),#5223,.F.);
#5509=ADVANCED_FACE('',(#5004),#5224,.F.);
#5510=ADVANCED_FACE('',(#5005),#225,.F.);
#5511=ADVANCED_FACE('',(#5006),#5225,.F.);
#5512=ADVANCED_FACE('',(#5007),#226,.F.);
#5513=ADVANCED_FACE('',(#5008),#227,.F.);
#5514=ADVANCED_FACE('',(#5009),#5226,.F.);
#5515=ADVANCED_FACE('',(#5010),#5227,.F.);
#5516=ADVANCED_FACE('',(#5011),#228,.F.);
#5517=ADVANCED_FACE('',(#5012),#5228,.T.);
#5518=ADVANCED_FACE('',(#5013),#229,.F.);
#5519=ADVANCED_FACE('',(#5014),#5229,.F.);
#5520=ADVANCED_FACE('',(#5015),#230,.F.);
#5521=ADVANCED_FACE('',(#5016),#5230,.F.);
#5522=ADVANCED_FACE('',(#5017),#231,.F.);
#5523=ADVANCED_FACE('',(#5018),#5231,.F.);
#5524=ADVANCED_FACE('',(#5019),#5232,.F.);
#5525=ADVANCED_FACE('',(#5020),#5233,.F.);
#5526=ADVANCED_FACE('',(#5021),#232,.F.);
#5527=ADVANCED_FACE('',(#5022),#5234,.F.);
#5528=ADVANCED_FACE('',(#5023),#5235,.F.);
#5529=ADVANCED_FACE('',(#5024),#5236,.F.);
#5530=ADVANCED_FACE('',(#5025),#233,.F.);
#5531=ADVANCED_FACE('',(#5026),#234,.F.);
#5532=ADVANCED_FACE('',(#5027),#5237,.F.);
#5533=ADVANCED_FACE('',(#5028),#235,.F.);
#5534=ADVANCED_FACE('',(#5029),#5238,.F.);
#5535=ADVANCED_FACE('',(#5030),#236,.F.);
#5536=ADVANCED_FACE('',(#5031),#237,.F.);
#5537=ADVANCED_FACE('',(#5032),#5239,.F.);
#5538=ADVANCED_FACE('',(#5033),#5240,.F.);
#5539=ADVANCED_FACE('',(#5034),#238,.F.);
#5540=ADVANCED_FACE('',(#5035,#5036),#5241,.F.);
#5541=ADVANCED_FACE('',(#5037),#5242,.F.);
#5542=ADVANCED_FACE('',(#5038),#239,.F.);
#5543=ADVANCED_FACE('',(#5039),#5243,.F.);
#5544=ADVANCED_FACE('',(#5040),#5244,.F.);
#5545=ADVANCED_FACE('',(#5041),#240,.F.);
#5546=ADVANCED_FACE('',(#5042),#5245,.F.);
#5547=ADVANCED_FACE('',(#5043),#241,.F.);
#5548=ADVANCED_FACE('',(#5044),#242,.F.);
#5549=ADVANCED_FACE('',(#5045),#5246,.F.);
#5550=ADVANCED_FACE('',(#5046),#243,.F.);
#5551=ADVANCED_FACE('',(#5047),#5247,.F.);
#5552=ADVANCED_FACE('',(#5048),#244,.F.);
#5553=ADVANCED_FACE('',(#5049),#245,.F.);
#5554=ADVANCED_FACE('',(#5050),#5248,.F.);
#5555=ADVANCED_FACE('',(#5051),#5249,.F.);
#5556=ADVANCED_FACE('',(#5052),#246,.F.);
#5557=ADVANCED_FACE('',(#5053),#5250,.F.);
#5558=ADVANCED_FACE('',(#5054),#247,.F.);
#5559=ADVANCED_FACE('',(#5055),#5251,.F.);
#5560=ADVANCED_FACE('',(#5056),#5252,.F.);
#5561=ADVANCED_FACE('',(#5057),#248,.F.);
#5562=ADVANCED_FACE('',(#5058),#5253,.F.);
#5563=ADVANCED_FACE('',(#5059),#249,.F.);
#5564=ADVANCED_FACE('',(#5060),#5254,.T.);
#5565=ADVANCED_FACE('',(#5061),#5255,.F.);
#5566=ADVANCED_FACE('',(#5062),#5256,.T.);
#5567=ADVANCED_FACE('',(#5063),#5257,.T.);
#5568=ADVANCED_FACE('',(#5064),#5258,.T.);
#5569=ADVANCED_FACE('',(#5065),#5259,.T.);
#5570=ADVANCED_FACE('',(#5066),#5260,.T.);
#5571=ADVANCED_FACE('',(#5067),#5261,.T.);
#5572=ADVANCED_FACE('',(#5068),#5262,.T.);
#5573=ADVANCED_FACE('',(#5069),#5263,.T.);
#5574=ADVANCED_FACE('',(#5070),#5264,.F.);
#5575=ADVANCED_FACE('',(#5071),#5265,.F.);
#5576=ADVANCED_FACE('',(#5072),#5266,.F.);
#5577=ADVANCED_FACE('',(#5073),#5267,.F.);
#5578=ADVANCED_FACE('',(#5074,#5075),#5268,.T.);
#5579=ADVANCED_FACE('',(#5076),#5269,.T.);
#5580=ADVANCED_FACE('',(#5077),#5270,.T.);
#5581=ADVANCED_FACE('',(#5078),#5271,.T.);
#5582=ADVANCED_FACE('',(#5079,#5080),#5272,.T.);
#5583=ADVANCED_FACE('',(#5081),#5273,.T.);
#5584=ADVANCED_FACE('',(#5082),#5274,.T.);
#5585=ADVANCED_FACE('',(#5083),#5275,.T.);
#5586=ADVANCED_FACE('',(#5084),#250,.F.);
#5587=ADVANCED_FACE('',(#5085),#251,.F.);
#5588=ADVANCED_FACE('',(#5086,#5087),#5276,.T.);
#5589=ADVANCED_FACE('',(#5088),#252,.F.);
#5590=ADVANCED_FACE('',(#5089),#253,.F.);
#5591=ADVANCED_FACE('',(#5090),#254,.F.);
#5592=ADVANCED_FACE('',(#5091),#255,.F.);
#5593=ADVANCED_FACE('',(#5092),#256,.F.);
#5594=ADVANCED_FACE('',(#5093),#257,.F.);
#5595=CLOSED_SHELL('',(#5277,#5278,#5279,#5280,#5281,#5282,#5283,#5284,
#5285,#5286,#5287,#5288,#5289,#5290,#5291,#5292,#5293,#5294,#5295,#5296,
#5297,#5298,#5299,#5300,#5301,#5302));
#5596=CLOSED_SHELL('',(#5303,#5304,#5305,#5306,#5307,#5308,#5309,#5310,
#5311));
#5597=CLOSED_SHELL('',(#5312));
#5598=CLOSED_SHELL('',(#5313,#5314,#5315,#5316,#5317,#5318,#5319,#5320,
#5321));
#5599=CLOSED_SHELL('',(#5322));
#5600=CLOSED_SHELL('',(#5323,#5324,#5325,#5326,#5327,#5328,#5329,#5330,
#5331,#5332,#5333,#5334,#5335,#5336,#5337,#5338,#5339,#5340,#5341,#5342,
#5343,#5344,#5345,#5346,#5347,#5348,#5349,#5350,#5351,#5352,#5353,#5354));
#5601=CLOSED_SHELL('',(#5355,#5356,#5357,#5358,#5359,#5360,#5361,#5362,
#5363,#5364,#5365,#5366,#5367,#5368,#5369,#5370,#5371,#5372,#5373,#5374,
#5375,#5376,#5377,#5378,#5379,#5380,#5381,#5382,#5383,#5384,#5385,#5386,
#5387,#5388,#5389,#5390,#5391,#5392,#5393,#5394,#5395,#5396,#5397,#5398,
#5399,#5400,#5401,#5402,#5403,#5404,#5405,#5406,#5407,#5408,#5409,#5410,
#5411,#5412,#5413,#5414,#5415,#5416,#5417,#5418,#5419,#5420,#5421,#5422,
#5423,#5424,#5425,#5426,#5427,#5428,#5429,#5430,#5431,#5432,#5433,#5434,
#5435,#5436,#5437,#5438));
#5602=CLOSED_SHELL('',(#5439,#5440,#5441,#5442,#5443,#5444,#5445,#5446,
#5447,#5448,#5449,#5450,#5451,#5452,#5453,#5454,#5455,#5456,#5457,#5458,
#5459,#5460,#5461,#5462,#5463,#5464,#5465,#5466,#5467,#5468,#5469,#5470,
#5471,#5472,#5473,#5474,#5475,#5476,#5477,#5478,#5479,#5480,#5481,#5482,
#5483,#5484,#5485,#5486,#5487,#5488,#5489,#5490,#5491,#5492,#5493,#5494,
#5495,#5496,#5497,#5498,#5499,#5500,#5501,#5502,#5503,#5504,#5505,#5506,
#5507,#5508,#5509,#5510,#5511,#5512,#5513,#5514,#5515,#5516,#5517,#5518,
#5519,#5520,#5521,#5522,#5523,#5524,#5525,#5526,#5527,#5528,#5529,#5530,
#5531,#5532,#5533,#5534,#5535,#5536,#5537,#5538,#5539,#5540,#5541,#5542,
#5543,#5544,#5545,#5546,#5547,#5548,#5549,#5550,#5551,#5552,#5553,#5554,
#5555,#5556,#5557,#5558,#5559,#5560,#5561,#5562,#5563,#5564,#5565,#5566,
#5567,#5568,#5569,#5570,#5571,#5572,#5573,#5574,#5575,#5576,#5577,#5578,
#5579,#5580,#5581,#5582,#5583,#5584,#5585,#5586,#5587,#5588,#5589,#5590,
#5591,#5592,#5593,#5594));
#5603=STYLED_ITEM('',(#5608),#5640);
#5604=STYLED_ITEM('',(#5609),#44);
#5605=STYLED_ITEM('',(#5610),#45);
#5606=STYLED_ITEM('',(#5611),#5641);
#5607=STYLED_ITEM('',(#5612),#46);
#5608=PRESENTATION_STYLE_ASSIGNMENT((#5613));
#5609=PRESENTATION_STYLE_ASSIGNMENT((#5614));
#5610=PRESENTATION_STYLE_ASSIGNMENT((#5615));
#5611=PRESENTATION_STYLE_ASSIGNMENT((#5616));
#5612=PRESENTATION_STYLE_ASSIGNMENT((#5617));
#5613=SURFACE_STYLE_USAGE(.BOTH.,#5618);
#5614=SURFACE_STYLE_USAGE(.BOTH.,#5619);
#5615=SURFACE_STYLE_USAGE(.BOTH.,#5620);
#5616=SURFACE_STYLE_USAGE(.BOTH.,#5621);
#5617=SURFACE_STYLE_USAGE(.BOTH.,#5622);
#5618=SURFACE_SIDE_STYLE('',(#5623));
#5619=SURFACE_SIDE_STYLE('',(#5624));
#5620=SURFACE_SIDE_STYLE('',(#5625));
#5621=SURFACE_SIDE_STYLE('',(#5626));
#5622=SURFACE_SIDE_STYLE('',(#5627));
#5623=SURFACE_STYLE_FILL_AREA(#5628);
#5624=SURFACE_STYLE_FILL_AREA(#5629);
#5625=SURFACE_STYLE_FILL_AREA(#5630);
#5626=SURFACE_STYLE_FILL_AREA(#5631);
#5627=SURFACE_STYLE_FILL_AREA(#5632);
#5628=FILL_AREA_STYLE('',(#5633));
#5629=FILL_AREA_STYLE('',(#5634));
#5630=FILL_AREA_STYLE('',(#5635));
#5631=FILL_AREA_STYLE('',(#5636));
#5632=FILL_AREA_STYLE('',(#5637));
#5633=FILL_AREA_STYLE_COLOUR('',#5638);
#5634=FILL_AREA_STYLE_COLOUR('',#5638);
#5635=FILL_AREA_STYLE_COLOUR('',#5638);
#5636=FILL_AREA_STYLE_COLOUR('',#5638);
#5637=FILL_AREA_STYLE_COLOUR('',#5639);
#5638=COLOUR_RGB('',0.603921568627451,0.647058823529412,0.686274509803922);
#5639=COLOUR_RGB('',0.972549019607843,0.529411764705882,0.00392156862745098);
#5640=MANIFOLD_SOLID_BREP('Hex flange bolt small M6x1.00 x 12',#5595);
#5641=MANIFOLD_SOLID_BREP('PH Countersunk flat head screw M6x1 x 12',#5600);
#5642=SHAPE_DEFINITION_REPRESENTATION(#9668,#5648);
#5643=SHAPE_DEFINITION_REPRESENTATION(#9669,#5649);
#5644=SHAPE_DEFINITION_REPRESENTATION(#9675,#5650);
#5645=SHAPE_DEFINITION_REPRESENTATION(#9680,#5651);
#5646=SHAPE_DEFINITION_REPRESENTATION(#9688,#5652);
#5647=SHAPE_DEFINITION_REPRESENTATION(#9690,#5653);
#5648=SHAPE_REPRESENTATION('Assembly 1',(#5654,#5687,#5688,#5689,#5690,
#5691,#5709,#5710,#5711,#5712,#5730,#5731,#5732,#5733,#5734,#5735,#5736,
#5779,#6186,#6187,#6188,#6189,#6190,#6191,#6192,#6193,#6194,#6195,#6196,
#6197),#9653);
#5649=SHAPE_REPRESENTATION('Hex flange bolt small M6x1.00 x 12',(#5654),
#9654);
#5650=SHAPE_REPRESENTATION('Countersunk Bolt #10-24 x 0.25',(#5654),#9655);
#5651=SHAPE_REPRESENTATION('Countersunk Bolt #10-24 x 0.5',(#5654),#9656);
#5652=SHAPE_REPRESENTATION('PH Countersunk flat head screw M6x1 x 12',(#5654),
#9657);
#5653=SHAPE_REPRESENTATION('envfinal',(#5654),#9658);
#5654=AXIS2_PLACEMENT_3D('',#7770,#6198,#6199);
#5655=AXIS2_PLACEMENT_3D('',#7771,#6200,#6201);
#5656=AXIS2_PLACEMENT_3D('',#7792,#6204,#6205);
#5657=AXIS2_PLACEMENT_3D('',#7810,#6207,#6208);
#5658=AXIS2_PLACEMENT_3D('',#7828,#6210,#6211);
#5659=AXIS2_PLACEMENT_3D('',#7846,#6213,#6214);
#5660=AXIS2_PLACEMENT_3D('',#7864,#6216,#6217);
#5661=AXIS2_PLACEMENT_3D('',#7879,#6218,#6219);
#5662=AXIS2_PLACEMENT_3D('',#7880,#6220,#6221);
#5663=AXIS2_PLACEMENT_3D('',#7881,#6222,#6223);
#5664=AXIS2_PLACEMENT_3D('',#7882,#6224,#6225);
#5665=AXIS2_PLACEMENT_3D('',#7883,#6226,#6227);
#5666=AXIS2_PLACEMENT_3D('',#7884,#6228,#6229);
#5667=AXIS2_PLACEMENT_3D('',#7885,#6230,#6231);
#5668=AXIS2_PLACEMENT_3D('',#7886,#6232,#6233);
#5669=AXIS2_PLACEMENT_3D('',#7887,#6234,#6235);
#5670=AXIS2_PLACEMENT_3D('',#7888,#6236,#6237);
#5671=AXIS2_PLACEMENT_3D('',#7889,#6238,#6239);
#5672=AXIS2_PLACEMENT_3D('',#7890,#6240,#6241);
#5673=AXIS2_PLACEMENT_3D('',#7891,#6242,#6243);
#5674=AXIS2_PLACEMENT_3D('',#7892,#6244,#6245);
#5675=AXIS2_PLACEMENT_3D('',#7893,#6246,#6247);
#5676=AXIS2_PLACEMENT_3D('',#7895,#6248,#6249);
#5677=AXIS2_PLACEMENT_3D('',#7897,#6250,#6251);
#5678=AXIS2_PLACEMENT_3D('',#7934,#6252,#6253);
#5679=AXIS2_PLACEMENT_3D('',#7935,#6254,#6255);
#5680=AXIS2_PLACEMENT_3D('',#8051,#6256,#6257);
#5681=AXIS2_PLACEMENT_3D('',#8052,#6258,#6259);
#5682=AXIS2_PLACEMENT_3D('',#8054,#6260,#6261);
#5683=AXIS2_PLACEMENT_3D('',#8056,#6262,#6263);
#5684=AXIS2_PLACEMENT_3D('',#8057,#6264,#6265);
#5685=AXIS2_PLACEMENT_3D('',#8059,#6266,#6267);
#5686=AXIS2_PLACEMENT_3D('',#8060,#6268,#6269);
#5687=AXIS2_PLACEMENT_3D('',#8061,#6270,#6271);
#5688=AXIS2_PLACEMENT_3D('',#8062,#6272,#6273);
#5689=AXIS2_PLACEMENT_3D('',#8063,#6274,#6275);
#5690=AXIS2_PLACEMENT_3D('',#8064,#6276,#6277);
#5691=AXIS2_PLACEMENT_3D('',#8065,#6278,#6279);
#5692=AXIS2_PLACEMENT_3D('',#8066,#6280,#6281);
#5693=AXIS2_PLACEMENT_3D('',#8070,#6283,#6284);
#5694=AXIS2_PLACEMENT_3D('',#8071,#6285,#6286);
#5695=AXIS2_PLACEMENT_3D('',#8078,#6287,#6288);
#5696=AXIS2_PLACEMENT_3D('',#8089,#6289,#6290);
#5697=AXIS2_PLACEMENT_3D('',#8096,#6291,#6292);
#5698=AXIS2_PLACEMENT_3D('',#8097,#6293,#6294);
#5699=AXIS2_PLACEMENT_3D('',#8099,#6295,#6296);
#5700=AXIS2_PLACEMENT_3D('',#8100,#6297,#6298);
#5701=AXIS2_PLACEMENT_3D('',#8102,#6299,#6300);
#5702=AXIS2_PLACEMENT_3D('',#8103,#6301,#6302);
#5703=AXIS2_PLACEMENT_3D('',#8105,#6303,#6304);
#5704=AXIS2_PLACEMENT_3D('',#8107,#6306,#6307);
#5705=AXIS2_PLACEMENT_3D('',#8109,#6309,#6310);
#5706=AXIS2_PLACEMENT_3D('',#8111,#6312,#6313);
#5707=AXIS2_PLACEMENT_3D('',#8112,#6314,#6315);
#5708=AXIS2_PLACEMENT_3D('',#8113,#6316,#6317);
#5709=AXIS2_PLACEMENT_3D('',#8116,#6318,#6319);
#5710=AXIS2_PLACEMENT_3D('',#8117,#6320,#6321);
#5711=AXIS2_PLACEMENT_3D('',#8118,#6322,#6323);
#5712=AXIS2_PLACEMENT_3D('',#8119,#6324,#6325);
#5713=AXIS2_PLACEMENT_3D('',#8120,#6326,#6327);
#5714=AXIS2_PLACEMENT_3D('',#8124,#6329,#6330);
#5715=AXIS2_PLACEMENT_3D('',#8125,#6331,#6332);
#5716=AXIS2_PLACEMENT_3D('',#8132,#6333,#6334);
#5717=AXIS2_PLACEMENT_3D('',#8143,#6335,#6336);
#5718=AXIS2_PLACEMENT_3D('',#8150,#6337,#6338);
#5719=AXIS2_PLACEMENT_3D('',#8151,#6339,#6340);
#5720=AXIS2_PLACEMENT_3D('',#8153,#6341,#6342);
#5721=AXIS2_PLACEMENT_3D('',#8154,#6343,#6344);
#5722=AXIS2_PLACEMENT_3D('',#8156,#6345,#6346);
#5723=AXIS2_PLACEMENT_3D('',#8157,#6347,#6348);
#5724=AXIS2_PLACEMENT_3D('',#8159,#6349,#6350);
#5725=AXIS2_PLACEMENT_3D('',#8161,#6352,#6353);
#5726=AXIS2_PLACEMENT_3D('',#8163,#6355,#6356);
#5727=AXIS2_PLACEMENT_3D('',#8165,#6358,#6359);
#5728=AXIS2_PLACEMENT_3D('',#8166,#6360,#6361);
#5729=AXIS2_PLACEMENT_3D('',#8167,#6362,#6363);
#5730=AXIS2_PLACEMENT_3D('',#8170,#6364,#6365);
#5731=AXIS2_PLACEMENT_3D('',#8171,#6366,#6367);
#5732=AXIS2_PLACEMENT_3D('',#8172,#6368,#6369);
#5733=AXIS2_PLACEMENT_3D('',#8173,#6370,#6371);
#5734=AXIS2_PLACEMENT_3D('',#8174,#6372,#6373);
#5735=AXIS2_PLACEMENT_3D('',#8175,#6374,#6375);
#5736=AXIS2_PLACEMENT_3D('',#8176,#6376,#6377);
#5737=AXIS2_PLACEMENT_3D('',#8177,#6378,#6379);
#5738=AXIS2_PLACEMENT_3D('',#8178,#6380,#6381);
#5739=AXIS2_PLACEMENT_3D('',#8190,#6387,#6388);
#5740=AXIS2_PLACEMENT_3D('',#8191,#6389,#6390);
#5741=AXIS2_PLACEMENT_3D('',#8203,#6396,#6397);
#5742=AXIS2_PLACEMENT_3D('',#8204,#6398,#6399);
#5743=AXIS2_PLACEMENT_3D('',#8216,#6405,#6406);
#5744=AXIS2_PLACEMENT_3D('',#8217,#6407,#6408);
#5745=AXIS2_PLACEMENT_3D('',#8219,#6409,#6410);
#5746=AXIS2_PLACEMENT_3D('',#8221,#6411,#6412);
#5747=AXIS2_PLACEMENT_3D('',#8222,#6413,#6414);
#5748=AXIS2_PLACEMENT_3D('',#8224,#6415,#6416);
#5749=AXIS2_PLACEMENT_3D('',#8265,#6437,#6438);
#5750=AXIS2_PLACEMENT_3D('',#8267,#6439,#6440);
#5751=AXIS2_PLACEMENT_3D('',#8268,#6441,#6442);
#5752=AXIS2_PLACEMENT_3D('',#8270,#6443,#6444);
#5753=AXIS2_PLACEMENT_3D('',#8271,#6445,#6446);
#5754=AXIS2_PLACEMENT_3D('',#8273,#6447,#6448);
#5755=AXIS2_PLACEMENT_3D('',#8274,#6449,#6450);
#5756=AXIS2_PLACEMENT_3D('',#8282,#6453,#6454);
#5757=AXIS2_PLACEMENT_3D('',#8284,#6456,#6457);
#5758=AXIS2_PLACEMENT_3D('',#8286,#6459,#6460);
#5759=AXIS2_PLACEMENT_3D('',#8288,#6462,#6463);
#5760=AXIS2_PLACEMENT_3D('',#8295,#6465,#6466);
#5761=AXIS2_PLACEMENT_3D('',#8304,#6469,#6470);
#5762=AXIS2_PLACEMENT_3D('',#8308,#6473,#6474);
#5763=AXIS2_PLACEMENT_3D('',#8312,#6477,#6478);
#5764=AXIS2_PLACEMENT_3D('',#8316,#6481,#6482);
#5765=AXIS2_PLACEMENT_3D('',#8325,#6485,#6486);
#5766=AXIS2_PLACEMENT_3D('',#8331,#6488,#6489);
#5767=AXIS2_PLACEMENT_3D('',#8333,#6491,#6492);
#5768=AXIS2_PLACEMENT_3D('',#8335,#6494,#6495);
#5769=AXIS2_PLACEMENT_3D('',#8337,#6497,#6498);
#5770=AXIS2_PLACEMENT_3D('',#8344,#6500,#6501);
#5771=AXIS2_PLACEMENT_3D('',#8350,#6503,#6504);
#5772=AXIS2_PLACEMENT_3D('',#8352,#6506,#6507);
#5773=AXIS2_PLACEMENT_3D('',#8354,#6509,#6510);
#5774=AXIS2_PLACEMENT_3D('',#8356,#6512,#6513);
#5775=AXIS2_PLACEMENT_3D('',#8361,#6514,#6515);
#5776=AXIS2_PLACEMENT_3D('',#8362,#6516,#6517);
#5777=AXIS2_PLACEMENT_3D('',#8363,#6518,#6519);
#5778=AXIS2_PLACEMENT_3D('',#8365,#6520,#6521);
#5779=AXIS2_PLACEMENT_3D('',#8366,#6522,#6523);
#5780=AXIS2_PLACEMENT_3D('',#8367,#6524,#6525);
#5781=AXIS2_PLACEMENT_3D('',#8384,#6534,#6535);
#5782=AXIS2_PLACEMENT_3D('',#8398,#6543,#6544);
#5783=AXIS2_PLACEMENT_3D('',#8410,#6551,#6552);
#5784=AXIS2_PLACEMENT_3D('',#8422,#6559,#6560);
#5785=AXIS2_PLACEMENT_3D('',#8432,#6566,#6567);
#5786=AXIS2_PLACEMENT_3D('',#8441,#6572,#6573);
#5787=AXIS2_PLACEMENT_3D('',#8447,#6577,#6578);
#5788=AXIS2_PLACEMENT_3D('',#8451,#6581,#6582);
#5789=AXIS2_PLACEMENT_3D('',#8455,#6585,#6586);
#5790=AXIS2_PLACEMENT_3D('',#8457,#6588,#6589);
#5791=AXIS2_PLACEMENT_3D('',#8463,#6593,#6594);
#5792=AXIS2_PLACEMENT_3D('',#8467,#6597,#6598);
#5793=AXIS2_PLACEMENT_3D('',#8471,#6601,#6602);
#5794=AXIS2_PLACEMENT_3D('',#8473,#6604,#6605);
#5795=AXIS2_PLACEMENT_3D('',#8479,#6609,#6610);
#5796=AXIS2_PLACEMENT_3D('',#8483,#6613,#6614);
#5797=AXIS2_PLACEMENT_3D('',#8487,#6617,#6618);
#5798=AXIS2_PLACEMENT_3D('',#8489,#6620,#6621);
#5799=AXIS2_PLACEMENT_3D('',#8495,#6625,#6626);
#5800=AXIS2_PLACEMENT_3D('',#8499,#6629,#6630);
#5801=AXIS2_PLACEMENT_3D('',#8503,#6633,#6634);
#5802=AXIS2_PLACEMENT_3D('',#8505,#6636,#6637);
#5803=AXIS2_PLACEMENT_3D('',#8511,#6641,#6642);
#5804=AXIS2_PLACEMENT_3D('',#8515,#6645,#6646);
#5805=AXIS2_PLACEMENT_3D('',#8519,#6649,#6650);
#5806=AXIS2_PLACEMENT_3D('',#8521,#6652,#6653);
#5807=AXIS2_PLACEMENT_3D('',#8522,#6654,#6655);
#5808=AXIS2_PLACEMENT_3D('',#8524,#6656,#6657);
#5809=AXIS2_PLACEMENT_3D('',#8526,#6658,#6659);
#5810=AXIS2_PLACEMENT_3D('',#8528,#6660,#6661);
#5811=AXIS2_PLACEMENT_3D('',#8530,#6662,#6663);
#5812=AXIS2_PLACEMENT_3D('',#8531,#6664,#6665);
#5813=AXIS2_PLACEMENT_3D('',#8533,#6666,#6667);
#5814=AXIS2_PLACEMENT_3D('',#8535,#6668,#6669);
#5815=AXIS2_PLACEMENT_3D('',#8537,#6670,#6671);
#5816=AXIS2_PLACEMENT_3D('',#8539,#6672,#6673);
#5817=AXIS2_PLACEMENT_3D('',#8540,#6674,#6675);
#5818=AXIS2_PLACEMENT_3D('',#8542,#6676,#6677);
#5819=AXIS2_PLACEMENT_3D('',#8544,#6678,#6679);
#5820=AXIS2_PLACEMENT_3D('',#8546,#6680,#6681);
#5821=AXIS2_PLACEMENT_3D('',#8548,#6682,#6683);
#5822=AXIS2_PLACEMENT_3D('',#8549,#6684,#6685);
#5823=AXIS2_PLACEMENT_3D('',#8551,#6686,#6687);
#5824=AXIS2_PLACEMENT_3D('',#8553,#6688,#6689);
#5825=AXIS2_PLACEMENT_3D('',#8555,#6690,#6691);
#5826=AXIS2_PLACEMENT_3D('',#8557,#6692,#6693);
#5827=AXIS2_PLACEMENT_3D('',#8558,#6694,#6695);
#5828=AXIS2_PLACEMENT_3D('',#8560,#6696,#6697);
#5829=AXIS2_PLACEMENT_3D('',#8562,#6698,#6699);
#5830=AXIS2_PLACEMENT_3D('',#8564,#6700,#6701);
#5831=AXIS2_PLACEMENT_3D('',#8566,#6702,#6703);
#5832=AXIS2_PLACEMENT_3D('',#8567,#6704,#6705);
#5833=AXIS2_PLACEMENT_3D('',#8569,#6706,#6707);
#5834=AXIS2_PLACEMENT_3D('',#8571,#6708,#6709);
#5835=AXIS2_PLACEMENT_3D('',#8573,#6710,#6711);
#5836=AXIS2_PLACEMENT_3D('',#8583,#6716,#6717);
#5837=AXIS2_PLACEMENT_3D('',#8586,#6720,#6721);
#5838=AXIS2_PLACEMENT_3D('',#8588,#6723,#6724);
#5839=AXIS2_PLACEMENT_3D('',#8590,#6726,#6727);
#5840=AXIS2_PLACEMENT_3D('',#8591,#6728,#6729);
#5841=AXIS2_PLACEMENT_3D('',#8593,#6730,#6731);
#5842=AXIS2_PLACEMENT_3D('',#8595,#6732,#6733);
#5843=AXIS2_PLACEMENT_3D('',#8596,#6734,#6735);
#5844=AXIS2_PLACEMENT_3D('',#8598,#6736,#6737);
#5845=AXIS2_PLACEMENT_3D('',#8600,#6738,#6739);
#5846=AXIS2_PLACEMENT_3D('',#8601,#6740,#6741);
#5847=AXIS2_PLACEMENT_3D('',#8603,#6742,#6743);
#5848=AXIS2_PLACEMENT_3D('',#8605,#6744,#6745);
#5849=AXIS2_PLACEMENT_3D('',#8606,#6746,#6747);
#5850=AXIS2_PLACEMENT_3D('',#8608,#6748,#6749);
#5851=AXIS2_PLACEMENT_3D('',#8610,#6750,#6751);
#5852=AXIS2_PLACEMENT_3D('',#8611,#6752,#6753);
#5853=AXIS2_PLACEMENT_3D('',#8613,#6754,#6755);
#5854=AXIS2_PLACEMENT_3D('',#8615,#6756,#6757);
#5855=AXIS2_PLACEMENT_3D('',#8616,#6758,#6759);
#5856=AXIS2_PLACEMENT_3D('',#8618,#6760,#6761);
#5857=AXIS2_PLACEMENT_3D('',#8620,#6762,#6763);
#5858=AXIS2_PLACEMENT_3D('',#8621,#6764,#6765);
#5859=AXIS2_PLACEMENT_3D('',#8623,#6766,#6767);
#5860=AXIS2_PLACEMENT_3D('',#8625,#6768,#6769);
#5861=AXIS2_PLACEMENT_3D('',#8626,#6770,#6771);
#5862=AXIS2_PLACEMENT_3D('',#8628,#6772,#6773);
#5863=AXIS2_PLACEMENT_3D('',#8630,#6774,#6775);
#5864=AXIS2_PLACEMENT_3D('',#8631,#6776,#6777);
#5865=AXIS2_PLACEMENT_3D('',#8633,#6778,#6779);
#5866=AXIS2_PLACEMENT_3D('',#8635,#6780,#6781);
#5867=AXIS2_PLACEMENT_3D('',#8636,#6782,#6783);
#5868=AXIS2_PLACEMENT_3D('',#8638,#6784,#6785);
#5869=AXIS2_PLACEMENT_3D('',#8640,#6786,#6787);
#5870=AXIS2_PLACEMENT_3D('',#8641,#6788,#6789);
#5871=AXIS2_PLACEMENT_3D('',#8643,#6790,#6791);
#5872=AXIS2_PLACEMENT_3D('',#8645,#6792,#6793);
#5873=AXIS2_PLACEMENT_3D('',#8646,#6794,#6795);
#5874=AXIS2_PLACEMENT_3D('',#8648,#6796,#6797);
#5875=AXIS2_PLACEMENT_3D('',#8650,#6798,#6799);
#5876=AXIS2_PLACEMENT_3D('',#8651,#6800,#6801);
#5877=AXIS2_PLACEMENT_3D('',#8653,#6802,#6803);
#5878=AXIS2_PLACEMENT_3D('',#8655,#6804,#6805);
#5879=AXIS2_PLACEMENT_3D('',#8656,#6806,#6807);
#5880=AXIS2_PLACEMENT_3D('',#8658,#6808,#6809);
#5881=AXIS2_PLACEMENT_3D('',#8660,#6810,#6811);
#5882=AXIS2_PLACEMENT_3D('',#8661,#6812,#6813);
#5883=AXIS2_PLACEMENT_3D('',#8663,#6814,#6815);
#5884=AXIS2_PLACEMENT_3D('',#8665,#6816,#6817);
#5885=AXIS2_PLACEMENT_3D('',#8666,#6818,#6819);
#5886=AXIS2_PLACEMENT_3D('',#8668,#6820,#6821);
#5887=AXIS2_PLACEMENT_3D('',#8670,#6822,#6823);
#5888=AXIS2_PLACEMENT_3D('',#8671,#6824,#6825);
#5889=AXIS2_PLACEMENT_3D('',#8673,#6826,#6827);
#5890=AXIS2_PLACEMENT_3D('',#8675,#6828,#6829);
#5891=AXIS2_PLACEMENT_3D('',#8676,#6830,#6831);
#5892=AXIS2_PLACEMENT_3D('',#8678,#6832,#6833);
#5893=AXIS2_PLACEMENT_3D('',#8680,#6834,#6835);
#5894=AXIS2_PLACEMENT_3D('',#8681,#6836,#6837);
#5895=AXIS2_PLACEMENT_3D('',#8683,#6838,#6839);
#5896=AXIS2_PLACEMENT_3D('',#8685,#6840,#6841);
#5897=AXIS2_PLACEMENT_3D('',#8686,#6842,#6843);
#5898=AXIS2_PLACEMENT_3D('',#8688,#6844,#6845);
#5899=AXIS2_PLACEMENT_3D('',#8690,#6846,#6847);
#5900=AXIS2_PLACEMENT_3D('',#8691,#6848,#6849);
#5901=AXIS2_PLACEMENT_3D('',#8693,#6850,#6851);
#5902=AXIS2_PLACEMENT_3D('',#8695,#6852,#6853);
#5903=AXIS2_PLACEMENT_3D('',#8696,#6854,#6855);
#5904=AXIS2_PLACEMENT_3D('',#8698,#6856,#6857);
#5905=AXIS2_PLACEMENT_3D('',#8700,#6858,#6859);
#5906=AXIS2_PLACEMENT_3D('',#8701,#6860,#6861);
#5907=AXIS2_PLACEMENT_3D('',#8703,#6862,#6863);
#5908=AXIS2_PLACEMENT_3D('',#8705,#6864,#6865);
#5909=AXIS2_PLACEMENT_3D('',#8706,#6866,#6867);
#5910=AXIS2_PLACEMENT_3D('',#8708,#6868,#6869);
#5911=AXIS2_PLACEMENT_3D('',#8710,#6870,#6871);
#5912=AXIS2_PLACEMENT_3D('',#8711,#6872,#6873);
#5913=AXIS2_PLACEMENT_3D('',#8715,#6875,#6876);
#5914=AXIS2_PLACEMENT_3D('',#8719,#6878,#6879);
#5915=AXIS2_PLACEMENT_3D('',#8724,#6882,#6883);
#5916=AXIS2_PLACEMENT_3D('',#8728,#6885,#6886);
#5917=AXIS2_PLACEMENT_3D('',#8732,#6888,#6889);
#5918=AXIS2_PLACEMENT_3D('',#8736,#6891,#6892);
#5919=AXIS2_PLACEMENT_3D('',#8740,#6894,#6895);
#5920=AXIS2_PLACEMENT_3D('',#8741,#6896,#6897);
#5921=AXIS2_PLACEMENT_3D('',#8745,#6899,#6900);
#5922=AXIS2_PLACEMENT_3D('',#8753,#6904,#6905);
#5923=AXIS2_PLACEMENT_3D('',#8754,#6906,#6907);
#5924=AXIS2_PLACEMENT_3D('',#8755,#6908,#6909);
#5925=AXIS2_PLACEMENT_3D('',#8760,#6911,#6912);
#5926=AXIS2_PLACEMENT_3D('',#8767,#6916,#6917);
#5927=AXIS2_PLACEMENT_3D('',#8768,#6918,#6919);
#5928=AXIS2_PLACEMENT_3D('',#8773,#6921,#6922);
#5929=AXIS2_PLACEMENT_3D('',#8777,#6924,#6925);
#5930=AXIS2_PLACEMENT_3D('',#8781,#6927,#6928);
#5931=AXIS2_PLACEMENT_3D('',#8784,#6930,#6931);
#5932=AXIS2_PLACEMENT_3D('',#8790,#6934,#6935);
#5933=AXIS2_PLACEMENT_3D('',#8794,#6937,#6938);
#5934=AXIS2_PLACEMENT_3D('',#8797,#6940,#6941);
#5935=AXIS2_PLACEMENT_3D('',#8801,#6943,#6944);
#5936=AXIS2_PLACEMENT_3D('',#8809,#6948,#6949);
#5937=AXIS2_PLACEMENT_3D('',#8810,#6950,#6951);
#5938=AXIS2_PLACEMENT_3D('',#8814,#6953,#6954);
#5939=AXIS2_PLACEMENT_3D('',#8818,#6956,#6957);
#5940=AXIS2_PLACEMENT_3D('',#8822,#6959,#6960);
#5941=AXIS2_PLACEMENT_3D('',#8826,#6962,#6963);
#5942=AXIS2_PLACEMENT_3D('',#8827,#6964,#6965);
#5943=AXIS2_PLACEMENT_3D('',#8835,#6969,#6970);
#5944=AXIS2_PLACEMENT_3D('',#8839,#6972,#6973);
#5945=AXIS2_PLACEMENT_3D('',#8840,#6974,#6975);
#5946=AXIS2_PLACEMENT_3D('',#8846,#6978,#6979);
#5947=AXIS2_PLACEMENT_3D('',#8850,#6981,#6982);
#5948=AXIS2_PLACEMENT_3D('',#8853,#6984,#6985);
#5949=AXIS2_PLACEMENT_3D('',#8854,#6986,#6987);
#5950=AXIS2_PLACEMENT_3D('',#8859,#6989,#6990);
#5951=AXIS2_PLACEMENT_3D('',#8863,#6992,#6993);
#5952=AXIS2_PLACEMENT_3D('',#8867,#6995,#6996);
#5953=AXIS2_PLACEMENT_3D('',#8870,#6998,#6999);
#5954=AXIS2_PLACEMENT_3D('',#8871,#7000,#7001);
#5955=AXIS2_PLACEMENT_3D('',#8880,#7005,#7006);
#5956=AXIS2_PLACEMENT_3D('',#8883,#7008,#7009);
#5957=AXIS2_PLACEMENT_3D('',#8887,#7011,#7012);
#5958=AXIS2_PLACEMENT_3D('',#8891,#7014,#7015);
#5959=AXIS2_PLACEMENT_3D('',#8895,#7017,#7018);
#5960=AXIS2_PLACEMENT_3D('',#8896,#7019,#7020);
#5961=AXIS2_PLACEMENT_3D('',#8900,#7022,#7023);
#5962=AXIS2_PLACEMENT_3D('',#8904,#7025,#7026);
#5963=AXIS2_PLACEMENT_3D('',#8908,#7028,#7029);
#5964=AXIS2_PLACEMENT_3D('',#8909,#7030,#7031);
#5965=AXIS2_PLACEMENT_3D('',#8913,#7033,#7034);
#5966=AXIS2_PLACEMENT_3D('',#8917,#7036,#7037);
#5967=AXIS2_PLACEMENT_3D('',#8921,#7039,#7040);
#5968=AXIS2_PLACEMENT_3D('',#8922,#7041,#7042);
#5969=AXIS2_PLACEMENT_3D('',#8926,#7044,#7045);
#5970=AXIS2_PLACEMENT_3D('',#8930,#7047,#7048);
#5971=AXIS2_PLACEMENT_3D('',#8934,#7050,#7051);
#5972=AXIS2_PLACEMENT_3D('',#8935,#7052,#7053);
#5973=AXIS2_PLACEMENT_3D('',#8939,#7055,#7056);
#5974=AXIS2_PLACEMENT_3D('',#8943,#7058,#7059);
#5975=AXIS2_PLACEMENT_3D('',#8947,#7061,#7062);
#5976=AXIS2_PLACEMENT_3D('',#8948,#7063,#7064);
#5977=AXIS2_PLACEMENT_3D('',#8952,#7066,#7067);
#5978=AXIS2_PLACEMENT_3D('',#8956,#7069,#7070);
#5979=AXIS2_PLACEMENT_3D('',#8960,#7072,#7073);
#5980=AXIS2_PLACEMENT_3D('',#8961,#7074,#7075);
#5981=AXIS2_PLACEMENT_3D('',#8965,#7077,#7078);
#5982=AXIS2_PLACEMENT_3D('',#8969,#7080,#7081);
#5983=AXIS2_PLACEMENT_3D('',#8973,#7083,#7084);
#5984=AXIS2_PLACEMENT_3D('',#8974,#7085,#7086);
#5985=AXIS2_PLACEMENT_3D('',#8978,#7088,#7089);
#5986=AXIS2_PLACEMENT_3D('',#8982,#7091,#7092);
#5987=AXIS2_PLACEMENT_3D('',#8986,#7094,#7095);
#5988=AXIS2_PLACEMENT_3D('',#8987,#7096,#7097);
#5989=AXIS2_PLACEMENT_3D('',#8993,#7101,#7102);
#5990=AXIS2_PLACEMENT_3D('',#8999,#7106,#7107);
#5991=AXIS2_PLACEMENT_3D('',#9000,#7108,#7109);
#5992=AXIS2_PLACEMENT_3D('',#9003,#7111,#7112);
#5993=AXIS2_PLACEMENT_3D('',#9004,#7113,#7114);
#5994=AXIS2_PLACEMENT_3D('',#9007,#7116,#7117);
#5995=AXIS2_PLACEMENT_3D('',#9013,#7121,#7122);
#5996=AXIS2_PLACEMENT_3D('',#9014,#7123,#7124);
#5997=AXIS2_PLACEMENT_3D('',#9017,#7126,#7127);
#5998=AXIS2_PLACEMENT_3D('',#9018,#7128,#7129);
#5999=AXIS2_PLACEMENT_3D('',#9023,#7132,#7133);
#6000=AXIS2_PLACEMENT_3D('',#9027,#7136,#7137);
#6001=AXIS2_PLACEMENT_3D('',#9028,#7138,#7139);
#6002=AXIS2_PLACEMENT_3D('',#9031,#7141,#7142);
#6003=AXIS2_PLACEMENT_3D('',#9032,#7143,#7144);
#6004=AXIS2_PLACEMENT_3D('',#9035,#7146,#7147);
#6005=AXIS2_PLACEMENT_3D('',#9037,#7149,#7150);
#6006=AXIS2_PLACEMENT_3D('',#9039,#7152,#7153);
#6007=AXIS2_PLACEMENT_3D('',#9045,#7157,#7158);
#6008=AXIS2_PLACEMENT_3D('',#9051,#7162,#7163);
#6009=AXIS2_PLACEMENT_3D('',#9052,#7164,#7165);
#6010=AXIS2_PLACEMENT_3D('',#9055,#7167,#7168);
#6011=AXIS2_PLACEMENT_3D('',#9056,#7169,#7170);
#6012=AXIS2_PLACEMENT_3D('',#9059,#7172,#7173);
#6013=AXIS2_PLACEMENT_3D('',#9060,#7174,#7175);
#6014=AXIS2_PLACEMENT_3D('',#9065,#7178,#7179);
#6015=AXIS2_PLACEMENT_3D('',#9071,#7183,#7184);
#6016=AXIS2_PLACEMENT_3D('',#9072,#7185,#7186);
#6017=AXIS2_PLACEMENT_3D('',#9077,#7189,#7190);
#6018=AXIS2_PLACEMENT_3D('',#9079,#7192,#7193);
#6019=AXIS2_PLACEMENT_3D('',#9084,#7196,#7197);
#6020=AXIS2_PLACEMENT_3D('',#9085,#7198,#7199);
#6021=AXIS2_PLACEMENT_3D('',#9089,#7202,#7203);
#6022=AXIS2_PLACEMENT_3D('',#9092,#7205,#7206);
#6023=AXIS2_PLACEMENT_3D('',#9093,#7207,#7208);
#6024=AXIS2_PLACEMENT_3D('',#9097,#7211,#7212);
#6025=AXIS2_PLACEMENT_3D('',#9100,#7214,#7215);
#6026=AXIS2_PLACEMENT_3D('',#9101,#7216,#7217);
#6027=AXIS2_PLACEMENT_3D('',#9105,#7220,#7221);
#6028=AXIS2_PLACEMENT_3D('',#9108,#7223,#7224);
#6029=AXIS2_PLACEMENT_3D('',#9109,#7225,#7226);
#6030=AXIS2_PLACEMENT_3D('',#9111,#7228,#7229);
#6031=AXIS2_PLACEMENT_3D('',#9117,#7233,#7234);
#6032=AXIS2_PLACEMENT_3D('',#9118,#7235,#7236);
#6033=AXIS2_PLACEMENT_3D('',#9123,#7239,#7240);
#6034=AXIS2_PLACEMENT_3D('',#9127,#7243,#7244);
#6035=AXIS2_PLACEMENT_3D('',#9128,#7245,#7246);
#6036=AXIS2_PLACEMENT_3D('',#9131,#7248,#7249);
#6037=AXIS2_PLACEMENT_3D('',#9140,#7254,#7255);
#6038=AXIS2_PLACEMENT_3D('',#9146,#7259,#7260);
#6039=AXIS2_PLACEMENT_3D('',#9151,#7263,#7264);
#6040=AXIS2_PLACEMENT_3D('',#9156,#7267,#7268);
#6041=AXIS2_PLACEMENT_3D('',#9157,#7269,#7270);
#6042=AXIS2_PLACEMENT_3D('',#9158,#7271,#7272);
#6043=AXIS2_PLACEMENT_3D('',#9169,#7275,#7276);
#6044=AXIS2_PLACEMENT_3D('',#9170,#7277,#7278);
#6045=AXIS2_PLACEMENT_3D('',#9175,#7281,#7282);
#6046=AXIS2_PLACEMENT_3D('',#9181,#7286,#7287);
#6047=AXIS2_PLACEMENT_3D('',#9182,#7288,#7289);
#6048=AXIS2_PLACEMENT_3D('',#9185,#7291,#7292);
#6049=AXIS2_PLACEMENT_3D('',#9189,#7295,#7296);
#6050=AXIS2_PLACEMENT_3D('',#9190,#7297,#7298);
#6051=AXIS2_PLACEMENT_3D('',#9193,#7300,#7301);
#6052=AXIS2_PLACEMENT_3D('',#9197,#7304,#7305);
#6053=AXIS2_PLACEMENT_3D('',#9198,#7306,#7307);
#6054=AXIS2_PLACEMENT_3D('',#9201,#7309,#7310);
#6055=AXIS2_PLACEMENT_3D('',#9205,#7313,#7314);
#6056=AXIS2_PLACEMENT_3D('',#9206,#7315,#7316);
#6057=AXIS2_PLACEMENT_3D('',#9207,#7317,#7318);
#6058=AXIS2_PLACEMENT_3D('',#9208,#7319,#7320);
#6059=AXIS2_PLACEMENT_3D('',#9221,#7324,#7325);
#6060=AXIS2_PLACEMENT_3D('',#9229,#7329,#7330);
#6061=AXIS2_PLACEMENT_3D('',#9234,#7333,#7334);
#6062=AXIS2_PLACEMENT_3D('',#9235,#7335,#7336);
#6063=AXIS2_PLACEMENT_3D('',#9241,#7340,#7341);
#6064=AXIS2_PLACEMENT_3D('',#9250,#7346,#7347);
#6065=AXIS2_PLACEMENT_3D('',#9254,#7350,#7351);
#6066=AXIS2_PLACEMENT_3D('',#9257,#7353,#7354);
#6067=AXIS2_PLACEMENT_3D('',#9262,#7357,#7358);
#6068=AXIS2_PLACEMENT_3D('',#9265,#7360,#7361);
#6069=AXIS2_PLACEMENT_3D('',#9266,#7362,#7363);
#6070=AXIS2_PLACEMENT_3D('',#9276,#7366,#7367);
#6071=AXIS2_PLACEMENT_3D('',#9285,#7372,#7373);
#6072=AXIS2_PLACEMENT_3D('',#9286,#7374,#7375);
#6073=AXIS2_PLACEMENT_3D('',#9291,#7378,#7379);
#6074=AXIS2_PLACEMENT_3D('',#9292,#7380,#7381);
#6075=AXIS2_PLACEMENT_3D('',#9305,#7385,#7386);
#6076=AXIS2_PLACEMENT_3D('',#9310,#7389,#7390);
#6077=AXIS2_PLACEMENT_3D('',#9315,#7393,#7394);
#6078=AXIS2_PLACEMENT_3D('',#9316,#7395,#7396);
#6079=AXIS2_PLACEMENT_3D('',#9320,#7399,#7400);
#6080=AXIS2_PLACEMENT_3D('',#9321,#7401,#7402);
#6081=AXIS2_PLACEMENT_3D('',#9326,#7405,#7406);
#6082=AXIS2_PLACEMENT_3D('',#9330,#7409,#7410);
#6083=AXIS2_PLACEMENT_3D('',#9331,#7411,#7412);
#6084=AXIS2_PLACEMENT_3D('',#9334,#7414,#7415);
#6085=AXIS2_PLACEMENT_3D('',#9338,#7418,#7419);
#6086=AXIS2_PLACEMENT_3D('',#9339,#7420,#7421);
#6087=AXIS2_PLACEMENT_3D('',#9342,#7423,#7424);
#6088=AXIS2_PLACEMENT_3D('',#9346,#7427,#7428);
#6089=AXIS2_PLACEMENT_3D('',#9347,#7429,#7430);
#6090=AXIS2_PLACEMENT_3D('',#9350,#7432,#7433);
#6091=AXIS2_PLACEMENT_3D('',#9352,#7435,#7436);
#6092=AXIS2_PLACEMENT_3D('',#9361,#7441,#7442);
#6093=AXIS2_PLACEMENT_3D('',#9370,#7447,#7448);
#6094=AXIS2_PLACEMENT_3D('',#9371,#7449,#7450);
#6095=AXIS2_PLACEMENT_3D('',#9383,#7454,#7455);
#6096=AXIS2_PLACEMENT_3D('',#9388,#7458,#7459);
#6097=AXIS2_PLACEMENT_3D('',#9393,#7462,#7463);
#6098=AXIS2_PLACEMENT_3D('',#9394,#7464,#7465);
#6099=AXIS2_PLACEMENT_3D('',#9398,#7468,#7469);
#6100=AXIS2_PLACEMENT_3D('',#9399,#7470,#7471);
#6101=AXIS2_PLACEMENT_3D('',#9405,#7474,#7475);
#6102=AXIS2_PLACEMENT_3D('',#9409,#7478,#7479);
#6103=AXIS2_PLACEMENT_3D('',#9410,#7480,#7481);
#6104=AXIS2_PLACEMENT_3D('',#9422,#7484,#7485);
#6105=AXIS2_PLACEMENT_3D('',#9425,#7488,#7489);
#6106=AXIS2_PLACEMENT_3D('',#9429,#7492,#7493);
#6107=AXIS2_PLACEMENT_3D('',#9432,#7495,#7496);
#6108=AXIS2_PLACEMENT_3D('',#9433,#7497,#7498);
#6109=AXIS2_PLACEMENT_3D('',#9436,#7501,#7502);
#6110=AXIS2_PLACEMENT_3D('',#9438,#7504,#7505);
#6111=AXIS2_PLACEMENT_3D('',#9441,#7508,#7509);
#6112=AXIS2_PLACEMENT_3D('',#9445,#7512,#7513);
#6113=AXIS2_PLACEMENT_3D('',#9450,#7517,#7518);
#6114=AXIS2_PLACEMENT_3D('',#9452,#7520,#7521);
#6115=AXIS2_PLACEMENT_3D('',#9465,#7530,#7531);
#6116=AXIS2_PLACEMENT_3D('',#9470,#7535,#7536);
#6117=AXIS2_PLACEMENT_3D('',#9471,#7537,#7538);
#6118=AXIS2_PLACEMENT_3D('',#9474,#7540,#7541);
#6119=AXIS2_PLACEMENT_3D('',#9477,#7544,#7545);
#6120=AXIS2_PLACEMENT_3D('',#9482,#7549,#7550);
#6121=AXIS2_PLACEMENT_3D('',#9485,#7552,#7553);
#6122=AXIS2_PLACEMENT_3D('',#9486,#7554,#7555);
#6123=AXIS2_PLACEMENT_3D('',#9489,#7558,#7559);
#6124=AXIS2_PLACEMENT_3D('',#9490,#7560,#7561);
#6125=AXIS2_PLACEMENT_3D('',#9491,#7562,#7563);
#6126=AXIS2_PLACEMENT_3D('',#9494,#7566,#7567);
#6127=AXIS2_PLACEMENT_3D('',#9498,#7570,#7571);
#6128=AXIS2_PLACEMENT_3D('',#9499,#7572,#7573);
#6129=AXIS2_PLACEMENT_3D('',#9502,#7575,#7576);
#6130=AXIS2_PLACEMENT_3D('',#9506,#7579,#7580);
#6131=AXIS2_PLACEMENT_3D('',#9507,#7581,#7582);
#6132=AXIS2_PLACEMENT_3D('',#9510,#7584,#7585);
#6133=AXIS2_PLACEMENT_3D('',#9511,#7586,#7587);
#6134=AXIS2_PLACEMENT_3D('',#9516,#7590,#7591);
#6135=AXIS2_PLACEMENT_3D('',#9520,#7594,#7595);
#6136=AXIS2_PLACEMENT_3D('',#9525,#7599,#7600);
#6137=AXIS2_PLACEMENT_3D('',#9527,#7602,#7603);
#6138=AXIS2_PLACEMENT_3D('',#9533,#7607,#7608);
#6139=AXIS2_PLACEMENT_3D('',#9534,#7609,#7610);
#6140=AXIS2_PLACEMENT_3D('',#9537,#7612,#7613);
#6141=AXIS2_PLACEMENT_3D('',#9541,#7616,#7617);
#6142=AXIS2_PLACEMENT_3D('',#9546,#7621,#7622);
#6143=AXIS2_PLACEMENT_3D('',#9549,#7624,#7625);
#6144=AXIS2_PLACEMENT_3D('',#9550,#7626,#7627);
#6145=AXIS2_PLACEMENT_3D('',#9553,#7630,#7631);
#6146=AXIS2_PLACEMENT_3D('',#9554,#7632,#7633);
#6147=AXIS2_PLACEMENT_3D('',#9557,#7635,#7636);
#6148=AXIS2_PLACEMENT_3D('',#9559,#7638,#7639);
#6149=AXIS2_PLACEMENT_3D('',#9565,#7644,#7645);
#6150=AXIS2_PLACEMENT_3D('',#9571,#7649,#7650);
#6151=AXIS2_PLACEMENT_3D('',#9575,#7653,#7654);
#6152=AXIS2_PLACEMENT_3D('',#9576,#7655,#7656);
#6153=AXIS2_PLACEMENT_3D('',#9583,#7661,#7662);
#6154=AXIS2_PLACEMENT_3D('',#9585,#7664,#7665);
#6155=AXIS2_PLACEMENT_3D('',#9590,#7669,#7670);
#6156=AXIS2_PLACEMENT_3D('',#9592,#7672,#7673);
#6157=AXIS2_PLACEMENT_3D('',#9596,#7676,#7677);
#6158=AXIS2_PLACEMENT_3D('',#9601,#7681,#7682);
#6159=AXIS2_PLACEMENT_3D('',#9602,#7683,#7684);
#6160=AXIS2_PLACEMENT_3D('',#9604,#7686,#7687);
#6161=AXIS2_PLACEMENT_3D('',#9606,#7689,#7690);
#6162=AXIS2_PLACEMENT_3D('',#9607,#7691,#7692);
#6163=AXIS2_PLACEMENT_3D('',#9608,#7693,#7694);
#6164=AXIS2_PLACEMENT_3D('',#9609,#7695,#7696);
#6165=AXIS2_PLACEMENT_3D('',#9610,#7697,#7698);
#6166=AXIS2_PLACEMENT_3D('',#9611,#7699,#7700);
#6167=AXIS2_PLACEMENT_3D('',#9615,#7703,#7704);
#6168=AXIS2_PLACEMENT_3D('',#9618,#7706,#7707);
#6169=AXIS2_PLACEMENT_3D('',#9620,#7709,#7710);
#6170=AXIS2_PLACEMENT_3D('',#9621,#7711,#7712);
#6171=AXIS2_PLACEMENT_3D('',#9622,#7713,#7714);
#6172=AXIS2_PLACEMENT_3D('',#9623,#7715,#7716);
#6173=AXIS2_PLACEMENT_3D('',#9624,#7717,#7718);
#6174=AXIS2_PLACEMENT_3D('',#9625,#7719,#7720);
#6175=AXIS2_PLACEMENT_3D('',#9626,#7721,#7722);
#6176=AXIS2_PLACEMENT_3D('',#9627,#7723,#7724);
#6177=AXIS2_PLACEMENT_3D('',#9628,#7725,#7726);
#6178=AXIS2_PLACEMENT_3D('',#9629,#7727,#7728);
#6179=AXIS2_PLACEMENT_3D('',#9631,#7730,#7731);
#6180=AXIS2_PLACEMENT_3D('',#9634,#7734,#7735);
#6181=AXIS2_PLACEMENT_3D('',#9635,#7736,#7737);
#6182=AXIS2_PLACEMENT_3D('',#9636,#7738,#7739);
#6183=AXIS2_PLACEMENT_3D('',#9637,#7740,#7741);
#6184=AXIS2_PLACEMENT_3D('',#9638,#7742,#7743);
#6185=AXIS2_PLACEMENT_3D('',#9639,#7744,#7745);
#6186=AXIS2_PLACEMENT_3D('',#9640,#7746,#7747);
#6187=AXIS2_PLACEMENT_3D('',#9641,#7748,#7749);
#6188=AXIS2_PLACEMENT_3D('',#9642,#7750,#7751);
#6189=AXIS2_PLACEMENT_3D('',#9643,#7752,#7753);
#6190=AXIS2_PLACEMENT_3D('',#9644,#7754,#7755);
#6191=AXIS2_PLACEMENT_3D('',#9645,#7756,#7757);
#6192=AXIS2_PLACEMENT_3D('',#9646,#7758,#7759);
#6193=AXIS2_PLACEMENT_3D('',#9647,#7760,#7761);
#6194=AXIS2_PLACEMENT_3D('',#9648,#7762,#7763);
#6195=AXIS2_PLACEMENT_3D('',#9649,#7764,#7765);
#6196=AXIS2_PLACEMENT_3D('',#9650,#7766,#7767);
#6197=AXIS2_PLACEMENT_3D('',#9651,#7768,#7769);
#6198=DIRECTION('',(0.,0.,1.));
#6199=DIRECTION('',(1.,0.,0.));
#6200=DIRECTION('',(-0.866025403784439,0.5,0.));
#6201=DIRECTION('',(-0.5,-0.866025403784439,0.));
#6202=DIRECTION('',(0.,0.,-1.));
#6203=DIRECTION('',(0.,0.,-1.));
#6204=DIRECTION('',(-0.866025403784438,-0.5,0.));
#6205=DIRECTION('',(0.5,-0.866025403784439,0.));
#6206=DIRECTION('',(0.,0.,-1.));
#6207=DIRECTION('',(0.,-1.,0.));
#6208=DIRECTION('',(0.,0.,-1.));
#6209=DIRECTION('',(0.,0.,-1.));
#6210=DIRECTION('',(0.866025403784439,-0.5,0.));
#6211=DIRECTION('',(0.5,0.866025403784439,0.));
#6212=DIRECTION('',(0.,0.,-1.));
#6213=DIRECTION('',(0.866025403784438,0.5,0.));
#6214=DIRECTION('',(-0.5,0.866025403784439,0.));
#6215=DIRECTION('',(0.,0.,-1.));
#6216=DIRECTION('',(0.,1.,0.));
#6217=DIRECTION('',(0.,0.,1.));
#6218=DIRECTION('',(0.,0.,-1.));
#6219=DIRECTION('',(-1.,0.,0.));
#6220=DIRECTION('',(0.,0.,1.));
#6221=DIRECTION('',(1.,0.,0.));
#6222=DIRECTION('',(0.,0.,-1.));
#6223=DIRECTION('',(-1.,0.,0.));
#6224=DIRECTION('',(0.,0.,1.));
#6225=DIRECTION('',(1.,0.,0.));
#6226=DIRECTION('',(0.,0.,-1.));
#6227=DIRECTION('',(-1.,0.,0.));
#6228=DIRECTION('',(0.,0.,1.));
#6229=DIRECTION('',(1.,0.,0.));
#6230=DIRECTION('',(0.,0.,-1.));
#6231=DIRECTION('',(-1.,0.,0.));
#6232=DIRECTION('',(0.,0.,1.));
#6233=DIRECTION('',(1.,0.,0.));
#6234=DIRECTION('',(0.,0.,-1.));
#6235=DIRECTION('',(-1.,0.,0.));
#6236=DIRECTION('',(0.,0.,1.));
#6237=DIRECTION('',(1.,0.,0.));
#6238=DIRECTION('',(0.,0.,-1.));
#6239=DIRECTION('',(-1.,0.,0.));
#6240=DIRECTION('',(0.,0.,1.));
#6241=DIRECTION('',(1.,0.,0.));
#6242=DIRECTION('',(0.,0.,1.));
#6243=DIRECTION('',(1.,0.,0.));
#6244=DIRECTION('',(0.,0.,1.));
#6245=DIRECTION('',(1.,0.,0.));
#6246=DIRECTION('',(0.,0.,1.));
#6247=DIRECTION('',(1.,0.,0.));
#6248=DIRECTION('',(0.,0.,1.));
#6249=DIRECTION('',(1.,0.,0.));
#6250=DIRECTION('',(0.,0.,-1.));
#6251=DIRECTION('',(-1.,0.,0.));
#6252=DIRECTION('',(0.,0.,1.));
#6253=DIRECTION('',(1.,0.,0.));
#6254=DIRECTION('',(0.,0.,1.));
#6255=DIRECTION('',(1.,0.,0.));
#6256=DIRECTION('',(0.,0.,1.));
#6257=DIRECTION('',(1.,0.,0.));
#6258=DIRECTION('',(0.,0.,-1.));
#6259=DIRECTION('',(-1.,0.,0.));
#6260=DIRECTION('',(0.,0.,1.));
#6261=DIRECTION('',(1.,0.,0.));
#6262=DIRECTION('',(0.,0.,-1.));
#6263=DIRECTION('',(1.,0.,0.));
#6264=DIRECTION('',(0.,0.,-1.));
#6265=DIRECTION('',(-1.,0.,0.));
#6266=DIRECTION('',(0.,0.,1.));
#6267=DIRECTION('',(1.,0.,0.));
#6268=DIRECTION('',(0.,0.,1.));
#6269=DIRECTION('',(1.,0.,0.));
#6270=DIRECTION('',(0.,1.,0.));
#6271=DIRECTION('',(1.,0.,0.));
#6272=DIRECTION('',(0.,-1.,0.));
#6273=DIRECTION('',(1.,0.,0.));
#6274=DIRECTION('',(0.,1.,0.));
#6275=DIRECTION('',(1.,0.,0.));
#6276=DIRECTION('',(0.,0.,1.));
#6277=DIRECTION('',(1.,0.,0.));
#6278=DIRECTION('',(-1.,-1.85967005799858E-16,0.));
#6279=DIRECTION('',(-1.85967005799858E-16,1.,0.));
#6280=DIRECTION('',(0.,0.,-1.));
#6281=DIRECTION('',(-1.,0.,0.));
#6282=DIRECTION('',(0.,-1.,0.));
#6283=DIRECTION('',(0.,0.,-1.));
#6284=DIRECTION('',(-1.,0.,0.));
#6285=DIRECTION('',(0.,0.,1.));
#6286=DIRECTION('',(1.,0.,0.));
#6287=DIRECTION('',(-1.22464679914735E-16,0.,1.));
#6288=DIRECTION('',(1.,0.,1.22464679914735E-16));
#6289=DIRECTION('',(-1.22464679914735E-16,0.,1.));
#6290=DIRECTION('',(1.,0.,1.22464679914735E-16));
#6291=DIRECTION('',(0.,0.,-1.));
#6292=DIRECTION('',(-1.,0.,0.));
#6293=DIRECTION('',(0.,0.,-1.));
#6294=DIRECTION('',(-1.,0.,0.));
#6295=DIRECTION('',(0.,0.,-1.));
#6296=DIRECTION('',(-1.,0.,0.));
#6297=DIRECTION('',(0.,0.,1.));
#6298=DIRECTION('',(1.,0.,0.));
#6299=DIRECTION('',(0.,0.,1.));
#6300=DIRECTION('',(1.,0.,0.));
#6301=DIRECTION('',(0.,0.,1.));
#6302=DIRECTION('',(1.,0.,0.));
#6303=DIRECTION('',(0.,0.,-1.));
#6304=DIRECTION('',(-1.,0.,0.));
#6305=DIRECTION('',(0.,-1.,0.));
#6306=DIRECTION('',(1.,0.,-6.12323399573677E-17));
#6307=DIRECTION('',(-6.12323399573677E-17,0.,-1.));
#6308=DIRECTION('',(0.,-1.,0.));
#6309=DIRECTION('',(1.,0.,-6.12323399573677E-17));
#6310=DIRECTION('',(-6.12323399573677E-17,0.,-1.));
#6311=DIRECTION('',(0.,-1.,0.));
#6312=DIRECTION('',(-1.22464679914735E-16,0.,1.));
#6313=DIRECTION('',(1.,0.,1.22464679914735E-16));
#6314=DIRECTION('',(0.,0.,1.));
#6315=DIRECTION('',(1.,0.,0.));
#6316=DIRECTION('',(0.,0.,-1.));
#6317=DIRECTION('',(-1.,0.,0.));
#6318=DIRECTION('',(0.,0.,1.));
#6319=DIRECTION('',(1.,0.,0.));
#6320=DIRECTION('',(1.,1.85967005799858E-16,-1.01795031110323E-63));
#6321=DIRECTION('',(-1.85967005799858E-16,1.,0.));
#6322=DIRECTION('',(1.,1.85967005799858E-16,0.));
#6323=DIRECTION('',(-1.85967005799858E-16,1.,0.));
#6324=DIRECTION('',(0.,0.,-1.));
#6325=DIRECTION('',(1.,0.,0.));
#6326=DIRECTION('',(0.,0.,-1.));
#6327=DIRECTION('',(-1.,0.,0.));
#6328=DIRECTION('',(0.,-1.,0.));
#6329=DIRECTION('',(0.,0.,-1.));
#6330=DIRECTION('',(-1.,0.,0.));
#6331=DIRECTION('',(0.,0.,1.));
#6332=DIRECTION('',(1.,0.,0.));
#6333=DIRECTION('',(-1.22464679914735E-16,0.,1.));
#6334=DIRECTION('',(1.,0.,1.22464679914735E-16));
#6335=DIRECTION('',(-1.22464679914735E-16,0.,1.));
#6336=DIRECTION('',(1.,0.,1.22464679914735E-16));
#6337=DIRECTION('',(0.,0.,-1.));
#6338=DIRECTION('',(-1.,0.,0.));
#6339=DIRECTION('',(0.,0.,-1.));
#6340=DIRECTION('',(-1.,0.,0.));
#6341=DIRECTION('',(0.,0.,-1.));
#6342=DIRECTION('',(-1.,0.,0.));
#6343=DIRECTION('',(0.,0.,1.));
#6344=DIRECTION('',(1.,0.,0.));
#6345=DIRECTION('',(0.,0.,1.));
#6346=DIRECTION('',(1.,0.,0.));
#6347=DIRECTION('',(0.,0.,1.));
#6348=DIRECTION('',(1.,0.,0.));
#6349=DIRECTION('',(0.,0.,-1.));
#6350=DIRECTION('',(-1.,0.,0.));
#6351=DIRECTION('',(0.,-1.,0.));
#6352=DIRECTION('',(1.,0.,-6.12323399573677E-17));
#6353=DIRECTION('',(-6.12323399573677E-17,0.,-1.));
#6354=DIRECTION('',(0.,-1.,0.));
#6355=DIRECTION('',(1.,0.,-6.12323399573677E-17));
#6356=DIRECTION('',(-6.12323399573677E-17,0.,-1.));
#6357=DIRECTION('',(0.,-1.,0.));
#6358=DIRECTION('',(-1.22464679914735E-16,0.,1.));
#6359=DIRECTION('',(1.,0.,1.22464679914735E-16));
#6360=DIRECTION('',(0.,0.,1.));
#6361=DIRECTION('',(1.,0.,0.));
#6362=DIRECTION('',(0.,0.,-1.));
#6363=DIRECTION('',(-1.,0.,0.));
#6364=DIRECTION('',(0.,0.,1.));
#6365=DIRECTION('',(1.,0.,0.));
#6366=DIRECTION('',(1.,1.85967005799858E-16,0.));
#6367=DIRECTION('',(-1.85967005799858E-16,1.,0.));
#6368=DIRECTION('',(0.,0.,-1.));
#6369=DIRECTION('',(1.,0.,0.));
#6370=DIRECTION('',(0.,0.,1.));
#6371=DIRECTION('',(1.,0.,0.));
#6372=DIRECTION('',(0.,0.,-1.));
#6373=DIRECTION('',(1.,0.,0.));
#6374=DIRECTION('',(0.,-1.,0.));
#6375=DIRECTION('',(1.,0.,0.));
#6376=DIRECTION('',(0.,-1.,0.));
#6377=DIRECTION('',(1.,0.,0.));
#6378=DIRECTION('',(0.,0.,1.));
#6379=DIRECTION('',(1.,0.,0.));
#6380=DIRECTION('',(-2.4492935982947E-16,0.,1.));
#6381=DIRECTION('',(1.,0.,2.4492935982947E-16));
#6382=DIRECTION('',(-0.384482687893049,0.923132202184788,0.));
#6383=DIRECTION('',(1.9675063085532E-16,1.,0.));
#6384=DIRECTION('',(-1.,0.,0.));
#6385=DIRECTION('',(-1.9675063085532E-16,-1.,0.));
#6386=DIRECTION('',(-0.384482687893048,-0.923132202184788,0.));
#6387=DIRECTION('',(0.,0.,1.));
#6388=DIRECTION('',(1.,0.,0.));
#6389=DIRECTION('',(-2.4492935982947E-16,0.,1.));
#6390=DIRECTION('',(1.,0.,2.4492935982947E-16));
#6391=DIRECTION('',(-0.923132202184788,-0.384482687893049,0.));
#6392=DIRECTION('',(-1.,0.,0.));
#6393=DIRECTION('',(0.,-1.,0.));
#6394=DIRECTION('',(1.,0.,0.));
#6395=DIRECTION('',(0.923132202184788,-0.384482687893049,0.));
#6396=DIRECTION('',(0.,0.,1.));
#6397=DIRECTION('',(1.,0.,0.));
#6398=DIRECTION('',(-2.4492935982947E-16,0.,1.));
#6399=DIRECTION('',(1.,0.,2.4492935982947E-16));
#6400=DIRECTION('',(0.384482687893049,-0.923132202184788,0.));
#6401=DIRECTION('',(-1.9675063085532E-16,-1.,0.));
#6402=DIRECTION('',(1.,0.,0.));
#6403=DIRECTION('',(1.9675063085532E-16,1.,0.));
#6404=DIRECTION('',(0.384482687893049,0.923132202184788,0.));
#6405=DIRECTION('',(0.,0.,-1.));
#6406=DIRECTION('',(-1.,0.,0.));
#6407=DIRECTION('',(0.,0.,1.));
#6408=DIRECTION('',(1.,0.,0.));
#6409=DIRECTION('',(0.,0.,-1.));
#6410=DIRECTION('',(-1.,0.,0.));
#6411=DIRECTION('',(0.,0.,1.));
#6412=DIRECTION('',(1.,0.,0.));
#6413=DIRECTION('',(0.,0.,1.));
#6414=DIRECTION('',(1.,0.,0.));
#6415=DIRECTION('',(0.,0.,-1.));
#6416=DIRECTION('',(-1.,0.,0.));
#6417=DIRECTION('',(-1.9675063085532E-16,-1.,0.));
#6418=DIRECTION('',(0.384482687893049,-0.923132202184788,0.));
#6419=DIRECTION('',(0.923132202184788,-0.384482687893049,0.));
#6420=DIRECTION('',(1.,0.,0.));
#6421=DIRECTION('',(0.,-1.,0.));
#6422=DIRECTION('',(-1.,0.,0.));
#6423=DIRECTION('',(-0.923132202184788,-0.384482687893049,0.));
#6424=DIRECTION('',(-0.384482687893048,-0.923132202184788,0.));
#6425=DIRECTION('',(-1.9675063085532E-16,-1.,0.));
#6426=DIRECTION('',(-1.,0.,0.));
#6427=DIRECTION('',(1.9675063085532E-16,1.,0.));
#6428=DIRECTION('',(-0.384482687893049,0.923132202184788,0.));
#6429=DIRECTION('',(-0.923132202184788,0.384482687893048,0.));
#6430=DIRECTION('',(-1.,0.,0.));
#6431=DIRECTION('',(0.,1.,0.));
#6432=DIRECTION('',(1.,0.,0.));
#6433=DIRECTION('',(0.923132202184788,0.384482687893049,0.));
#6434=DIRECTION('',(0.384482687893049,0.923132202184788,0.));
#6435=DIRECTION('',(1.9675063085532E-16,1.,0.));
#6436=DIRECTION('',(1.,0.,0.));
#6437=DIRECTION('',(0.,0.,-1.));
#6438=DIRECTION('',(-1.,0.,0.));
#6439=DIRECTION('',(0.,0.,-1.));
#6440=DIRECTION('',(-1.,0.,0.));
#6441=DIRECTION('',(0.,0.,-1.));
#6442=DIRECTION('',(-1.,0.,0.));
#6443=DIRECTION('',(0.,0.,1.));
#6444=DIRECTION('',(1.,0.,0.));
#6445=DIRECTION('',(0.,0.,-1.));
#6446=DIRECTION('',(-1.,0.,0.));
#6447=DIRECTION('',(0.,0.,-1.));
#6448=DIRECTION('',(-1.,0.,0.));
#6449=DIRECTION('',(0.918820291217569,0.382686785730056,0.0965406467476809));
#6450=DIRECTION('',(-0.384482687893049,0.923132202184788,0.));
#6451=DIRECTION('',(0.0965226698562029,0.0192973189813813,-0.995143702026979));
#6452=DIRECTION('',(-0.0737712591707573,-0.0737712591707573,0.994542911412435));
#6453=DIRECTION('',(0.995329042842386,-1.9583161708786E-16,0.0965406467476809));
#6454=DIRECTION('',(0.0965406467476809,0.,-0.995329042842386));
#6455=DIRECTION('',(-0.0866266642028952,-0.441405617497977,0.89311639884749));
#6456=DIRECTION('',(0.,0.896486430383441,0.44307119082418));
#6457=DIRECTION('',(0.,-0.44307119082418,0.896486430383441));
#6458=DIRECTION('',(-0.086626664202895,0.441405617497977,-0.89311639884749));
#6459=DIRECTION('',(-0.995329042842386,1.95831617087862E-16,0.0965406467476809));
#6460=DIRECTION('',(0.0965406467476809,0.,0.995329042842386));
#6461=DIRECTION('',(-0.0965226698562029,0.0192973189813813,-0.995143702026979));
#6462=DIRECTION('',(-0.918820291217569,0.382686785730055,0.0965406467476809));
#6463=DIRECTION('',(-0.384482687893049,-0.923132202184788,0.));
#6464=DIRECTION('',(0.0737712591707573,-0.0737712591707573,0.994542911412435));
#6465=DIRECTION('',(-0.382686785730055,0.918820291217569,0.0965406467476809));
#6466=DIRECTION('',(-0.923132202184788,-0.384482687893049,0.));
#6467=DIRECTION('',(-0.0192973189813813,0.0965226698562029,-0.995143702026979));
#6468=DIRECTION('',(0.923132202184788,0.384482687893049,0.));
#6469=DIRECTION('',(0.,0.995329042842386,0.0965406467476809));
#6470=DIRECTION('',(0.,-0.0965406467476809,0.995329042842386));
#6471=DIRECTION('',(0.441405617497977,-0.0866266642028951,0.89311639884749));
#6472=DIRECTION('',(1.,0.,0.));
#6473=DIRECTION('',(-0.896486430383441,0.,0.44307119082418));
#6474=DIRECTION('',(0.44307119082418,0.,0.896486430383441));
#6475=DIRECTION('',(-0.441405617497977,-0.0866266642028951,-0.89311639884749));
#6476=DIRECTION('',(0.,1.,0.));
#6477=DIRECTION('',(0.,-0.995329042842386,0.0965406467476809));
#6478=DIRECTION('',(0.,-0.0965406467476809,-0.995329042842386));
#6479=DIRECTION('',(-0.0192973189813813,-0.0965226698562029,-0.995143702026979));
#6480=DIRECTION('',(-1.,0.,0.));
#6481=DIRECTION('',(-0.382686785730055,-0.918820291217569,0.0965406467476809));
#6482=DIRECTION('',(0.923132202184788,-0.384482687893048,0.));
#6483=DIRECTION('',(0.0737712591707573,0.0737712591707573,0.994542911412435));
#6484=DIRECTION('',(-0.923132202184788,0.384482687893048,0.));
#6485=DIRECTION('',(-0.918820291217569,-0.382686785730056,0.0965406467476809));
#6486=DIRECTION('',(0.384482687893049,-0.923132202184788,0.));
#6487=DIRECTION('',(0.0965226698562029,0.0192973189813813,0.995143702026979));
#6488=DIRECTION('',(-0.995329042842386,1.9583161708786E-16,0.0965406467476809));
#6489=DIRECTION('',(0.0965406467476809,0.,0.995329042842386));
#6490=DIRECTION('',(0.0866266642028952,0.441405617497977,0.89311639884749));
#6491=DIRECTION('',(0.,-0.896486430383441,0.44307119082418));
#6492=DIRECTION('',(0.,-0.44307119082418,-0.896486430383441));
#6493=DIRECTION('',(0.086626664202895,-0.441405617497977,-0.89311639884749));
#6494=DIRECTION('',(0.995329042842386,-1.95831617087862E-16,0.0965406467476809));
#6495=DIRECTION('',(0.0965406467476809,0.,-0.995329042842386));
#6496=DIRECTION('',(-0.0965226698562029,0.0192973189813813,0.995143702026979));
#6497=DIRECTION('',(0.918820291217569,-0.382686785730055,0.0965406467476809));
#6498=DIRECTION('',(0.384482687893048,0.923132202184788,0.));
#6499=DIRECTION('',(-0.0737712591707573,0.0737712591707573,0.994542911412435));
#6500=DIRECTION('',(0.382686785730056,-0.918820291217569,0.0965406467476809));
#6501=DIRECTION('',(0.923132202184788,0.384482687893049,0.));
#6502=DIRECTION('',(-0.0192973189813813,0.0965226698562029,0.995143702026979));
#6503=DIRECTION('',(0.,-0.995329042842386,0.0965406467476809));
#6504=DIRECTION('',(0.,-0.0965406467476809,-0.995329042842386));
#6505=DIRECTION('',(-0.441405617497977,0.0866266642028951,0.89311639884749));
#6506=DIRECTION('',(0.896486430383441,0.,0.44307119082418));
#6507=DIRECTION('',(0.44307119082418,0.,-0.896486430383441));
#6508=DIRECTION('',(0.441405617497977,0.0866266642028951,-0.89311639884749));
#6509=DIRECTION('',(0.,0.995329042842386,0.0965406467476809));
#6510=DIRECTION('',(0.,-0.0965406467476809,0.995329042842386));
#6511=DIRECTION('',(-0.0192973189813813,-0.0965226698562029,0.995143702026979));
#6512=DIRECTION('',(0.382686785730055,0.918820291217569,0.0965406467476809));
#6513=DIRECTION('',(-0.923132202184788,0.384482687893049,0.));
#6514=DIRECTION('',(0.,0.,1.));
#6515=DIRECTION('',(1.,0.,0.));
#6516=DIRECTION('',(-2.4492935982947E-16,0.,1.));
#6517=DIRECTION('',(1.,0.,2.4492935982947E-16));
#6518=DIRECTION('',(-2.4492935982947E-16,0.,1.));
#6519=DIRECTION('',(1.,0.,2.4492935982947E-16));
#6520=DIRECTION('',(0.,0.,1.));
#6521=DIRECTION('',(1.,0.,0.));
#6522=DIRECTION('',(0.,0.,1.));
#6523=DIRECTION('',(1.,0.,0.));
#6524=DIRECTION('',(-1.,-1.85967005799858E-16,0.));
#6525=DIRECTION('',(1.85967005799858E-16,-1.,0.));
#6526=DIRECTION('',(-1.85967005799858E-16,1.,-1.85967005799858E-16));
#6527=DIRECTION('',(0.,0.,1.));
#6528=DIRECTION('',(1.85967005799858E-16,-1.,1.2240406436436E-16));
#6529=DIRECTION('',(0.,0.,-1.));
#6530=DIRECTION('',(1.85967005799858E-16,-1.,0.));
#6531=DIRECTION('',(0.,0.,-1.));
#6532=DIRECTION('',(1.85967005799858E-16,-1.,0.));
#6533=DIRECTION('',(0.,0.,-1.));
#6534=DIRECTION('',(0.,0.,-1.));
#6535=DIRECTION('',(-1.,0.,0.));
#6536=DIRECTION('',(0.,1.,0.));
#6537=DIRECTION('',(-1.,0.,0.));
#6538=DIRECTION('',(0.,-1.,0.));
#6539=DIRECTION('',(1.,0.,0.));
#6540=DIRECTION('',(-1.85967005799858E-16,1.,0.));
#6541=DIRECTION('',(1.,0.,0.));
#6542=DIRECTION('',(-1.,0.,0.));
#6543=DIRECTION('',(0.,-1.,0.));
#6544=DIRECTION('',(0.,0.,-1.));
#6545=DIRECTION('',(0.,0.,-1.));
#6546=DIRECTION('',(-1.,0.,-3.44108086099338E-32));
#6547=DIRECTION('',(0.,0.,1.));
#6548=DIRECTION('',(1.,0.,2.26493017608354E-32));
#6549=DIRECTION('',(0.,0.,-1.));
#6550=DIRECTION('',(1.,0.,0.));
#6551=DIRECTION('',(0.,0.,1.));
#6552=DIRECTION('',(1.,0.,0.));
#6553=DIRECTION('',(-1.85967005799858E-16,1.,0.));
#6554=DIRECTION('',(-1.,0.,0.));
#6555=DIRECTION('',(0.,1.,0.));
#6556=DIRECTION('',(1.,0.,0.));
#6557=DIRECTION('',(0.,-1.,0.));
#6558=DIRECTION('',(-1.,0.,0.));
#6559=DIRECTION('',(0.,1.,0.));
#6560=DIRECTION('',(0.,0.,1.));
#6561=DIRECTION('',(0.,0.,-1.));
#6562=DIRECTION('',(1.,0.,3.44108086099338E-32));
#6563=DIRECTION('',(0.,0.,1.));
#6564=DIRECTION('',(-1.,0.,-2.26493017608354E-32));
#6565=DIRECTION('',(0.,0.,-1.));
#6566=DIRECTION('',(1.,1.85967005799858E-16,0.));
#6567=DIRECTION('',(-1.85967005799858E-16,1.,0.));
#6568=DIRECTION('',(-1.85967005799858E-16,1.,-1.2240406436436E-16));
#6569=DIRECTION('',(0.,0.,-1.));
#6570=DIRECTION('',(1.85967005799858E-16,-1.,1.85967005799858E-16));
#6571=DIRECTION('',(0.,0.,1.));
#6572=DIRECTION('',(1.,0.,0.));
#6573=DIRECTION('',(0.,0.,-1.));
#6574=DIRECTION('',(0.,0.,1.));
#6575=DIRECTION('',(0.,1.,0.));
#6576=DIRECTION('',(0.,0.,1.));
#6577=DIRECTION('',(0.,1.,0.));
#6578=DIRECTION('',(0.,0.,1.));
#6579=DIRECTION('',(-1.,0.,0.));
#6580=DIRECTION('',(0.,0.,1.));
#6581=DIRECTION('',(-1.,0.,0.));
#6582=DIRECTION('',(0.,0.,1.));
#6583=DIRECTION('',(0.,-1.,0.));
#6584=DIRECTION('',(0.,0.,1.));
#6585=DIRECTION('',(0.,-1.,0.));
#6586=DIRECTION('',(0.,0.,-1.));
#6587=DIRECTION('',(1.,0.,0.));
#6588=DIRECTION('',(1.,0.,0.));
#6589=DIRECTION('',(0.,0.,-1.));
#6590=DIRECTION('',(0.,1.,-1.2240406436436E-16));
#6591=DIRECTION('',(0.,0.,-1.));
#6592=DIRECTION('',(0.,1.,-1.85967005799858E-16));
#6593=DIRECTION('',(3.44108086099338E-32,-1.85967005799858E-16,-1.));
#6594=DIRECTION('',(0.,1.,-1.85967005799858E-16));
#6595=DIRECTION('',(-1.,0.,-3.44108086099338E-32));
#6596=DIRECTION('',(0.,1.,-1.85967005799858E-16));
#6597=DIRECTION('',(-1.,0.,0.));
#6598=DIRECTION('',(0.,0.,1.));
#6599=DIRECTION('',(0.,0.,1.));
#6600=DIRECTION('',(0.,1.,-1.2240406436436E-16));
#6601=DIRECTION('',(-2.26493017608354E-32,1.2240406436436E-16,1.));
#6602=DIRECTION('',(0.,-1.,1.2240406436436E-16));
#6603=DIRECTION('',(1.,0.,2.26493017608354E-32));
#6604=DIRECTION('',(-1.,0.,0.));
#6605=DIRECTION('',(0.,0.,1.));
#6606=DIRECTION('',(0.,0.,-1.));
#6607=DIRECTION('',(0.,1.,0.));
#6608=DIRECTION('',(0.,0.,-1.));
#6609=DIRECTION('',(0.,1.,0.));
#6610=DIRECTION('',(0.,0.,1.));
#6611=DIRECTION('',(1.,0.,0.));
#6612=DIRECTION('',(0.,0.,-1.));
#6613=DIRECTION('',(1.,0.,0.));
#6614=DIRECTION('',(0.,0.,-1.));
#6615=DIRECTION('',(0.,-1.,0.));
#6616=DIRECTION('',(0.,0.,-1.));
#6617=DIRECTION('',(0.,-1.,0.));
#6618=DIRECTION('',(0.,0.,-1.));
#6619=DIRECTION('',(-1.,0.,0.));
#6620=DIRECTION('',(-1.,0.,0.));
#6621=DIRECTION('',(0.,0.,1.));
#6622=DIRECTION('',(0.,-1.,1.2240406436436E-16));
#6623=DIRECTION('',(0.,0.,-1.));
#6624=DIRECTION('',(0.,-1.,1.85967005799858E-16));
#6625=DIRECTION('',(3.44108086099338E-32,-1.85967005799858E-16,-1.));
#6626=DIRECTION('',(0.,1.,-1.85967005799858E-16));
#6627=DIRECTION('',(1.,0.,3.44108086099338E-32));
#6628=DIRECTION('',(0.,-1.,1.85967005799858E-16));
#6629=DIRECTION('',(1.,0.,0.));
#6630=DIRECTION('',(0.,0.,-1.));
#6631=DIRECTION('',(0.,0.,1.));
#6632=DIRECTION('',(0.,-1.,1.2240406436436E-16));
#6633=DIRECTION('',(-2.26493017608354E-32,1.2240406436436E-16,1.));
#6634=DIRECTION('',(0.,-1.,1.2240406436436E-16));
#6635=DIRECTION('',(-1.,0.,-2.26493017608354E-32));
#6636=DIRECTION('',(-2.26493017608354E-32,1.2240406436436E-16,1.));
#6637=DIRECTION('',(0.,-1.,1.2240406436436E-16));
#6638=DIRECTION('',(-1.,0.,-2.26493017608354E-32));
#6639=DIRECTION('',(-1.85967005799858E-16,1.,-1.2240406436436E-16));
#6640=DIRECTION('',(-1.,0.,-2.26493017608354E-32));
#6641=DIRECTION('',(0.,1.,0.));
#6642=DIRECTION('',(0.,0.,1.));
#6643=DIRECTION('',(0.,0.,-1.));
#6644=DIRECTION('',(-1.,0.,-3.44108086099338E-32));
#6645=DIRECTION('',(3.44108086099338E-32,-1.85967005799858E-16,-1.));
#6646=DIRECTION('',(0.,1.,-1.85967005799858E-16));
#6647=DIRECTION('',(1.85967005799858E-16,-1.,1.85967005799858E-16));
#6648=DIRECTION('',(-1.,0.,-3.44108086099338E-32));
#6649=DIRECTION('',(0.,-1.,0.));
#6650=DIRECTION('',(0.,0.,-1.));
#6651=DIRECTION('',(0.,0.,1.));
#6652=DIRECTION('',(0.,0.,-1.));
#6653=DIRECTION('',(-1.,0.,0.));
#6654=DIRECTION('',(0.,0.,1.));
#6655=DIRECTION('',(1.,0.,0.));
#6656=DIRECTION('',(0.,0.,1.));
#6657=DIRECTION('',(1.,0.,0.));
#6658=DIRECTION('',(0.,0.,1.));
#6659=DIRECTION('',(1.,0.,0.));
#6660=DIRECTION('',(0.,0.,1.));
#6661=DIRECTION('',(1.,0.,0.));
#6662=DIRECTION('',(0.,-1.,0.));
#6663=DIRECTION('',(0.,0.,-1.));
#6664=DIRECTION('',(0.,1.,0.));
#6665=DIRECTION('',(0.,0.,1.));
#6666=DIRECTION('',(0.,1.,0.));
#6667=DIRECTION('',(0.,0.,1.));
#6668=DIRECTION('',(0.,1.,0.));
#6669=DIRECTION('',(0.,0.,1.));
#6670=DIRECTION('',(0.,1.,0.));
#6671=DIRECTION('',(0.,0.,1.));
#6672=DIRECTION('',(0.,0.,1.));
#6673=DIRECTION('',(1.,0.,0.));
#6674=DIRECTION('',(0.,0.,-1.));
#6675=DIRECTION('',(-1.,0.,0.));
#6676=DIRECTION('',(0.,0.,-1.));
#6677=DIRECTION('',(-1.,0.,0.));
#6678=DIRECTION('',(0.,0.,-1.));
#6679=DIRECTION('',(-1.,0.,0.));
#6680=DIRECTION('',(0.,0.,-1.));
#6681=DIRECTION('',(-1.,0.,0.));
#6682=DIRECTION('',(0.,1.,0.));
#6683=DIRECTION('',(0.,0.,1.));
#6684=DIRECTION('',(0.,-1.,0.));
#6685=DIRECTION('',(0.,0.,-1.));
#6686=DIRECTION('',(0.,-1.,0.));
#6687=DIRECTION('',(0.,0.,-1.));
#6688=DIRECTION('',(0.,-1.,0.));
#6689=DIRECTION('',(0.,0.,-1.));
#6690=DIRECTION('',(0.,-1.,0.));
#6691=DIRECTION('',(0.,0.,-1.));
#6692=DIRECTION('',(1.,1.85967005799858E-16,0.));
#6693=DIRECTION('',(-1.85967005799858E-16,1.,0.));
#6694=DIRECTION('',(-1.,-1.85967005799858E-16,0.));
#6695=DIRECTION('',(1.85967005799858E-16,-1.,0.));
#6696=DIRECTION('',(-1.,-1.85967005799858E-16,0.));
#6697=DIRECTION('',(1.85967005799858E-16,-1.,0.));
#6698=DIRECTION('',(-1.,-1.85967005799858E-16,0.));
#6699=DIRECTION('',(1.85967005799858E-16,-1.,0.));
#6700=DIRECTION('',(-1.,-1.85967005799858E-16,0.));
#6701=DIRECTION('',(1.85967005799858E-16,-1.,0.));
#6702=DIRECTION('',(-1.,-1.85967005799858E-16,0.));
#6703=DIRECTION('',(1.85967005799858E-16,-1.,0.));
#6704=DIRECTION('',(1.,1.85967005799858E-16,0.));
#6705=DIRECTION('',(-1.85967005799858E-16,1.,0.));
#6706=DIRECTION('',(1.,1.85967005799858E-16,0.));
#6707=DIRECTION('',(-1.85967005799858E-16,1.,0.));
#6708=DIRECTION('',(1.,1.85967005799858E-16,0.));
#6709=DIRECTION('',(-1.85967005799858E-16,1.,0.));
#6710=DIRECTION('',(1.,1.85967005799858E-16,0.));
#6711=DIRECTION('',(-1.85967005799858E-16,1.,0.));
#6712=DIRECTION('',(-1.85967005799858E-16,1.,-1.85967005799858E-16));
#6713=DIRECTION('',(0.,0.,-1.));
#6714=DIRECTION('',(1.85967005799858E-16,-1.,1.2240406436436E-16));
#6715=DIRECTION('',(0.,0.,1.));
#6716=DIRECTION('',(0.,1.,0.));
#6717=DIRECTION('',(0.,0.,1.));
#6718=DIRECTION('',(1.,0.,3.44108086099338E-32));
#6719=DIRECTION('',(1.,0.,2.26493017608354E-32));
#6720=DIRECTION('',(-2.26493017608354E-32,1.2240406436436E-16,1.));
#6721=DIRECTION('',(0.,-1.,1.2240406436436E-16));
#6722=DIRECTION('',(1.,0.,2.26493017608354E-32));
#6723=DIRECTION('',(0.,-1.,0.));
#6724=DIRECTION('',(0.,0.,-1.));
#6725=DIRECTION('',(1.,0.,3.44108086099338E-32));
#6726=DIRECTION('',(3.44108086099338E-32,-1.85967005799858E-16,-1.));
#6727=DIRECTION('',(0.,1.,-1.85967005799858E-16));
#6728=DIRECTION('',(0.,0.,1.));
#6729=DIRECTION('',(1.,0.,0.));
#6730=DIRECTION('',(0.,0.,-1.));
#6731=DIRECTION('',(-1.,0.,0.));
#6732=DIRECTION('',(0.,0.,-1.));
#6733=DIRECTION('',(-1.,0.,0.));
#6734=DIRECTION('',(0.,0.,1.));
#6735=DIRECTION('',(1.,0.,0.));
#6736=DIRECTION('',(0.,0.,-1.));
#6737=DIRECTION('',(-1.,0.,0.));
#6738=DIRECTION('',(0.,0.,-1.));
#6739=DIRECTION('',(-1.,0.,0.));
#6740=DIRECTION('',(0.,0.,1.));
#6741=DIRECTION('',(1.,0.,0.));
#6742=DIRECTION('',(0.,0.,-1.));
#6743=DIRECTION('',(-1.,0.,0.));
#6744=DIRECTION('',(0.,0.,-1.));
#6745=DIRECTION('',(-1.,0.,0.));
#6746=DIRECTION('',(0.,0.,1.));
#6747=DIRECTION('',(1.,0.,0.));
#6748=DIRECTION('',(0.,0.,-1.));
#6749=DIRECTION('',(-1.,0.,0.));
#6750=DIRECTION('',(0.,0.,-1.));
#6751=DIRECTION('',(-1.,0.,0.));
#6752=DIRECTION('',(0.,0.,-1.));
#6753=DIRECTION('',(-1.,0.,0.));
#6754=DIRECTION('',(0.,0.,1.));
#6755=DIRECTION('',(1.,0.,0.));
#6756=DIRECTION('',(0.,0.,1.));
#6757=DIRECTION('',(1.,0.,0.));
#6758=DIRECTION('',(0.,0.,-1.));
#6759=DIRECTION('',(-1.,0.,0.));
#6760=DIRECTION('',(0.,0.,1.));
#6761=DIRECTION('',(1.,0.,0.));
#6762=DIRECTION('',(0.,0.,1.));
#6763=DIRECTION('',(1.,0.,0.));
#6764=DIRECTION('',(0.,0.,-1.));
#6765=DIRECTION('',(-1.,0.,0.));
#6766=DIRECTION('',(0.,0.,1.));
#6767=DIRECTION('',(1.,0.,0.));
#6768=DIRECTION('',(0.,0.,1.));
#6769=DIRECTION('',(1.,0.,0.));
#6770=DIRECTION('',(0.,0.,-1.));
#6771=DIRECTION('',(-1.,0.,0.));
#6772=DIRECTION('',(0.,0.,1.));
#6773=DIRECTION('',(1.,0.,0.));
#6774=DIRECTION('',(0.,0.,1.));
#6775=DIRECTION('',(1.,0.,0.));
#6776=DIRECTION('',(-1.,-1.85967005799858E-16,0.));
#6777=DIRECTION('',(1.85967005799858E-16,-1.,0.));
#6778=DIRECTION('',(1.,1.85967005799858E-16,0.));
#6779=DIRECTION('',(-1.85967005799858E-16,1.,0.));
#6780=DIRECTION('',(1.,1.85967005799858E-16,0.));
#6781=DIRECTION('',(-1.85967005799858E-16,1.,0.));
#6782=DIRECTION('',(-1.,-1.85967005799858E-16,0.));
#6783=DIRECTION('',(1.85967005799858E-16,-1.,0.));
#6784=DIRECTION('',(1.,1.85967005799858E-16,0.));
#6785=DIRECTION('',(-1.85967005799858E-16,1.,0.));
#6786=DIRECTION('',(1.,1.85967005799858E-16,0.));
#6787=DIRECTION('',(-1.85967005799858E-16,1.,0.));
#6788=DIRECTION('',(-1.,-1.85967005799858E-16,0.));
#6789=DIRECTION('',(1.85967005799858E-16,-1.,0.));
#6790=DIRECTION('',(1.,1.85967005799858E-16,0.));
#6791=DIRECTION('',(-1.85967005799858E-16,1.,0.));
#6792=DIRECTION('',(1.,1.85967005799858E-16,0.));
#6793=DIRECTION('',(-1.85967005799858E-16,1.,0.));
#6794=DIRECTION('',(-1.,-1.85967005799858E-16,0.));
#6795=DIRECTION('',(1.85967005799858E-16,-1.,0.));
#6796=DIRECTION('',(1.,1.85967005799858E-16,0.));
#6797=DIRECTION('',(-1.85967005799858E-16,1.,0.));
#6798=DIRECTION('',(1.,1.85967005799858E-16,0.));
#6799=DIRECTION('',(-1.85967005799858E-16,1.,0.));
#6800=DIRECTION('',(0.,-1.,0.));
#6801=DIRECTION('',(0.,0.,-1.));
#6802=DIRECTION('',(0.,1.,0.));
#6803=DIRECTION('',(0.,0.,1.));
#6804=DIRECTION('',(0.,1.,0.));
#6805=DIRECTION('',(0.,0.,1.));
#6806=DIRECTION('',(0.,-1.,0.));
#6807=DIRECTION('',(0.,0.,-1.));
#6808=DIRECTION('',(0.,1.,0.));
#6809=DIRECTION('',(0.,0.,1.));
#6810=DIRECTION('',(0.,1.,0.));
#6811=DIRECTION('',(0.,0.,1.));
#6812=DIRECTION('',(0.,-1.,0.));
#6813=DIRECTION('',(0.,0.,-1.));
#6814=DIRECTION('',(0.,1.,0.));
#6815=DIRECTION('',(0.,0.,1.));
#6816=DIRECTION('',(0.,1.,0.));
#6817=DIRECTION('',(0.,0.,1.));
#6818=DIRECTION('',(0.,-1.,0.));
#6819=DIRECTION('',(0.,0.,-1.));
#6820=DIRECTION('',(0.,1.,0.));
#6821=DIRECTION('',(0.,0.,1.));
#6822=DIRECTION('',(0.,1.,0.));
#6823=DIRECTION('',(0.,0.,1.));
#6824=DIRECTION('',(1.,1.85967005799858E-16,0.));
#6825=DIRECTION('',(-1.85967005799858E-16,1.,0.));
#6826=DIRECTION('',(-1.,-1.85967005799858E-16,0.));
#6827=DIRECTION('',(1.85967005799858E-16,-1.,0.));
#6828=DIRECTION('',(-1.,-1.85967005799858E-16,0.));
#6829=DIRECTION('',(1.85967005799858E-16,-1.,0.));
#6830=DIRECTION('',(1.,1.85967005799858E-16,0.));
#6831=DIRECTION('',(-1.85967005799858E-16,1.,0.));
#6832=DIRECTION('',(-1.,-1.85967005799858E-16,0.));
#6833=DIRECTION('',(1.85967005799858E-16,-1.,0.));
#6834=DIRECTION('',(-1.,-1.85967005799858E-16,0.));
#6835=DIRECTION('',(1.85967005799858E-16,-1.,0.));
#6836=DIRECTION('',(1.,1.85967005799858E-16,0.));
#6837=DIRECTION('',(-1.85967005799858E-16,1.,0.));
#6838=DIRECTION('',(-1.,-1.85967005799858E-16,0.));
#6839=DIRECTION('',(1.85967005799858E-16,-1.,0.));
#6840=DIRECTION('',(-1.,-1.85967005799858E-16,0.));
#6841=DIRECTION('',(1.85967005799858E-16,-1.,0.));
#6842=DIRECTION('',(1.,1.85967005799858E-16,0.));
#6843=DIRECTION('',(-1.85967005799858E-16,1.,0.));
#6844=DIRECTION('',(-1.,-1.85967005799858E-16,0.));
#6845=DIRECTION('',(1.85967005799858E-16,-1.,0.));
#6846=DIRECTION('',(-1.,-1.85967005799858E-16,0.));
#6847=DIRECTION('',(1.85967005799858E-16,-1.,0.));
#6848=DIRECTION('',(0.,1.,0.));
#6849=DIRECTION('',(0.,0.,1.));
#6850=DIRECTION('',(0.,-1.,0.));
#6851=DIRECTION('',(0.,0.,-1.));
#6852=DIRECTION('',(0.,-1.,0.));
#6853=DIRECTION('',(0.,0.,-1.));
#6854=DIRECTION('',(0.,1.,0.));
#6855=DIRECTION('',(0.,0.,1.));
#6856=DIRECTION('',(0.,-1.,0.));
#6857=DIRECTION('',(0.,0.,-1.));
#6858=DIRECTION('',(0.,-1.,0.));
#6859=DIRECTION('',(0.,0.,-1.));
#6860=DIRECTION('',(0.,1.,0.));
#6861=DIRECTION('',(0.,0.,1.));
#6862=DIRECTION('',(0.,-1.,0.));
#6863=DIRECTION('',(0.,0.,-1.));
#6864=DIRECTION('',(0.,-1.,0.));
#6865=DIRECTION('',(0.,0.,-1.));
#6866=DIRECTION('',(0.,1.,0.));
#6867=DIRECTION('',(0.,0.,1.));
#6868=DIRECTION('',(0.,-1.,0.));
#6869=DIRECTION('',(0.,0.,-1.));
#6870=DIRECTION('',(0.,-1.,0.));
#6871=DIRECTION('',(0.,0.,-1.));
#6872=DIRECTION('',(-1.,-1.85967005799858E-16,0.));
#6873=DIRECTION('',(1.85967005799858E-16,-1.,0.));
#6874=DIRECTION('',(2.68856954857099E-16,-1.,-3.36071193571374E-17));
#6875=DIRECTION('',(-1.,-1.85037170770859E-16,0.));
#6876=DIRECTION('',(0.,1.,0.));
#6877=DIRECTION('',(0.,0.,-1.));
#6878=DIRECTION('',(-1.,-1.85037170770859E-16,0.));
#6879=DIRECTION('',(0.,1.,0.));
#6880=DIRECTION('',(-1.85967005799858E-16,1.,1.34794239788252E-16));
#6881=DIRECTION('',(0.,4.18393287060984E-17,1.));
#6882=DIRECTION('',(-1.,-1.85967005799858E-16,0.));
#6883=DIRECTION('',(1.85967005799858E-16,-1.,0.));
#6884=DIRECTION('',(0.,5.37116797279247E-17,1.));
#6885=DIRECTION('',(-1.,-1.85037170770859E-16,0.));
#6886=DIRECTION('',(0.,-1.,0.));
#6887=DIRECTION('',(1.85967005799858E-16,-1.,0.));
#6888=DIRECTION('',(-1.,-1.85037170770859E-16,0.));
#6889=DIRECTION('',(0.,-1.,0.));
#6890=DIRECTION('',(0.,-1.1115138221529E-16,-1.));
#6891=DIRECTION('',(-1.,-1.85037170770859E-16,0.));
#6892=DIRECTION('',(0.,-1.,0.));
#6893=DIRECTION('',(-1.85967005799858E-16,1.,0.));
#6894=DIRECTION('',(-1.,-1.85037170770859E-16,0.));
#6895=DIRECTION('',(0.,-1.,0.));
#6896=DIRECTION('',(-1.,-1.85967005799858E-16,0.));
#6897=DIRECTION('',(1.85967005799858E-16,-1.,0.));
#6898=DIRECTION('',(0.,0.,1.));
#6899=DIRECTION('',(-1.,-1.85037170770859E-16,0.));
#6900=DIRECTION('',(0.,-1.,0.));
#6901=DIRECTION('',(2.69588479576504E-16,-1.,0.));
#6902=DIRECTION('',(0.,1.24026285703385E-16,-1.));
#6903=DIRECTION('',(-2.69588479576504E-16,1.,1.34794239788252E-16));
#6904=DIRECTION('',(-1.,-1.85037170770859E-16,0.));
#6905=DIRECTION('',(0.,-1.,0.));
#6906=DIRECTION('',(1.,1.85967005799858E-16,0.));
#6907=DIRECTION('',(-1.85967005799858E-16,1.,0.));
#6908=DIRECTION('',(-1.,-1.85037170770859E-16,0.));
#6909=DIRECTION('',(0.,1.,0.));
#6910=DIRECTION('',(0.,0.,-1.));
#6911=DIRECTION('',(-1.,-1.85037170770859E-16,0.));
#6912=DIRECTION('',(0.,1.,0.));
#6913=DIRECTION('',(2.68856954857099E-16,-1.,-3.36071193571374E-17));
#6914=DIRECTION('',(0.,4.18393287060984E-17,1.));
#6915=DIRECTION('',(-1.85967005799858E-16,1.,1.34794239788252E-16));
#6916=DIRECTION('',(1.,1.85967005799858E-16,0.));
#6917=DIRECTION('',(-1.85967005799858E-16,1.,0.));
#6918=DIRECTION('',(-1.,-1.85037170770859E-16,0.));
#6919=DIRECTION('',(0.,-1.,0.));
#6920=DIRECTION('',(1.85967005799858E-16,-1.,0.));
#6921=DIRECTION('',(-1.,-1.85037170770859E-16,0.));
#6922=DIRECTION('',(0.,-1.,0.));
#6923=DIRECTION('',(0.,5.37116797279247E-17,1.));
#6924=DIRECTION('',(-1.,-1.85037170770859E-16,0.));
#6925=DIRECTION('',(0.,-1.,0.));
#6926=DIRECTION('',(-1.85967005799858E-16,1.,0.));
#6927=DIRECTION('',(-1.,-1.85037170770859E-16,0.));
#6928=DIRECTION('',(0.,-1.,0.));
#6929=DIRECTION('',(0.,-1.1115138221529E-16,-1.));
#6930=DIRECTION('',(1.,1.85967005799858E-16,0.));
#6931=DIRECTION('',(-1.85967005799858E-16,1.,0.));
#6932=DIRECTION('',(0.,1.24026285703385E-16,-1.));
#6933=DIRECTION('',(2.69588479576504E-16,-1.,0.));
#6934=DIRECTION('',(-1.,-1.85037170770859E-16,0.));
#6935=DIRECTION('',(0.,-1.,0.));
#6936=DIRECTION('',(0.,0.,1.));
#6937=DIRECTION('',(-1.,-1.85037170770859E-16,0.));
#6938=DIRECTION('',(0.,-1.,0.));
#6939=DIRECTION('',(-2.69588479576504E-16,1.,1.34794239788252E-16));
#6940=DIRECTION('',(0.,-1.,0.));
#6941=DIRECTION('',(0.,0.,-1.));
#6942=DIRECTION('',(0.,0.,-1.));
#6943=DIRECTION('',(0.,-1.,0.));
#6944=DIRECTION('',(0.,0.,-1.));
#6945=DIRECTION('',(-1.,0.,-2.32060313240803E-16));
#6946=DIRECTION('',(0.,0.,1.));
#6947=DIRECTION('',(1.,0.,0.));
#6948=DIRECTION('',(0.,-1.,0.));
#6949=DIRECTION('',(0.,0.,-1.));
#6950=DIRECTION('',(0.,-1.,0.));
#6951=DIRECTION('',(0.,0.,-1.));
#6952=DIRECTION('',(1.44406684452008E-16,0.,-1.));
#6953=DIRECTION('',(0.,-1.,0.));
#6954=DIRECTION('',(0.,0.,-1.));
#6955=DIRECTION('',(-1.,0.,0.));
#6956=DIRECTION('',(0.,-1.,0.));
#6957=DIRECTION('',(0.,0.,1.));
#6958=DIRECTION('',(1.44406684452008E-16,0.,1.));
#6959=DIRECTION('',(0.,-1.,0.));
#6960=DIRECTION('',(0.,0.,1.));
#6961=DIRECTION('',(1.,0.,0.));
#6962=DIRECTION('',(0.,-1.,0.));
#6963=DIRECTION('',(0.,0.,-1.));
#6964=DIRECTION('',(0.,-1.,0.));
#6965=DIRECTION('',(0.,0.,-1.));
#6966=DIRECTION('',(1.,0.,0.));
#6967=DIRECTION('',(0.,0.,-1.));
#6968=DIRECTION('',(-1.,0.,2.32060313240803E-16));
#6969=DIRECTION('',(0.,-1.,0.));
#6970=DIRECTION('',(0.,0.,1.));
#6971=DIRECTION('',(0.,0.,1.));
#6972=DIRECTION('',(0.,-1.,0.));
#6973=DIRECTION('',(0.,0.,1.));
#6974=DIRECTION('',(0.,1.,0.));
#6975=DIRECTION('',(0.,0.,1.));
#6976=DIRECTION('',(0.,0.,1.));
#6977=DIRECTION('',(-1.,0.,-2.32060313240803E-16));
#6978=DIRECTION('',(0.,-1.,0.));
#6979=DIRECTION('',(0.,0.,-1.));
#6980=DIRECTION('',(0.,0.,-1.));
#6981=DIRECTION('',(0.,-1.,0.));
#6982=DIRECTION('',(0.,0.,-1.));
#6983=DIRECTION('',(1.,0.,0.));
#6984=DIRECTION('',(0.,1.,0.));
#6985=DIRECTION('',(0.,0.,1.));
#6986=DIRECTION('',(0.,-1.,0.));
#6987=DIRECTION('',(0.,0.,1.));
#6988=DIRECTION('',(-1.,0.,0.));
#6989=DIRECTION('',(0.,-1.,0.));
#6990=DIRECTION('',(0.,0.,-1.));
#6991=DIRECTION('',(1.44406684452008E-16,0.,-1.));
#6992=DIRECTION('',(0.,-1.,0.));
#6993=DIRECTION('',(0.,0.,-1.));
#6994=DIRECTION('',(1.,0.,0.));
#6995=DIRECTION('',(0.,-1.,0.));
#6996=DIRECTION('',(0.,0.,1.));
#6997=DIRECTION('',(1.44406684452008E-16,0.,1.));
#6998=DIRECTION('',(0.,1.,0.));
#6999=DIRECTION('',(0.,0.,1.));
#7000=DIRECTION('',(0.,-1.,0.));
#7001=DIRECTION('',(0.,0.,1.));
#7002=DIRECTION('',(-1.,0.,2.32060313240803E-16));
#7003=DIRECTION('',(0.,0.,-1.));
#7004=DIRECTION('',(1.,0.,0.));
#7005=DIRECTION('',(0.,-1.,0.));
#7006=DIRECTION('',(0.,0.,1.));
#7007=DIRECTION('',(0.,0.,1.));
#7008=DIRECTION('',(0.,0.,-1.));
#7009=DIRECTION('',(-1.,0.,0.));
#7010=DIRECTION('',(-1.,0.,0.));
#7011=DIRECTION('',(0.,0.,-1.));
#7012=DIRECTION('',(-1.,0.,0.));
#7013=DIRECTION('',(0.398761019643601,-0.917054877972303,0.));
#7014=DIRECTION('',(0.,0.,-1.));
#7015=DIRECTION('',(-1.,0.,0.));
#7016=DIRECTION('',(0.377789453180376,0.925891532019638,0.));
#7017=DIRECTION('',(0.,0.,-1.));
#7018=DIRECTION('',(-1.,0.,0.));
#7019=DIRECTION('',(0.,0.,-1.));
#7020=DIRECTION('',(-1.,0.,0.));
#7021=DIRECTION('',(0.,1.,0.));
#7022=DIRECTION('',(0.,0.,-1.));
#7023=DIRECTION('',(1.,0.,0.));
#7024=DIRECTION('',(-0.702822966154173,-0.711364799695803,0.));
#7025=DIRECTION('',(0.,0.,-1.));
#7026=DIRECTION('',(1.,0.,0.));
#7027=DIRECTION('',(0.668623023919735,-0.743601541071849,0.));
#7028=DIRECTION('',(0.,0.,-1.));
#7029=DIRECTION('',(-1.,0.,0.));
#7030=DIRECTION('',(0.,0.,-1.));
#7031=DIRECTION('',(-1.,0.,0.));
#7032=DIRECTION('',(-2.14174497613693E-16,-1.,0.));
#7033=DIRECTION('',(0.,0.,-1.));
#7034=DIRECTION('',(1.,0.,0.));
#7035=DIRECTION('',(0.668623023919735,0.743601541071849,0.));
#7036=DIRECTION('',(0.,0.,-1.));
#7037=DIRECTION('',(-1.,0.,0.));
#7038=DIRECTION('',(-0.702822966154173,0.711364799695804,0.));
#7039=DIRECTION('',(0.,0.,-1.));
#7040=DIRECTION('',(-1.,0.,0.));
#7041=DIRECTION('',(0.,0.,-1.));
#7042=DIRECTION('',(-1.,0.,0.));
#7043=DIRECTION('',(-0.398761019643601,-0.917054877972303,0.));
#7044=DIRECTION('',(0.,0.,-1.));
#7045=DIRECTION('',(1.,0.,0.));
#7046=DIRECTION('',(1.,0.,0.));
#7047=DIRECTION('',(0.,0.,-1.));
#7048=DIRECTION('',(1.,0.,0.));
#7049=DIRECTION('',(-0.377789453180376,0.925891532019638,0.));
#7050=DIRECTION('',(0.,0.,-1.));
#7051=DIRECTION('',(1.,0.,0.));
#7052=DIRECTION('',(0.,0.,1.));
#7053=DIRECTION('',(1.,0.,0.));
#7054=DIRECTION('',(0.398761019643601,-0.917054877972303,0.));
#7055=DIRECTION('',(0.,0.,-1.));
#7056=DIRECTION('',(-1.,0.,0.));
#7057=DIRECTION('',(-1.,0.,0.));
#7058=DIRECTION('',(0.,0.,-1.));
#7059=DIRECTION('',(-1.,0.,0.));
#7060=DIRECTION('',(0.377789453180376,0.925891532019638,0.));
#7061=DIRECTION('',(0.,0.,-1.));
#7062=DIRECTION('',(-1.,0.,0.));
#7063=DIRECTION('',(0.,0.,1.));
#7064=DIRECTION('',(1.,0.,0.));
#7065=DIRECTION('',(-0.702822966154173,-0.711364799695803,0.));
#7066=DIRECTION('',(0.,0.,-1.));
#7067=DIRECTION('',(1.,0.,0.));
#7068=DIRECTION('',(0.,1.,0.));
#7069=DIRECTION('',(0.,0.,-1.));
#7070=DIRECTION('',(-1.,0.,0.));
#7071=DIRECTION('',(0.668623023919735,-0.743601541071849,0.));
#7072=DIRECTION('',(0.,0.,-1.));
#7073=DIRECTION('',(1.,0.,0.));
#7074=DIRECTION('',(0.,0.,1.));
#7075=DIRECTION('',(1.,0.,0.));
#7076=DIRECTION('',(0.668623023919735,0.743601541071849,0.));
#7077=DIRECTION('',(0.,0.,-1.));
#7078=DIRECTION('',(1.,0.,0.));
#7079=DIRECTION('',(-2.14174497613693E-16,-1.,0.));
#7080=DIRECTION('',(0.,0.,-1.));
#7081=DIRECTION('',(-1.,0.,0.));
#7082=DIRECTION('',(-0.702822966154173,0.711364799695804,0.));
#7083=DIRECTION('',(0.,0.,-1.));
#7084=DIRECTION('',(-1.,0.,0.));
#7085=DIRECTION('',(0.,0.,1.));
#7086=DIRECTION('',(1.,0.,0.));
#7087=DIRECTION('',(1.,0.,0.));
#7088=DIRECTION('',(0.,0.,-1.));
#7089=DIRECTION('',(1.,0.,0.));
#7090=DIRECTION('',(-0.398761019643601,-0.917054877972303,0.));
#7091=DIRECTION('',(0.,0.,-1.));
#7092=DIRECTION('',(1.,0.,0.));
#7093=DIRECTION('',(-0.377789453180376,0.925891532019638,0.));
#7094=DIRECTION('',(0.,0.,-1.));
#7095=DIRECTION('',(1.,0.,0.));
#7096=DIRECTION('',(1.,1.85037170770859E-16,0.));
#7097=DIRECTION('',(-1.85037170770859E-16,1.,0.));
#7098=DIRECTION('',(0.,0.,-1.));
#7099=DIRECTION('',(0.,-1.,0.));
#7100=DIRECTION('',(0.,-1.,0.));
#7101=DIRECTION('',(1.,0.,0.));
#7102=DIRECTION('',(0.,0.,-1.));
#7103=DIRECTION('',(0.,0.,1.));
#7104=DIRECTION('',(0.,-1.,0.));
#7105=DIRECTION('',(0.,-1.,0.));
#7106=DIRECTION('',(0.,-1.,0.));
#7107=DIRECTION('',(0.,0.,-1.));
#7108=DIRECTION('',(0.,-1.,0.));
#7109=DIRECTION('',(0.,0.,-1.));
#7110=DIRECTION('',(0.,-1.,0.));
#7111=DIRECTION('',(0.,-1.,0.));
#7112=DIRECTION('',(0.,0.,-1.));
#7113=DIRECTION('',(0.,-1.,0.));
#7114=DIRECTION('',(0.,0.,-1.));
#7115=DIRECTION('',(0.,-1.,0.));
#7116=DIRECTION('',(-1.,0.,-1.44406684452008E-16));
#7117=DIRECTION('',(-1.44406684452008E-16,0.,1.));
#7118=DIRECTION('',(1.44406684452008E-16,0.,-1.));
#7119=DIRECTION('',(0.,-1.,0.));
#7120=DIRECTION('',(0.,-1.,0.));
#7121=DIRECTION('',(0.,-1.,0.));
#7122=DIRECTION('',(0.,0.,-1.));
#7123=DIRECTION('',(0.,-1.,0.));
#7124=DIRECTION('',(0.,0.,-1.));
#7125=DIRECTION('',(0.,-1.,0.));
#7126=DIRECTION('',(0.,-1.,0.));
#7127=DIRECTION('',(0.,0.,-1.));
#7128=DIRECTION('',(0.,-1.,0.));
#7129=DIRECTION('',(0.,0.,-1.));
#7130=DIRECTION('',(0.,-1.,0.));
#7131=DIRECTION('',(0.,-1.,0.));
#7132=DIRECTION('',(1.,0.,-1.44406684452008E-16));
#7133=DIRECTION('',(-1.44406684452008E-16,0.,-1.));
#7134=DIRECTION('',(1.44406684452008E-16,0.,1.));
#7135=DIRECTION('',(0.,-1.,0.));
#7136=DIRECTION('',(0.,-1.,0.));
#7137=DIRECTION('',(0.,0.,-1.));
#7138=DIRECTION('',(0.,-1.,0.));
#7139=DIRECTION('',(0.,0.,-1.));
#7140=DIRECTION('',(0.,-1.,0.));
#7141=DIRECTION('',(0.,-1.,0.));
#7142=DIRECTION('',(0.,0.,-1.));
#7143=DIRECTION('',(0.,-1.,0.));
#7144=DIRECTION('',(0.,0.,-1.));
#7145=DIRECTION('',(0.,-1.,0.));
#7146=DIRECTION('',(0.,0.,1.));
#7147=DIRECTION('',(1.,0.,0.));
#7148=DIRECTION('',(1.,0.,0.));
#7149=DIRECTION('',(0.,0.,1.));
#7150=DIRECTION('',(1.,0.,0.));
#7151=DIRECTION('',(-1.,0.,0.));
#7152=DIRECTION('',(-1.,-1.85037170770859E-16,0.));
#7153=DIRECTION('',(1.85037170770859E-16,-1.,0.));
#7154=DIRECTION('',(0.,0.,1.));
#7155=DIRECTION('',(0.,-1.,0.));
#7156=DIRECTION('',(0.,-1.,0.));
#7157=DIRECTION('',(-1.,0.,0.));
#7158=DIRECTION('',(0.,0.,1.));
#7159=DIRECTION('',(0.,0.,-1.));
#7160=DIRECTION('',(0.,-1.,0.));
#7161=DIRECTION('',(0.,-1.,0.));
#7162=DIRECTION('',(0.,-1.,0.));
#7163=DIRECTION('',(0.,0.,-1.));
#7164=DIRECTION('',(0.,-1.,0.));
#7165=DIRECTION('',(0.,0.,-1.));
#7166=DIRECTION('',(0.,-1.,0.));
#7167=DIRECTION('',(0.,-1.,0.));
#7168=DIRECTION('',(0.,0.,-1.));
#7169=DIRECTION('',(0.,-1.,0.));
#7170=DIRECTION('',(0.,0.,-1.));
#7171=DIRECTION('',(0.,-1.,0.));
#7172=DIRECTION('',(0.,-1.,0.));
#7173=DIRECTION('',(0.,0.,-1.));
#7174=DIRECTION('',(0.,1.,0.));
#7175=DIRECTION('',(0.,0.,1.));
#7176=DIRECTION('',(0.,-1.,0.));
#7177=DIRECTION('',(0.,-1.,0.));
#7178=DIRECTION('',(1.,0.,0.));
#7179=DIRECTION('',(0.,0.,-1.));
#7180=DIRECTION('',(0.,-1.,0.));
#7181=DIRECTION('',(0.,-1.,0.));
#7182=DIRECTION('',(0.,0.,1.));
#7183=DIRECTION('',(0.,-1.,0.));
#7184=DIRECTION('',(0.,0.,-1.));
#7185=DIRECTION('',(0.,1.,0.));
#7186=DIRECTION('',(0.,0.,1.));
#7187=DIRECTION('',(0.,-1.,0.));
#7188=DIRECTION('',(0.,-1.,0.));
#7189=DIRECTION('',(1.,1.85037170770859E-16,0.));
#7190=DIRECTION('',(-1.85037170770859E-16,1.,0.));
#7191=DIRECTION('',(0.,0.,1.));
#7192=DIRECTION('',(0.,-1.,0.));
#7193=DIRECTION('',(0.,0.,-1.));
#7194=DIRECTION('',(0.,-1.,0.));
#7195=DIRECTION('',(0.,-1.,0.));
#7196=DIRECTION('',(0.,-1.,0.));
#7197=DIRECTION('',(0.,0.,-1.));
#7198=DIRECTION('',(0.,0.,1.));
#7199=DIRECTION('',(1.,0.,0.));
#7200=DIRECTION('',(0.,-1.,0.));
#7201=DIRECTION('',(-1.,0.,0.));
#7202=DIRECTION('',(0.,-1.,0.));
#7203=DIRECTION('',(0.,0.,-1.));
#7204=DIRECTION('',(0.,-1.,0.));
#7205=DIRECTION('',(0.,-1.,0.));
#7206=DIRECTION('',(0.,0.,-1.));
#7207=DIRECTION('',(1.,0.,-1.44406684452008E-16));
#7208=DIRECTION('',(-1.44406684452008E-16,0.,-1.));
#7209=DIRECTION('',(0.,-1.,0.));
#7210=DIRECTION('',(1.44406684452008E-16,0.,1.));
#7211=DIRECTION('',(0.,-1.,0.));
#7212=DIRECTION('',(0.,0.,-1.));
#7213=DIRECTION('',(0.,-1.,0.));
#7214=DIRECTION('',(0.,-1.,0.));
#7215=DIRECTION('',(0.,0.,-1.));
#7216=DIRECTION('',(0.,0.,1.));
#7217=DIRECTION('',(1.,0.,0.));
#7218=DIRECTION('',(0.,-1.,0.));
#7219=DIRECTION('',(1.,0.,0.));
#7220=DIRECTION('',(0.,-1.,0.));
#7221=DIRECTION('',(0.,0.,-1.));
#7222=DIRECTION('',(0.,-1.,0.));
#7223=DIRECTION('',(0.,-1.,0.));
#7224=DIRECTION('',(0.,0.,-1.));
#7225=DIRECTION('',(-1.,0.,-1.44406684452008E-16));
#7226=DIRECTION('',(-1.44406684452008E-16,0.,1.));
#7227=DIRECTION('',(1.44406684452008E-16,0.,-1.));
#7228=DIRECTION('',(-1.,0.,0.));
#7229=DIRECTION('',(0.,0.,1.));
#7230=DIRECTION('',(0.,-1.,0.));
#7231=DIRECTION('',(0.,-1.,0.));
#7232=DIRECTION('',(0.,0.,-1.));
#7233=DIRECTION('',(0.,-1.,0.));
#7234=DIRECTION('',(0.,0.,-1.));
#7235=DIRECTION('',(0.,1.,0.));
#7236=DIRECTION('',(0.,0.,1.));
#7237=DIRECTION('',(0.,-1.,0.));
#7238=DIRECTION('',(0.,-1.,0.));
#7239=DIRECTION('',(-1.,-1.85037170770859E-16,0.));
#7240=DIRECTION('',(1.85037170770859E-16,-1.,0.));
#7241=DIRECTION('',(0.,0.,-1.));
#7242=DIRECTION('',(0.,-1.,0.));
#7243=DIRECTION('',(0.,-1.,0.));
#7244=DIRECTION('',(0.,0.,-1.));
#7245=DIRECTION('',(0.,1.,0.));
#7246=DIRECTION('',(0.,0.,1.));
#7247=DIRECTION('',(0.,-1.,0.));
#7248=DIRECTION('',(1.85037170770859E-16,-1.,4.18393287060984E-17));
#7249=DIRECTION('',(1.,1.85037170770859E-16,0.));
#7250=DIRECTION('',(-1.,-1.85037170770859E-16,5.47382212626882E-48));
#7251=DIRECTION('',(3.76206031497994E-17,4.18393287060984E-17,1.));
#7252=DIRECTION('',(1.,1.85037170770859E-16,0.));
#7253=DIRECTION('',(-1.81929062009215E-17,-4.18393287060984E-17,-1.));
#7254=DIRECTION('',(1.85037170770859E-16,-1.,4.18393287060984E-17));
#7255=DIRECTION('',(1.,1.85037170770859E-16,0.));
#7256=DIRECTION('',(-7.74183101072846E-33,4.18393287060984E-17,1.));
#7257=DIRECTION('',(-1.,-1.85037170770859E-16,5.47382212626882E-48));
#7258=DIRECTION('',(-1.,-1.85037170770859E-16,0.));
#7259=DIRECTION('',(2.4941944766627E-32,-1.34794239788252E-16,1.));
#7260=DIRECTION('',(0.,-1.,-1.34794239788252E-16));
#7261=DIRECTION('',(-1.,-1.85037170770859E-16,0.));
#7262=DIRECTION('',(-1.85037170770859E-16,1.,1.34794239788252E-16));
#7263=DIRECTION('',(-2.4941944766627E-32,1.34794239788252E-16,-1.));
#7264=DIRECTION('',(0.,-1.,-1.34794239788252E-16));
#7265=DIRECTION('',(0.668623023919735,0.743601541071849,1.00233204434153E-16));
#7266=DIRECTION('',(-0.398761019643601,-0.917054877972303,-1.23613715120385E-16));
#7267=DIRECTION('',(-2.4941944766627E-32,1.34794239788252E-16,-1.));
#7268=DIRECTION('',(0.,-1.,-1.34794239788252E-16));
#7269=DIRECTION('',(-1.,-1.85037170770859E-16,0.));
#7270=DIRECTION('',(0.,-1.,0.));
#7271=DIRECTION('',(-1.,-1.85037170770859E-16,0.));
#7272=DIRECTION('',(0.,-1.,0.));
#7273=DIRECTION('',(-1.,-1.85037170770859E-16,0.));
#7274=DIRECTION('',(-1.,-1.85037170770859E-16,0.));
#7275=DIRECTION('',(-1.,-1.85037170770859E-16,0.));
#7276=DIRECTION('',(0.,-1.,0.));
#7277=DIRECTION('',(-1.,-1.85037170770859E-16,0.));
#7278=DIRECTION('',(0.,-1.,0.));
#7279=DIRECTION('',(-1.,-1.85037170770859E-16,0.));
#7280=DIRECTION('',(-1.,-1.85037170770859E-16,0.));
#7281=DIRECTION('',(1.85037170770859E-16,-1.,5.37116797279247E-17));
#7282=DIRECTION('',(1.,1.85037170770859E-16,0.));
#7283=DIRECTION('',(-9.93865725420571E-33,5.37116797279247E-17,1.));
#7284=DIRECTION('',(-1.,-1.85037170770859E-16,0.));
#7285=DIRECTION('',(-1.,-1.85037170770859E-16,0.));
#7286=DIRECTION('',(-1.,-1.85037170770859E-16,0.));
#7287=DIRECTION('',(0.,-1.,0.));
#7288=DIRECTION('',(-1.,-1.85037170770859E-16,0.));
#7289=DIRECTION('',(0.,-1.,0.));
#7290=DIRECTION('',(-1.,-1.85037170770859E-16,0.));
#7291=DIRECTION('',(0.,0.,1.));
#7292=DIRECTION('',(1.,0.,0.));
#7293=DIRECTION('',(-1.85037170770859E-16,1.,0.));
#7294=DIRECTION('',(-1.,-1.85037170770859E-16,0.));
#7295=DIRECTION('',(-1.,-1.85037170770859E-16,0.));
#7296=DIRECTION('',(0.,-1.,0.));
#7297=DIRECTION('',(-1.,-1.85037170770859E-16,0.));
#7298=DIRECTION('',(0.,-1.,0.));
#7299=DIRECTION('',(-1.,-1.85037170770859E-16,0.));
#7300=DIRECTION('',(-1.85037170770859E-16,1.,-1.1115138221529E-16));
#7301=DIRECTION('',(-1.,-1.85037170770859E-16,0.));
#7302=DIRECTION('',(2.05671372923877E-32,-1.1115138221529E-16,-1.));
#7303=DIRECTION('',(-1.,-1.85037170770859E-16,0.));
#7304=DIRECTION('',(-1.,-1.85037170770859E-16,0.));
#7305=DIRECTION('',(0.,-1.,0.));
#7306=DIRECTION('',(-1.,-1.85037170770859E-16,0.));
#7307=DIRECTION('',(0.,-1.,0.));
#7308=DIRECTION('',(-1.,-1.85037170770859E-16,0.));
#7309=DIRECTION('',(0.,0.,1.));
#7310=DIRECTION('',(1.,0.,0.));
#7311=DIRECTION('',(1.85037170770859E-16,-1.,0.));
#7312=DIRECTION('',(-1.,-1.85037170770859E-16,0.));
#7313=DIRECTION('',(-1.,-1.85037170770859E-16,0.));
#7314=DIRECTION('',(0.,-1.,0.));
#7315=DIRECTION('',(-1.,-1.85037170770859E-16,0.));
#7316=DIRECTION('',(0.,-1.,0.));
#7317=DIRECTION('',(-1.,-1.85037170770859E-16,0.));
#7318=DIRECTION('',(0.,-1.,0.));
#7319=DIRECTION('',(-1.,-1.85037170770859E-16,0.));
#7320=DIRECTION('',(0.,-1.,0.));
#7321=DIRECTION('',(1.,1.85037170770859E-16,0.));
#7322=DIRECTION('',(-1.,-1.85037170770859E-16,0.));
#7323=DIRECTION('',(-1.,-1.85037170770859E-16,0.));
#7324=DIRECTION('',(2.4941944766627E-32,-1.34794239788252E-16,1.));
#7325=DIRECTION('',(0.,-1.,-1.34794239788252E-16));
#7326=DIRECTION('',(0.398761019643601,-0.917054877972303,-1.23613715120385E-16));
#7327=DIRECTION('',(-1.,-1.85037170770859E-16,0.));
#7328=DIRECTION('',(-0.702822966154173,0.711364799695803,9.58878773871182E-17));
#7329=DIRECTION('',(-2.4941944766627E-32,1.34794239788252E-16,-1.));
#7330=DIRECTION('',(0.,-1.,0.));
#7331=DIRECTION('',(-1.85037170770859E-16,1.,1.34794239788252E-16));
#7332=DIRECTION('',(-1.,-1.85037170770859E-16,0.));
#7333=DIRECTION('',(-2.4941944766627E-32,1.34794239788252E-16,-1.));
#7334=DIRECTION('',(0.,-1.,0.));
#7335=DIRECTION('',(-1.85037170770859E-16,1.,1.24026285703385E-16));
#7336=DIRECTION('',(-1.,-1.85037170770859E-16,0.));
#7337=DIRECTION('',(-1.,-1.85037170770859E-16,0.));
#7338=DIRECTION('',(-1.22537019032167E-16,1.24026285703385E-16,-1.));
#7339=DIRECTION('',(5.39300856880499E-17,-1.24026285703385E-16,1.));
#7340=DIRECTION('',(-1.85037170770859E-16,1.,1.24026285703385E-16));
#7341=DIRECTION('',(-1.,-1.85037170770859E-16,0.));
#7342=DIRECTION('',(-1.,-1.85037170770859E-16,0.));
#7343=DIRECTION('',(5.39300856880499E-17,-1.24026285703385E-16,1.));
#7344=DIRECTION('',(-1.,-1.85037170770859E-16,0.));
#7345=DIRECTION('',(-1.22537019032167E-16,1.24026285703385E-16,-1.));
#7346=DIRECTION('',(-1.85037170770859E-16,1.,1.24026285703385E-16));
#7347=DIRECTION('',(-1.,-1.85037170770859E-16,0.));
#7348=DIRECTION('',(-2.29494730077727E-32,1.24026285703385E-16,-1.));
#7349=DIRECTION('',(-1.,-1.85037170770859E-16,0.));
#7350=DIRECTION('',(0.,0.,-1.));
#7351=DIRECTION('',(-1.,0.,0.));
#7352=DIRECTION('',(1.85037170770859E-16,-1.,0.));
#7353=DIRECTION('',(0.,0.,1.));
#7354=DIRECTION('',(-1.,0.,0.));
#7355=DIRECTION('',(0.702822966154173,-0.711364799695803,0.));
#7356=DIRECTION('',(-0.398761019643601,0.917054877972303,0.));
#7357=DIRECTION('',(0.,0.,1.));
#7358=DIRECTION('',(-1.,2.26208126514027E-15,0.));
#7359=DIRECTION('',(-1.,-1.85037170770859E-16,0.));
#7360=DIRECTION('',(-1.,-1.85037170770859E-16,0.));
#7361=DIRECTION('',(0.,-1.,0.));
#7362=DIRECTION('',(-1.,-1.85037170770859E-16,0.));
#7363=DIRECTION('',(0.,-1.,0.));
#7364=DIRECTION('',(-1.,-1.85037170770859E-16,0.));
#7365=DIRECTION('',(1.,1.85037170770859E-16,0.));
#7366=DIRECTION('',(1.85037170770859E-16,-1.,4.18393287060984E-17));
#7367=DIRECTION('',(1.,1.85037170770859E-16,0.));
#7368=DIRECTION('',(1.,1.85037170770859E-16,0.));
#7369=DIRECTION('',(3.76206031497994E-17,-4.18393287060984E-17,-1.));
#7370=DIRECTION('',(-1.,-1.85037170770859E-16,5.47382212626882E-48));
#7371=DIRECTION('',(-1.70716078143975E-17,4.18393287060984E-17,1.));
#7372=DIRECTION('',(-1.,-1.85037170770859E-16,0.));
#7373=DIRECTION('',(0.,-1.,0.));
#7374=DIRECTION('',(1.,1.85037170770859E-16,0.));
#7375=DIRECTION('',(0.,1.,0.));
#7376=DIRECTION('',(-1.,-1.85037170770859E-16,0.));
#7377=DIRECTION('',(-1.,-1.85037170770859E-16,0.));
#7378=DIRECTION('',(-1.,-1.85037170770859E-16,0.));
#7379=DIRECTION('',(0.,-1.,0.));
#7380=DIRECTION('',(1.,1.85037170770859E-16,0.));
#7381=DIRECTION('',(0.,1.,0.));
#7382=DIRECTION('',(-1.,-1.85037170770859E-16,0.));
#7383=DIRECTION('',(-1.,-1.85037170770859E-16,0.));
#7384=DIRECTION('',(-1.,-1.85037170770859E-16,0.));
#7385=DIRECTION('',(2.4941944766627E-32,-1.34794239788252E-16,1.));
#7386=DIRECTION('',(0.,-1.,-1.34794239788252E-16));
#7387=DIRECTION('',(-0.377789453180376,0.925891532019638,1.24804845184967E-16));
#7388=DIRECTION('',(0.668623023919735,-0.743601541071849,-1.00233204434153E-16));
#7389=DIRECTION('',(-2.4941944766627E-32,1.34794239788252E-16,-1.));
#7390=DIRECTION('',(0.,-1.,-1.34794239788252E-16));
#7391=DIRECTION('',(1.85037170770859E-16,-1.,-1.34794239788252E-16));
#7392=DIRECTION('',(-1.,-1.85037170770859E-16,5.47382212626882E-48));
#7393=DIRECTION('',(-2.4941944766627E-32,1.34794239788252E-16,-1.));
#7394=DIRECTION('',(0.,-1.,-1.34794239788252E-16));
#7395=DIRECTION('',(1.85037170770859E-16,-1.,4.18393287060984E-17));
#7396=DIRECTION('',(1.,1.85037170770859E-16,0.));
#7397=DIRECTION('',(7.74183101072846E-33,-4.18393287060984E-17,-1.));
#7398=DIRECTION('',(-1.,-1.85037170770859E-16,0.));
#7399=DIRECTION('',(-1.,-1.85037170770859E-16,0.));
#7400=DIRECTION('',(0.,-1.,0.));
#7401=DIRECTION('',(1.,1.85037170770859E-16,0.));
#7402=DIRECTION('',(0.,1.,0.));
#7403=DIRECTION('',(-1.,-1.85037170770859E-16,0.));
#7404=DIRECTION('',(-1.,-1.85037170770859E-16,0.));
#7405=DIRECTION('',(0.,0.,1.));
#7406=DIRECTION('',(1.,0.,0.));
#7407=DIRECTION('',(-1.85037170770859E-16,1.,0.));
#7408=DIRECTION('',(-1.,-1.85037170770859E-16,0.));
#7409=DIRECTION('',(-1.,-1.85037170770859E-16,0.));
#7410=DIRECTION('',(0.,-1.,0.));
#7411=DIRECTION('',(1.,1.85037170770859E-16,0.));
#7412=DIRECTION('',(0.,1.,0.));
#7413=DIRECTION('',(-1.,-1.85037170770859E-16,0.));
#7414=DIRECTION('',(-1.85037170770859E-16,1.,-1.1115138221529E-16));
#7415=DIRECTION('',(-1.,-1.85037170770859E-16,0.));
#7416=DIRECTION('',(-2.05671372923877E-32,1.1115138221529E-16,1.));
#7417=DIRECTION('',(-1.,-1.85037170770859E-16,0.));
#7418=DIRECTION('',(-1.,-1.85037170770859E-16,0.));
#7419=DIRECTION('',(0.,-1.,0.));
#7420=DIRECTION('',(1.,1.85037170770859E-16,0.));
#7421=DIRECTION('',(0.,1.,0.));
#7422=DIRECTION('',(-1.,-1.85037170770859E-16,0.));
#7423=DIRECTION('',(0.,0.,1.));
#7424=DIRECTION('',(1.,0.,0.));
#7425=DIRECTION('',(1.85037170770859E-16,-1.,0.));
#7426=DIRECTION('',(-1.,-1.85037170770859E-16,0.));
#7427=DIRECTION('',(-1.,-1.85037170770859E-16,0.));
#7428=DIRECTION('',(0.,-1.,0.));
#7429=DIRECTION('',(1.,1.85037170770859E-16,0.));
#7430=DIRECTION('',(0.,1.,0.));
#7431=DIRECTION('',(-1.,-1.85037170770859E-16,0.));
#7432=DIRECTION('',(1.85037170770859E-16,-1.,5.37116797279247E-17));
#7433=DIRECTION('',(1.,1.85037170770859E-16,0.));
#7434=DIRECTION('',(9.93865725420571E-33,-5.37116797279247E-17,-1.));
#7435=DIRECTION('',(-1.85037170770859E-16,1.,1.24026285703385E-16));
#7436=DIRECTION('',(-1.,-1.85037170770859E-16,0.));
#7437=DIRECTION('',(-1.,-1.85037170770859E-16,0.));
#7438=DIRECTION('',(5.06061682556583E-17,1.24026285703385E-16,-1.));
#7439=DIRECTION('',(-1.,-1.85037170770859E-16,0.));
#7440=DIRECTION('',(-1.22537019032167E-16,-1.24026285703385E-16,1.));
#7441=DIRECTION('',(-1.85037170770859E-16,1.,1.24026285703385E-16));
#7442=DIRECTION('',(-1.,-1.85037170770859E-16,0.));
#7443=DIRECTION('',(-1.,-1.85037170770859E-16,0.));
#7444=DIRECTION('',(-1.22537019032167E-16,-1.24026285703385E-16,1.));
#7445=DIRECTION('',(-1.,-1.85037170770859E-16,0.));
#7446=DIRECTION('',(5.06061682556583E-17,1.24026285703385E-16,-1.));
#7447=DIRECTION('',(-1.,-1.85037170770859E-16,0.));
#7448=DIRECTION('',(0.,-1.,0.));
#7449=DIRECTION('',(1.,1.85037170770859E-16,0.));
#7450=DIRECTION('',(0.,1.,0.));
#7451=DIRECTION('',(1.,1.85037170770859E-16,0.));
#7452=DIRECTION('',(-1.,-1.85037170770859E-16,0.));
#7453=DIRECTION('',(-1.,-1.85037170770859E-16,0.));
#7454=DIRECTION('',(0.,0.,-1.));
#7455=DIRECTION('',(-1.,0.,0.));
#7456=DIRECTION('',(-1.85037170770859E-16,1.,0.));
#7457=DIRECTION('',(-1.,-1.85037170770859E-16,0.));
#7458=DIRECTION('',(0.,0.,1.));
#7459=DIRECTION('',(-1.,4.6497480777295E-15,0.));
#7460=DIRECTION('',(-0.377789453180376,-0.925891532019638,0.));
#7461=DIRECTION('',(0.702822966154173,0.711364799695803,0.));
#7462=DIRECTION('',(0.,0.,1.));
#7463=DIRECTION('',(-1.,0.,0.));
#7464=DIRECTION('',(-1.85037170770859E-16,1.,1.24026285703385E-16));
#7465=DIRECTION('',(-1.,-1.85037170770859E-16,0.));
#7466=DIRECTION('',(2.29494730077727E-32,-1.24026285703385E-16,1.));
#7467=DIRECTION('',(-1.,-1.85037170770859E-16,0.));
#7468=DIRECTION('',(2.4941944766627E-32,-1.34794239788252E-16,1.));
#7469=DIRECTION('',(0.,-1.,-1.34794239788252E-16));
#7470=DIRECTION('',(-2.4941944766627E-32,1.34794239788252E-16,-1.));
#7471=DIRECTION('',(-1.74365552914857E-15,-1.,0.));
#7472=DIRECTION('',(-1.,-1.85037170770859E-16,0.));
#7473=DIRECTION('',(1.85037170770859E-16,-1.,-1.34794239788252E-16));
#7474=DIRECTION('',(-2.4941944766627E-32,1.34794239788252E-16,-1.));
#7475=DIRECTION('',(5.29478058104617E-15,-1.,0.));
#7476=DIRECTION('',(-0.702822966154173,-0.711364799695803,-9.58878773871182E-17));
#7477=DIRECTION('',(0.377789453180376,0.925891532019638,1.24804845184967E-16));
#7478=DIRECTION('',(-1.,-1.85037170770859E-16,0.));
#7479=DIRECTION('',(0.,-1.,0.));
#7480=DIRECTION('',(1.,1.85037170770859E-16,0.));
#7481=DIRECTION('',(0.,1.,0.));
#7482=DIRECTION('',(-1.,-1.85037170770859E-16,0.));
#7483=DIRECTION('',(1.,1.85037170770859E-16,0.));
#7484=DIRECTION('',(0.,0.,-1.));
#7485=DIRECTION('',(-1.,0.,0.));
#7486=DIRECTION('',(0.,0.,-1.));
#7487=DIRECTION('',(0.,0.,-1.));
#7488=DIRECTION('',(0.743601541071849,0.668623023919735,0.));
#7489=DIRECTION('',(-0.668623023919735,0.743601541071849,0.));
#7490=DIRECTION('',(-0.668623023919735,0.743601541071849,0.));
#7491=DIRECTION('',(0.,0.,-1.));
#7492=DIRECTION('',(0.,0.,-1.));
#7493=DIRECTION('',(-1.,0.,0.));
#7494=DIRECTION('',(0.,0.,-1.));
#7495=DIRECTION('',(0.,0.,1.));
#7496=DIRECTION('',(1.,0.,0.));
#7497=DIRECTION('',(0.711364799695803,-0.702822966154173,0.));
#7498=DIRECTION('',(0.702822966154173,0.711364799695803,0.));
#7499=DIRECTION('',(0.702822966154173,0.711364799695803,0.));
#7500=DIRECTION('',(0.,0.,-1.));
#7501=DIRECTION('',(0.,0.,-1.));
#7502=DIRECTION('',(-1.,0.,0.));
#7503=DIRECTION('',(0.,0.,-1.));
#7504=DIRECTION('',(0.,0.,-1.));
#7505=DIRECTION('',(-1.,0.,0.));
#7506=DIRECTION('',(0.,0.,-1.));
#7507=DIRECTION('',(0.,0.,-1.));
#7508=DIRECTION('',(-0.711364799695803,-0.702822966154173,0.));
#7509=DIRECTION('',(0.702822966154173,-0.711364799695803,0.));
#7510=DIRECTION('',(0.702822966154173,-0.711364799695803,0.));
#7511=DIRECTION('',(0.,0.,-1.));
#7512=DIRECTION('',(-0.743601541071849,0.668623023919735,0.));
#7513=DIRECTION('',(-0.668623023919735,-0.743601541071849,0.));
#7514=DIRECTION('',(0.,0.,-1.));
#7515=DIRECTION('',(0.,0.,-1.));
#7516=DIRECTION('',(-0.668623023919735,-0.743601541071849,0.));
#7517=DIRECTION('',(0.,0.,-1.));
#7518=DIRECTION('',(-1.,0.,0.));
#7519=DIRECTION('',(0.,0.,-1.));
#7520=DIRECTION('',(0.,-1.,0.));
#7521=DIRECTION('',(0.,0.,-1.));
#7522=DIRECTION('',(-1.,0.,-2.32060313240803E-16));
#7523=DIRECTION('',(0.,0.,-1.));
#7524=DIRECTION('',(0.,0.,-1.));
#7525=DIRECTION('',(-1.,0.,2.32060313240803E-16));
#7526=DIRECTION('',(1.,0.,0.));
#7527=DIRECTION('',(0.,0.,-1.));
#7528=DIRECTION('',(0.,0.,-1.));
#7529=DIRECTION('',(1.,0.,0.));
#7530=DIRECTION('',(-0.925891532019638,0.377789453180376,0.));
#7531=DIRECTION('',(-0.377789453180376,-0.925891532019638,0.));
#7532=DIRECTION('',(0.,0.,-1.));
#7533=DIRECTION('',(0.,0.,-1.));
#7534=DIRECTION('',(-0.377789453180376,-0.925891532019638,0.));
#7535=DIRECTION('',(0.,0.,-1.));
#7536=DIRECTION('',(-1.,0.,0.));
#7537=DIRECTION('',(0.,0.,1.));
#7538=DIRECTION('',(1.,0.,0.));
#7539=DIRECTION('',(0.,0.,-1.));
#7540=DIRECTION('',(0.917054877972303,0.398761019643601,0.));
#7541=DIRECTION('',(-0.398761019643601,0.917054877972303,0.));
#7542=DIRECTION('',(0.,0.,-1.));
#7543=DIRECTION('',(-0.398761019643601,0.917054877972303,0.));
#7544=DIRECTION('',(-0.925891532019638,0.377789453180376,0.));
#7545=DIRECTION('',(-0.377789453180376,-0.925891532019638,0.));
#7546=DIRECTION('',(-0.377789453180376,-0.925891532019638,0.));
#7547=DIRECTION('',(0.,0.,-1.));
#7548=DIRECTION('',(0.,0.,-1.));
#7549=DIRECTION('',(0.,0.,-1.));
#7550=DIRECTION('',(-1.,0.,0.));
#7551=DIRECTION('',(0.,0.,-1.));
#7552=DIRECTION('',(0.,0.,1.));
#7553=DIRECTION('',(1.,0.,0.));
#7554=DIRECTION('',(0.917054877972303,0.398761019643601,0.));
#7555=DIRECTION('',(-0.398761019643601,0.917054877972303,0.));
#7556=DIRECTION('',(-0.398761019643601,0.917054877972303,0.));
#7557=DIRECTION('',(0.,0.,-1.));
#7558=DIRECTION('',(0.,0.,-1.));
#7559=DIRECTION('',(-1.,0.,0.));
#7560=DIRECTION('',(0.,0.,1.));
#7561=DIRECTION('',(1.,0.,0.));
#7562=DIRECTION('',(0.,0.,-1.));
#7563=DIRECTION('',(-1.,0.,0.));
#7564=DIRECTION('',(0.,0.,-1.));
#7565=DIRECTION('',(0.,0.,-1.));
#7566=DIRECTION('',(0.711364799695803,-0.702822966154173,0.));
#7567=DIRECTION('',(0.702822966154173,0.711364799695803,0.));
#7568=DIRECTION('',(0.702822966154173,0.711364799695803,0.));
#7569=DIRECTION('',(0.,0.,-1.));
#7570=DIRECTION('',(0.,0.,-1.));
#7571=DIRECTION('',(-1.,0.,0.));
#7572=DIRECTION('',(0.,0.,1.));
#7573=DIRECTION('',(1.,0.,0.));
#7574=DIRECTION('',(0.,0.,-1.));
#7575=DIRECTION('',(0.743601541071849,0.668623023919735,0.));
#7576=DIRECTION('',(-0.668623023919735,0.743601541071849,0.));
#7577=DIRECTION('',(-0.668623023919735,0.743601541071849,0.));
#7578=DIRECTION('',(0.,0.,-1.));
#7579=DIRECTION('',(0.,0.,-1.));
#7580=DIRECTION('',(-1.,0.,0.));
#7581=DIRECTION('',(0.,0.,1.));
#7582=DIRECTION('',(1.,0.,0.));
#7583=DIRECTION('',(0.,0.,-1.));
#7584=DIRECTION('',(0.,0.,-1.));
#7585=DIRECTION('',(-1.,0.,0.));
#7586=DIRECTION('',(0.,0.,1.));
#7587=DIRECTION('',(1.,0.,0.));
#7588=DIRECTION('',(0.,0.,-1.));
#7589=DIRECTION('',(0.,0.,-1.));
#7590=DIRECTION('',(-0.743601541071849,0.668623023919735,0.));
#7591=DIRECTION('',(-0.668623023919735,-0.743601541071849,0.));
#7592=DIRECTION('',(-0.668623023919735,-0.743601541071849,0.));
#7593=DIRECTION('',(0.,0.,-1.));
#7594=DIRECTION('',(-0.711364799695803,-0.702822966154173,0.));
#7595=DIRECTION('',(0.702822966154173,-0.711364799695803,0.));
#7596=DIRECTION('',(0.,0.,-1.));
#7597=DIRECTION('',(0.,0.,-1.));
#7598=DIRECTION('',(0.702822966154173,-0.711364799695803,0.));
#7599=DIRECTION('',(0.,0.,-1.));
#7600=DIRECTION('',(-1.,0.,0.));
#7601=DIRECTION('',(0.,0.,-1.));
#7602=DIRECTION('',(0.917054877972303,-0.398761019643601,0.));
#7603=DIRECTION('',(0.398761019643601,0.917054877972303,0.));
#7604=DIRECTION('',(0.398761019643601,0.917054877972303,0.));
#7605=DIRECTION('',(0.,0.,-1.));
#7606=DIRECTION('',(0.,0.,-1.));
#7607=DIRECTION('',(0.,0.,-1.));
#7608=DIRECTION('',(-1.,0.,0.));
#7609=DIRECTION('',(0.,0.,1.));
#7610=DIRECTION('',(1.,0.,0.));
#7611=DIRECTION('',(0.,0.,-1.));
#7612=DIRECTION('',(-0.925891532019638,-0.377789453180376,0.));
#7613=DIRECTION('',(0.377789453180376,-0.925891532019638,0.));
#7614=DIRECTION('',(0.377789453180376,-0.925891532019638,0.));
#7615=DIRECTION('',(0.,0.,-1.));
#7616=DIRECTION('',(0.917054877972303,-0.398761019643601,0.));
#7617=DIRECTION('',(0.398761019643601,0.917054877972303,0.));
#7618=DIRECTION('',(0.,0.,-1.));
#7619=DIRECTION('',(0.398761019643601,0.917054877972303,0.));
#7620=DIRECTION('',(0.,0.,-1.));
#7621=DIRECTION('',(0.,0.,-1.));
#7622=DIRECTION('',(-1.,0.,0.));
#7623=DIRECTION('',(0.,0.,-1.));
#7624=DIRECTION('',(0.,0.,1.));
#7625=DIRECTION('',(1.,0.,0.));
#7626=DIRECTION('',(-0.925891532019638,-0.377789453180376,0.));
#7627=DIRECTION('',(0.377789453180376,-0.925891532019638,0.));
#7628=DIRECTION('',(0.,0.,-1.));
#7629=DIRECTION('',(0.377789453180376,-0.925891532019638,0.));
#7630=DIRECTION('',(0.,0.,-1.));
#7631=DIRECTION('',(-1.,0.,0.));
#7632=DIRECTION('',(0.,0.,1.));
#7633=DIRECTION('',(1.,0.,0.));
#7634=DIRECTION('',(0.,0.,-1.));
#7635=DIRECTION('',(0.,0.,1.));
#7636=DIRECTION('',(1.,0.,0.));
#7637=DIRECTION('',(-1.85037170770859E-16,1.,3.36071193571374E-17));
#7638=DIRECTION('',(0.,0.,1.));
#7639=DIRECTION('',(1.,0.,0.));
#7640=DIRECTION('',(1.85037170770859E-16,-1.,-3.36071193571374E-17));
#7641=DIRECTION('',(-1.85037170770859E-16,1.,0.));
#7642=DIRECTION('',(-1.,0.,0.));
#7643=DIRECTION('',(1.,0.,0.));
#7644=DIRECTION('',(0.,0.,1.));
#7645=DIRECTION('',(1.,0.,0.));
#7646=DIRECTION('',(1.,0.,0.));
#7647=DIRECTION('',(-1.,0.,0.));
#7648=DIRECTION('',(1.85037170770859E-16,-1.,0.));
#7649=DIRECTION('',(0.,0.,1.));
#7650=DIRECTION('',(1.,0.,0.));
#7651=DIRECTION('',(-1.85037170770859E-16,1.,0.));
#7652=DIRECTION('',(1.,0.,0.));
#7653=DIRECTION('',(0.,0.,1.));
#7654=DIRECTION('',(1.,0.,0.));
#7655=DIRECTION('',(0.,1.,0.));
#7656=DIRECTION('',(0.,0.,1.));
#7657=DIRECTION('',(1.,0.,0.));
#7658=DIRECTION('',(0.,0.,-1.));
#7659=DIRECTION('',(0.,0.,-1.));
#7660=DIRECTION('',(1.,0.,0.));
#7661=DIRECTION('',(1.,1.85037170770859E-16,0.));
#7662=DIRECTION('',(-1.85037170770859E-16,1.,0.));
#7663=DIRECTION('',(1.85037170770859E-16,-1.,0.));
#7664=DIRECTION('',(0.,-1.,0.));
#7665=DIRECTION('',(0.,0.,-1.));
#7666=DIRECTION('',(-1.,0.,0.));
#7667=DIRECTION('',(0.,0.,-1.));
#7668=DIRECTION('',(0.,0.,-1.));
#7669=DIRECTION('',(-1.,-1.85037170770859E-16,0.));
#7670=DIRECTION('',(1.85037170770859E-16,-1.,0.));
#7671=DIRECTION('',(0.,0.,-1.));
#7672=DIRECTION('',(0.,1.,0.));
#7673=DIRECTION('',(0.,0.,1.));
#7674=DIRECTION('',(0.,0.,-1.));
#7675=DIRECTION('',(1.,0.,0.));
#7676=DIRECTION('',(0.,-1.,0.));
#7677=DIRECTION('',(0.,0.,-1.));
#7678=DIRECTION('',(0.,0.,-1.));
#7679=DIRECTION('',(0.,0.,-1.));
#7680=DIRECTION('',(-1.,0.,0.));
#7681=DIRECTION('',(0.,0.,1.));
#7682=DIRECTION('',(1.,0.,0.));
#7683=DIRECTION('',(0.,0.,1.));
#7684=DIRECTION('',(1.,0.,0.));
#7685=DIRECTION('',(1.85037170770859E-16,-1.,0.));
#7686=DIRECTION('',(0.,0.,1.));
#7687=DIRECTION('',(1.,0.,0.));
#7688=DIRECTION('',(-1.85037170770859E-16,1.,0.));
#7689=DIRECTION('',(0.,0.,1.));
#7690=DIRECTION('',(1.,0.,0.));
#7691=DIRECTION('',(0.,0.,1.));
#7692=DIRECTION('',(1.,0.,0.));
#7693=DIRECTION('',(0.,0.,1.));
#7694=DIRECTION('',(1.,0.,0.));
#7695=DIRECTION('',(0.,0.,1.));
#7696=DIRECTION('',(1.,0.,0.));
#7697=DIRECTION('',(0.,0.,1.));
#7698=DIRECTION('',(1.,0.,0.));
#7699=DIRECTION('',(0.,0.,1.));
#7700=DIRECTION('',(1.,0.,0.));
#7701=DIRECTION('',(-1.,0.,2.32060313240803E-16));
#7702=DIRECTION('',(-1.85037170770859E-16,1.,0.));
#7703=DIRECTION('',(0.,0.,1.));
#7704=DIRECTION('',(1.,0.,0.));
#7705=DIRECTION('',(-1.,0.,-2.32060313240803E-16));
#7706=DIRECTION('',(0.,0.,1.));
#7707=DIRECTION('',(1.,0.,0.));
#7708=DIRECTION('',(1.85037170770859E-16,-1.,0.));
#7709=DIRECTION('',(1.,1.85037170770859E-16,0.));
#7710=DIRECTION('',(-1.85037170770859E-16,1.,0.));
#7711=DIRECTION('',(1.,1.85037170770859E-16,0.));
#7712=DIRECTION('',(-1.85037170770859E-16,1.,0.));
#7713=DIRECTION('',(1.,1.85037170770859E-16,0.));
#7714=DIRECTION('',(-1.85037170770859E-16,1.,0.));
#7715=DIRECTION('',(1.,1.85037170770859E-16,0.));
#7716=DIRECTION('',(-1.85037170770859E-16,1.,0.));
#7717=DIRECTION('',(-1.,-1.85037170770859E-16,0.));
#7718=DIRECTION('',(1.85037170770859E-16,-1.,0.));
#7719=DIRECTION('',(-1.,-1.85037170770859E-16,0.));
#7720=DIRECTION('',(1.85037170770859E-16,-1.,0.));
#7721=DIRECTION('',(-1.,-1.85037170770859E-16,0.));
#7722=DIRECTION('',(1.85037170770859E-16,-1.,0.));
#7723=DIRECTION('',(-1.,-1.85037170770859E-16,0.));
#7724=DIRECTION('',(1.85037170770859E-16,-1.,0.));
#7725=DIRECTION('',(0.,0.,-1.));
#7726=DIRECTION('',(-1.,0.,0.));
#7727=DIRECTION('',(0.,0.,-1.));
#7728=DIRECTION('',(-1.,0.,0.));
#7729=DIRECTION('',(0.,0.,-1.));
#7730=DIRECTION('',(0.,-1.,0.));
#7731=DIRECTION('',(0.,0.,-1.));
#7732=DIRECTION('',(0.,0.,-1.));
#7733=DIRECTION('',(0.,0.,-1.));
#7734=DIRECTION('',(0.,0.,-1.));
#7735=DIRECTION('',(-1.,0.,0.));
#7736=DIRECTION('',(0.,0.,-1.));
#7737=DIRECTION('',(-1.,0.,0.));
#7738=DIRECTION('',(0.,0.,-1.));
#7739=DIRECTION('',(-1.,0.,0.));
#7740=DIRECTION('',(0.,0.,-1.));
#7741=DIRECTION('',(-1.,0.,0.));
#7742=DIRECTION('',(0.,0.,-1.));
#7743=DIRECTION('',(-1.,0.,0.));
#7744=DIRECTION('',(0.,0.,-1.));
#7745=DIRECTION('',(-1.,0.,0.));
#7746=DIRECTION('',(0.,0.,1.));
#7747=DIRECTION('',(1.,0.,0.));
#7748=DIRECTION('',(-1.,-1.85967005799858E-16,0.));
#7749=DIRECTION('',(-1.85967005799858E-16,1.,0.));
#7750=DIRECTION('',(0.,1.,0.));
#7751=DIRECTION('',(1.,0.,0.));
#7752=DIRECTION('',(0.,0.,-1.));
#7753=DIRECTION('',(1.,0.,0.));
#7754=DIRECTION('',(-1.,-1.85967005799858E-16,0.));
#7755=DIRECTION('',(-1.85967005799858E-16,1.,0.));
#7756=DIRECTION('',(0.,0.,1.));
#7757=DIRECTION('',(1.,0.,0.));
#7758=DIRECTION('',(0.,-1.,0.));
#7759=DIRECTION('',(1.,0.,0.));
#7760=DIRECTION('',(-1.,-1.85967005799858E-16,0.));
#7761=DIRECTION('',(-1.85967005799858E-16,1.,0.));
#7762=DIRECTION('',(0.,0.,1.));
#7763=DIRECTION('',(1.,0.,0.));
#7764=DIRECTION('',(1.,1.85967005799858E-16,0.));
#7765=DIRECTION('',(-1.85967005799858E-16,1.,0.));
#7766=DIRECTION('',(0.,0.,1.));
#7767=DIRECTION('',(1.,0.,0.));
#7768=DIRECTION('',(0.,1.,0.));
#7769=DIRECTION('',(1.,0.,0.));
#7770=CARTESIAN_POINT('',(0.,0.,0.));
#7771=CARTESIAN_POINT('',(-0.00346410161513775,0.002,0.0068));
#7772=CARTESIAN_POINT('',(-0.00230940107675851,0.004,0.0068));
#7773=CARTESIAN_POINT('',(-0.00230940107675851,0.004,0.00644273441009184));
#7774=CARTESIAN_POINT('',(-0.00230940107675851,0.004,0.00226260927518601));
#7775=CARTESIAN_POINT('',(-0.00230940107675851,0.004,0.00226260927518601));
#7776=CARTESIAN_POINT('',(-0.00269159921630929,0.00333801340373974,0.00239190790928187));
#7777=CARTESIAN_POINT('',(-0.00346410161513775,0.002,0.00254768253262363));
#7778=CARTESIAN_POINT('',(-0.00423660401396622,0.000661986596260262,0.00239190790928187));
#7779=CARTESIAN_POINT('',(-0.00461880215351701,-4.23081369912276E-19,0.00226260927518601));
#7780=CARTESIAN_POINT('',(-0.00461880215351701,4.33680868994202E-19,0.00226260927518601));
#7781=CARTESIAN_POINT('',(-0.00461880215351701,4.33680868994202E-19,0.0068));
#7782=CARTESIAN_POINT('',(-0.00461880215351701,8.67361737988403E-19,0.00644273441009184));
#7783=CARTESIAN_POINT('',(-0.00461880215351707,-1.08807255057164E-16,0.0064427344100927));
#7784=CARTESIAN_POINT('',(-0.00424101525012081,0.00065434611111633,0.00666084978046486));
#7785=CARTESIAN_POINT('',(-0.00385755613790708,0.00131851677609577,0.0068));
#7786=CARTESIAN_POINT('',(-0.00346410161513775,0.002,0.0068));
#7787=CARTESIAN_POINT('',(-0.00346410161513775,0.002,0.0068));
#7788=CARTESIAN_POINT('',(-0.00346410161513775,0.002,0.0068));
#7789=CARTESIAN_POINT('',(-0.00307211747014356,0.00267893645489139,0.0068));
#7790=CARTESIAN_POINT('',(-0.00268624519492407,0.00334728684080375,0.00666030546315772));
#7791=CARTESIAN_POINT('',(-0.00230940107675847,0.00400000000000006,0.00644273441009228));
#7792=CARTESIAN_POINT('',(-0.00346410161513775,-0.002,0.0068));
#7793=CARTESIAN_POINT('',(-0.00461880215351701,2.2493477385274E-19,0.00226260927518601));
#7794=CARTESIAN_POINT('',(-0.00423660401396622,-0.000661986596260263,0.00239190790928186));
#7795=CARTESIAN_POINT('',(-0.00346410161513775,-0.002,0.00254768253262364));
#7796=CARTESIAN_POINT('',(-0.00269159921630929,-0.00333801340373974,0.00239190790928187));
#7797=CARTESIAN_POINT('',(-0.0023094010767585,-0.004,0.00226260927518601));
#7798=CARTESIAN_POINT('',(-0.0023094010767585,-0.004,0.00226260927518601));
#7799=CARTESIAN_POINT('',(-0.0023094010767585,-0.004,0.0068));
#7800=CARTESIAN_POINT('',(-0.00230940107675851,-0.004,0.00644273441009184));
#7801=CARTESIAN_POINT('',(-0.00230940107675844,-0.00400000000000011,0.00644273441009271));
#7802=CARTESIAN_POINT('',(-0.0026871879801547,-0.00334565388888367,0.00666084978046486));
#7803=CARTESIAN_POINT('',(-0.00307064709236843,-0.00268148322390423,0.0068));
#7804=CARTESIAN_POINT('',(-0.00346410161513775,-0.002,0.0068));
#7805=CARTESIAN_POINT('',(-0.00346410161513775,-0.002,0.0068));
#7806=CARTESIAN_POINT('',(-0.00346410161513775,-0.002,0.0068));
#7807=CARTESIAN_POINT('',(-0.00385608576013195,-0.00132106354510861,0.0068));
#7808=CARTESIAN_POINT('',(-0.00424195803535144,-0.000652713159196248,0.00666030546315772));
#7809=CARTESIAN_POINT('',(-0.00461880215351704,6.5108280196291E-17,0.00644273441009228));
#7810=CARTESIAN_POINT('',(1.86807858924195E-18,-0.004,0.0068));
#7811=CARTESIAN_POINT('',(-0.0023094010767585,-0.004,0.00226260927518601));
#7812=CARTESIAN_POINT('',(-0.00154500693711087,-0.004,0.00239190754739042));
#7813=CARTESIAN_POINT('',(-5.25430561153272E-8,-0.004,0.00254768253062472));
#7814=CARTESIAN_POINT('',(0.0015450026352999,-0.004,0.0023919082750474));
#7815=CARTESIAN_POINT('',(0.00230940107675851,-0.004,0.00226260927518601));
#7816=CARTESIAN_POINT('',(0.00230940107675851,-0.004,0.00226260927518601));
#7817=CARTESIAN_POINT('',(0.00230940107675851,-0.004,0.0068));
#7818=CARTESIAN_POINT('',(0.0023094010767585,-0.004,0.00644273441009184));
#7819=CARTESIAN_POINT('',(-1.0521055242437E-19,-0.004,0.0068));
#7820=CARTESIAN_POINT('',(0.000780965328157602,-0.004,0.0068));
#7821=CARTESIAN_POINT('',(0.00156256651864361,-0.004,0.00665832697667571));
#7822=CARTESIAN_POINT('',(0.0023094010767585,-0.004,0.00644273441009184));
#7823=CARTESIAN_POINT('',(0.,-0.004,0.0068));
#7824=CARTESIAN_POINT('',(-0.00230940107675851,-0.004,0.00644273441009185));
#7825=CARTESIAN_POINT('',(-0.00155819032632066,-0.004,0.00665959027458357));
#7826=CARTESIAN_POINT('',(-0.000780501604629095,-0.004,0.0068));
#7827=CARTESIAN_POINT('',(3.36422668015705E-18,-0.004,0.0068));
#7828=CARTESIAN_POINT('',(0.00346410161513775,-0.002,0.0068));
#7829=CARTESIAN_POINT('',(0.00230940107675851,-0.004,0.00226260927518601));
#7830=CARTESIAN_POINT('',(0.00269159921630929,-0.00333801340373974,0.00239190790928187));
#7831=CARTESIAN_POINT('',(0.00346410161513775,-0.002,0.00254768253262363));
#7832=CARTESIAN_POINT('',(0.00423660401396622,-0.000661986596260263,0.00239190790928187));
#7833=CARTESIAN_POINT('',(0.00461880215351701,2.11540684956138E-19,0.00226260927518601));
#7834=CARTESIAN_POINT('',(0.00461880215351701,0.,0.00226260927518601));
#7835=CARTESIAN_POINT('',(0.00461880215351701,0.,0.0068));
#7836=CARTESIAN_POINT('',(0.00461880215351701,0.,0.00644273441009184));
#7837=CARTESIAN_POINT('',(0.00461880215351707,1.09249192843033E-16,0.0064427344100927));
#7838=CARTESIAN_POINT('',(0.00424101525012081,-0.00065434611111633,0.00666084978046486));
#7839=CARTESIAN_POINT('',(0.00385755613790708,-0.00131851677609577,0.0068));
#7840=CARTESIAN_POINT('',(0.00346410161513776,-0.002,0.0068));
#7841=CARTESIAN_POINT('',(0.00346410161513775,-0.002,0.0068));
#7842=CARTESIAN_POINT('',(0.00346410161513775,-0.002,0.0068));
#7843=CARTESIAN_POINT('',(0.00307211747014356,-0.00267893645489139,0.0068));
#7844=CARTESIAN_POINT('',(0.00268624519492407,-0.00334728684080375,0.00666030546315772));
#7845=CARTESIAN_POINT('',(0.00230940107675847,-0.00400000000000007,0.00644273441009228));
#7846=CARTESIAN_POINT('',(0.00346410161513775,0.002,0.0068));
#7847=CARTESIAN_POINT('',(0.00461880215351701,5.75104609533242E-20,0.00226260927518601));
#7848=CARTESIAN_POINT('',(0.00423660401396622,0.000661986596260263,0.00239190790928186));
#7849=CARTESIAN_POINT('',(0.00346410161513776,0.002,0.00254768253262364));
#7850=CARTESIAN_POINT('',(0.00269159921630929,0.00333801340373974,0.00239190790928187));
#7851=CARTESIAN_POINT('',(0.0023094010767585,0.004,0.00226260927518601));
#7852=CARTESIAN_POINT('',(0.00230940107675851,0.004,0.00226260927518601));
#7853=CARTESIAN_POINT('',(0.00230940107675851,0.004,0.0068));
#7854=CARTESIAN_POINT('',(0.00230940107675851,0.004,0.00644273441009184));
#7855=CARTESIAN_POINT('',(0.00230940107675844,0.00400000000000011,0.00644273441009271));
#7856=CARTESIAN_POINT('',(0.0026871879801547,0.00334565388888367,0.00666084978046486));
#7857=CARTESIAN_POINT('',(0.00307064709236843,0.00268148322390423,0.0068));
#7858=CARTESIAN_POINT('',(0.00346410161513775,0.002,0.0068));
#7859=CARTESIAN_POINT('',(0.00346410161513775,0.002,0.0068));
#7860=CARTESIAN_POINT('',(0.00346410161513775,0.002,0.0068));
#7861=CARTESIAN_POINT('',(0.00385608576013195,0.00132106354510861,0.0068));
#7862=CARTESIAN_POINT('',(0.00424195803535144,0.000652713159196249,0.00666030546315772));
#7863=CARTESIAN_POINT('',(0.00461880215351704,-6.40742324658864E-17,0.00644273441009228));
#7864=CARTESIAN_POINT('',(0.,0.004,0.0068));
#7865=CARTESIAN_POINT('',(0.00230940107675851,0.004,0.00226260927518601));
#7866=CARTESIAN_POINT('',(0.0015450026352999,0.004,0.0023919082750474));
#7867=CARTESIAN_POINT('',(-5.25430561183629E-8,0.004,0.00254768253062472));
#7868=CARTESIAN_POINT('',(-0.00154500693711087,0.004,0.00239190754739043));
#7869=CARTESIAN_POINT('',(-0.00230940107675851,0.004,0.00226260927518601));
#7870=CARTESIAN_POINT('',(-0.00230940107675851,0.004,0.00644273441009185));
#7871=CARTESIAN_POINT('',(-0.00155819032632066,0.004,0.00665959027458357));
#7872=CARTESIAN_POINT('',(-0.000780501604629095,0.004,0.0068));
#7873=CARTESIAN_POINT('',(3.14568763027207E-18,0.004,0.0068));
#7874=CARTESIAN_POINT('',(0.,0.004,0.0068));
#7875=CARTESIAN_POINT('',(3.14568763027207E-18,0.004,0.0068));
#7876=CARTESIAN_POINT('',(0.000780965328157607,0.004,0.0068));
#7877=CARTESIAN_POINT('',(0.00156256651864362,0.004,0.00665832697667571));
#7878=CARTESIAN_POINT('',(0.00230940107675851,0.004,0.00644273441009183));
#7879=CARTESIAN_POINT('',(0.,0.,0.0068));
#7880=CARTESIAN_POINT('',(0.,0.,0.0068));
#7881=CARTESIAN_POINT('',(0.,0.,0.0068));
#7882=CARTESIAN_POINT('',(0.,0.,0.0068));
#7883=CARTESIAN_POINT('',(0.,0.,0.0068));
#7884=CARTESIAN_POINT('',(0.,0.,0.0068));
#7885=CARTESIAN_POINT('',(0.,0.,0.0068));
#7886=CARTESIAN_POINT('',(0.,0.,0.0068));
#7887=CARTESIAN_POINT('',(0.,0.,0.0068));
#7888=CARTESIAN_POINT('',(0.,0.,0.0068));
#7889=CARTESIAN_POINT('',(0.,0.,0.0068));
#7890=CARTESIAN_POINT('',(0.,0.,0.0068));
#7891=CARTESIAN_POINT('',(-8.67361737988404E-19,-8.67361737988404E-19,0.0068));
#7892=CARTESIAN_POINT('',(0.,0.,0.000567100162269167));
#7893=CARTESIAN_POINT('',(0.,0.,0.0011));
#7894=CARTESIAN_POINT('',(0.00699395967877932,0.,0.0011));
#7895=CARTESIAN_POINT('',(0.,0.,0.));
#7896=CARTESIAN_POINT('',(0.0068,0.,0.));
#7897=CARTESIAN_POINT('',(0.,0.,0.00364559314273367));
#7898=CARTESIAN_POINT('',(-0.00247193715576922,-0.00428152074690959,0.00184617005138037));
#7899=CARTESIAN_POINT('',(-0.00287151943030767,-0.00357000337417761,0.0019977276146208));
#7900=CARTESIAN_POINT('',(-0.00368163911724295,-0.00213237212891674,0.00219002094344016));
#7901=CARTESIAN_POINT('',(-0.00452699580256981,-0.000702611915291747,0.00199790141995023));
#7902=CARTESIAN_POINT('',(-0.00494387431153844,-1.46346553024153E-18,0.00184617005138037));
#7903=CARTESIAN_POINT('',(-0.00247193715576922,-0.00428152074690959,0.00184617005138037));
#7904=CARTESIAN_POINT('',(-0.00494387431153844,-1.74540774594479E-18,0.00184617005138037));
#7905=CARTESIAN_POINT('',(-0.00494387431153844,-1.74540774594479E-18,0.00184617005138037));
#7906=CARTESIAN_POINT('',(-0.0045274733287878,0.000701807087018257,0.0019977276146208));
#7907=CARTESIAN_POINT('',(-0.00368750799258528,0.00212220693864054,0.00219002094344016));
#7908=CARTESIAN_POINT('',(-0.0028719776689292,0.0035691874102051,0.00199790141995023));
#7909=CARTESIAN_POINT('',(-0.00247193715576922,0.00428152074690959,0.00184617005138037));
#7910=CARTESIAN_POINT('',(-0.00247193715576922,0.00428152074690959,0.00184617005138037));
#7911=CARTESIAN_POINT('',(-0.00247193715576922,0.00428152074690959,0.00184617005138037));
#7912=CARTESIAN_POINT('',(-0.00165595333332649,0.00427181045447048,0.00199772771959024));
#7913=CARTESIAN_POINT('',(-5.91180371083144E-6,0.00425457909971041,0.00219002044579617));
#7914=CARTESIAN_POINT('',(0.0016550134758644,0.00427179927006883,0.0019979022850675));
#7915=CARTESIAN_POINT('',(0.00247193715576921,0.00428152074690959,0.00184617005138037));
#7916=CARTESIAN_POINT('',(0.00247193715576921,0.00428152074690959,0.00184617005138037));
#7917=CARTESIAN_POINT('',(0.00247193715576921,0.00428152074690959,0.00184617005138037));
#7918=CARTESIAN_POINT('',(0.00287151943030767,0.0035700033741776,0.0019977276146208));
#7919=CARTESIAN_POINT('',(0.00368163911724295,0.00213237212891674,0.00219002094344016));
#7920=CARTESIAN_POINT('',(0.00452699580256981,0.000702611915291747,0.00199790141995023));
#7921=CARTESIAN_POINT('',(0.00494387431153844,1.14629991353957E-18,0.00184617005138037));
#7922=CARTESIAN_POINT('',(0.00494387431153844,1.1921208113455E-18,0.00184617005138037));
#7923=CARTESIAN_POINT('',(0.00494387431153844,1.1921208113455E-18,0.00184617005138037));
#7924=CARTESIAN_POINT('',(0.00452747332878781,-0.000701807087018258,0.0019977276146208));
#7925=CARTESIAN_POINT('',(0.00368750799258528,-0.00212220693864054,0.00219002094344016));
#7926=CARTESIAN_POINT('',(0.0028719776689292,-0.00356918741020511,0.00199790141995023));
#7927=CARTESIAN_POINT('',(0.00247193715576922,-0.00428152074690959,0.00184617005138037));
#7928=CARTESIAN_POINT('',(0.00247193715576922,-0.00428152074690959,0.00184617005138037));
#7929=CARTESIAN_POINT('',(0.00247193715576922,-0.00428152074690959,0.00184617005138037));
#7930=CARTESIAN_POINT('',(0.00165595444467786,-0.00427181046769567,0.00199772751317215));
#7931=CARTESIAN_POINT('',(5.82584043144036E-6,-0.00425457903564254,0.002190021437383));
#7932=CARTESIAN_POINT('',(-0.00165502277115542,-0.00427179938068376,0.00199790055859623));
#7933=CARTESIAN_POINT('',(-0.00247193715576922,-0.00428152074690959,0.00184617005138037));
#7934=CARTESIAN_POINT('',(-8.67361737988404E-19,-8.67361737988404E-19,0.));
#7935=CARTESIAN_POINT('',(0.,0.,0.));
#7936=CARTESIAN_POINT('',(0.00325,0.,0.));
#7937=CARTESIAN_POINT('',(0.00217915729224786,-0.00422558885214248,0.00221664651571049));
#7938=CARTESIAN_POINT('',(0.00220579060195188,-0.0041794586065614,0.00192646917146938));
#7939=CARTESIAN_POINT('',(0.00245775927065634,-0.00430676757940716,0.00184076946739612));
#7940=CARTESIAN_POINT('',(0.00259437073412005,-0.0035064180748343,0.00236908444739763));
#7941=CARTESIAN_POINT('',(0.00261029755526609,-0.00347883201140619,0.00208287948614654));
#7942=CARTESIAN_POINT('',(0.0028562513668073,-0.00359713923293239,0.0019932073949906));
#7943=CARTESIAN_POINT('',(0.00345143518927995,-0.00202193889313602,0.00256857634377815));
#7944=CARTESIAN_POINT('',(0.00345162933979158,-0.00202160261458568,0.0022928728543153));
#7945=CARTESIAN_POINT('',(0.00367216109223811,-0.00214833194452625,0.00219269929947533));
#7946=CARTESIAN_POINT('',(0.00432355654561053,-0.000511380393605572,0.00237289130481583));
#7947=CARTESIAN_POINT('',(0.00430799609214183,-0.000538331889602053,0.00208674523486988));
#7948=CARTESIAN_POINT('',(0.00453305878674009,-0.000692341590035364,0.00199701425257104));
#7949=CARTESIAN_POINT('',(0.00474942345989382,0.000226242739195668,0.00221650790036723));
#7950=CARTESIAN_POINT('',(0.00472278386231558,0.00018010160269697,0.00192632561155242));
#7951=CARTESIAN_POINT('',(0.00495902737817594,2.55382086265413E-5,0.00184063085205286));
#7952=CARTESIAN_POINT('',(0.00461880215351701,2.36745027286763E-19,0.00226260927518601));
#7953=CARTESIAN_POINT('',(0.00461880215351701,2.36745027286765E-19,0.00207343355577389));
#7954=CARTESIAN_POINT('',(0.00476895766756874,2.18719471914712E-16,0.00190983450326308));
#7955=CARTESIAN_POINT('',(0.00494387431153845,-4.01835388514915E-18,0.00184617005138037));
#7956=CARTESIAN_POINT('',(0.00230940107675851,-0.004,0.00226260927518601));
#7957=CARTESIAN_POINT('',(0.0023094010767585,-0.004,0.00207343355577389));
#7958=CARTESIAN_POINT('',(0.00238447883378403,-0.0041300384896873,0.00190983450326308));
#7959=CARTESIAN_POINT('',(0.00247193715576922,-0.00428152074690959,0.00184617005138037));
#7960=CARTESIAN_POINT('',(-0.00256988743176198,-0.004,0.00221664673856252));
#7961=CARTESIAN_POINT('',(-0.00251662083257592,-0.004,0.00192646940227127));
#7962=CARTESIAN_POINT('',(-0.00250088930691978,-0.0042818657402836,0.00184076969024816));
#7963=CARTESIAN_POINT('',(-0.00173949463211623,-0.004,0.00236907835988335));
#7964=CARTESIAN_POINT('',(-0.00170763982561337,-0.00400000000000004,0.00208287330293435));
#7965=CARTESIAN_POINT('',(-0.00168712049129914,-0.00427215624514094,0.00199320130747705));
#7966=CARTESIAN_POINT('',(-2.55359778083006E-5,-0.004,0.00256857662654531));
#7967=CARTESIAN_POINT('',(-2.51425002180215E-5,-0.00399999999999981,0.0022928731191429));
#7968=CARTESIAN_POINT('',(-2.46259721688678E-5,-0.00425435075457714,0.00219269958224251));
#7969=CARTESIAN_POINT('',(0.00171888376843843,-0.004,0.00237289613940036));
#7970=CARTESIAN_POINT('',(0.00168776379810154,-0.00400000000000034,0.00208675014297934));
#7971=CARTESIAN_POINT('',(0.00166691841314091,-0.00427191455518416,0.00199701908715481));
#7972=CARTESIAN_POINT('',(0.00257064465619321,-0.004,0.0022165077228788));
#7973=CARTESIAN_POINT('',(0.00251736544493739,-0.004,0.00192632542773314));
#7974=CARTESIAN_POINT('',(0.00250163137385873,-0.00428187459455349,0.00184063067456444));
#7975=CARTESIAN_POINT('',(-0.0023094010767585,-0.004,0.00226260927518601));
#7976=CARTESIAN_POINT('',(-0.0023094010767585,-0.004,0.00207343355577389));
#7977=CARTESIAN_POINT('',(-0.00238447883378318,-0.00413003848968779,0.00190983450326308));
#7978=CARTESIAN_POINT('',(-0.00247193715576922,-0.00428152074690959,0.00184617005138037));
#7979=CARTESIAN_POINT('',(0.00474904593802765,-0.000225588852142478,0.00221664651571049));
#7980=CARTESIAN_POINT('',(0.00472241262832363,-0.000179458606561403,0.00192646917146938));
#7981=CARTESIAN_POINT('',(0.00495864976728999,-2.49018249284762E-5,0.00184076946739612));
#7982=CARTESIAN_POINT('',(0.00433383249615439,0.000493581925167538,0.002369084447398));
#7983=CARTESIAN_POINT('',(0.00431790567500937,0.000521167988594842,0.00208287948614691));
#7984=CARTESIAN_POINT('',(0.00454333964007083,0.000675016626785077,0.00199320739499131));
#7985=CARTESIAN_POINT('',(0.00347676804099581,0.00197806110686355,0.00256857634377768));
#7986=CARTESIAN_POINT('',(0.00347657389048364,0.0019783973854143,0.00229287285431512));
#7987=CARTESIAN_POINT('',(0.0036965905858414,0.0021060188204039,0.00219269929947463));
#7988=CARTESIAN_POINT('',(0.00260464668466555,0.00348861960639344,0.0023728913048164));
#7989=CARTESIAN_POINT('',(0.00262020713813434,0.0034616681103969,0.00208674523487014));
#7990=CARTESIAN_POINT('',(0.00286611479843714,0.00357957327114534,0.00199701425257173));
#7991=CARTESIAN_POINT('',(0.00217877977038169,0.00422624273919567,0.00221650790036723));
#7992=CARTESIAN_POINT('',(0.00220541936795992,0.00418010160269697,0.00192632561155242));
#7993=CARTESIAN_POINT('',(0.00245739695165024,0.00430741279187618,0.00184063085205286));
#7994=CARTESIAN_POINT('',(0.00230940107675851,0.004,0.00226260927518601));
#7995=CARTESIAN_POINT('',(0.0023094010767585,0.004,0.00207343355577389));
#7996=CARTESIAN_POINT('',(0.00238447883378402,0.0041300384896873,0.00190983450326308));
#7997=CARTESIAN_POINT('',(0.00247193715576921,0.00428152074690959,0.00184617005138037));
#7998=CARTESIAN_POINT('',(-0.00474904593802764,0.000225588852142476,0.00221664651571049));
#7999=CARTESIAN_POINT('',(-0.00472241262832363,0.000179458606561401,0.00192646917146938));
#8000=CARTESIAN_POINT('',(-0.00495864976728999,2.49018249284742E-5,0.00184076946739612));
#8001=CARTESIAN_POINT('',(-0.00433383249615507,-0.000493581925166373,0.00236908444739708));
#8002=CARTESIAN_POINT('',(-0.00431790567500997,-0.000521167988593627,0.0020828794861461));
#8003=CARTESIAN_POINT('',(-0.00454333964007212,-0.000675016626783966,0.00199320739499084));
#8004=CARTESIAN_POINT('',(-0.00347676804099589,-0.00197806110686341,0.00256857634377814));
#8005=CARTESIAN_POINT('',(-0.00347657389048373,-0.00197839738541412,0.00229287285431554));
#8006=CARTESIAN_POINT('',(-0.00369659058584116,-0.00210601882040376,0.00219269929947502));
#8007=CARTESIAN_POINT('',(-0.00260464668466471,-0.0034886196063949,0.0023728913048164));
#8008=CARTESIAN_POINT('',(-0.00262020713813342,-0.00346166811039875,0.00208674523487014));
#8009=CARTESIAN_POINT('',(-0.00286611479843633,-0.00357957327114674,0.00199701425257143));
#8010=CARTESIAN_POINT('',(-0.00217877977038169,-0.00422624273919567,0.00221650790036723));
#8011=CARTESIAN_POINT('',(-0.00220541936795992,-0.00418010160269697,0.00192632561155242));
#8012=CARTESIAN_POINT('',(-0.00245739695165024,-0.00430741279187618,0.00184063085205286));
#8013=CARTESIAN_POINT('',(-0.00461880215351701,-1.58181699222704E-19,0.00226260927518601));
#8014=CARTESIAN_POINT('',(-0.00461880215351701,-1.58181699222704E-19,0.00207343355577388));
#8015=CARTESIAN_POINT('',(-0.00476895766756874,1.83357711416436E-15,0.00190983450326308));
#8016=CARTESIAN_POINT('',(-0.00494387431153845,1.32792919367092E-18,0.00184617005138037));
#8017=CARTESIAN_POINT('',(0.00256988986080678,0.004,0.00221664629267311));
#8018=CARTESIAN_POINT('',(0.00251662322115997,0.004,0.00192646894047554));
#8019=CARTESIAN_POINT('',(0.00250089168733652,0.00428186576868558,0.00184076924435875));
#8020=CARTESIAN_POINT('',(0.00173942886460314,0.004,0.00236909053998019));
#8021=CARTESIAN_POINT('',(0.0017075763875169,0.00400000000000038,0.00208288567450221));
#8022=CARTESIAN_POINT('',(0.00168705602842243,0.00427215547397047,0.00199321348757341));
#8023=CARTESIAN_POINT('',(2.51295166345852E-5,0.004,0.00256857604849097));
#8024=CARTESIAN_POINT('',(2.47463998472241E-5,0.00399999999999961,0.00229287257705532));
#8025=CARTESIAN_POINT('',(2.42328122147741E-5,0.00425435077611952,0.00219269900418796));
#8026=CARTESIAN_POINT('',(-0.00171893586700296,0.004,0.00237288648625256));
#8027=CARTESIAN_POINT('',(-0.00168781402658592,0.00400000000000043,0.00208674034302171));
#8028=CARTESIAN_POINT('',(-0.00166696947872909,0.00427191516616556,0.00199700943400792));
#8029=CARTESIAN_POINT('',(-0.00257064272601906,0.004,0.00221650807727026));
#8030=CARTESIAN_POINT('',(-0.00251736354690884,0.004,0.00192632579476544));
#8031=CARTESIAN_POINT('',(-0.00250162948231687,0.00428187457198306,0.0018406310289559));
#8032=CARTESIAN_POINT('',(-0.00230940107675851,0.004,0.00226260927518601));
#8033=CARTESIAN_POINT('',(-0.0023094010767585,0.004,0.00207343355577389));
#8034=CARTESIAN_POINT('',(-0.00238447883378446,0.00413003848968705,0.00190983450326308));
#8035=CARTESIAN_POINT('',(-0.00247193715576922,0.00428152074690959,0.00184617005138037));
#8036=CARTESIAN_POINT('',(-0.00217915729224786,0.00422558885214248,0.00221664651571049));
#8037=CARTESIAN_POINT('',(-0.00220579060195188,0.0041794586065614,0.00192646917146938));
#8038=CARTESIAN_POINT('',(-0.00245775927065634,0.00430676757940716,0.00184076946739612));
#8039=CARTESIAN_POINT('',(-0.00259437073412005,0.0035064180748343,0.00236908444739763));
#8040=CARTESIAN_POINT('',(-0.00261029755526609,0.00347883201140619,0.00208287948614654));
#8041=CARTESIAN_POINT('',(-0.0028562513668073,0.00359713923293239,0.0019932073949906));
#8042=CARTESIAN_POINT('',(-0.00345143518927995,0.00202193889313603,0.00256857634377787));
#8043=CARTESIAN_POINT('',(-0.00345162933979158,0.0020216026145857,0.00229287285431496));
#8044=CARTESIAN_POINT('',(-0.0036721610922382,0.00214833194452627,0.0021926992994753));
#8045=CARTESIAN_POINT('',(-0.00432355654561055,0.000511380393605546,0.0023728913048164));
#8046=CARTESIAN_POINT('',(-0.00430799609214183,0.00053833188960201,0.00208674523487058));
#8047=CARTESIAN_POINT('',(-0.00453305878673991,0.000692341590035329,0.00199701425257111));
#8048=CARTESIAN_POINT('',(-0.00474942345989382,-0.000226242739195668,0.00221650790036723));
#8049=CARTESIAN_POINT('',(-0.00472278386231558,-0.00018010160269697,0.00192632561155242));
#8050=CARTESIAN_POINT('',(-0.00495902737817594,-2.55382086265413E-5,0.00184063085205286));
#8051=CARTESIAN_POINT('',(0.,0.,-0.012));
#8052=CARTESIAN_POINT('',(0.,0.,-0.011458734125));
#8053=CARTESIAN_POINT('',(-0.003,0.,-0.011458734125));
#8054=CARTESIAN_POINT('',(0.,0.,-0.00025));
#8055=CARTESIAN_POINT('',(0.003,0.,-0.00025));
#8056=CARTESIAN_POINT('',(0.,0.,-0.012));
#8057=CARTESIAN_POINT('',(0.,0.,-0.012));
#8058=CARTESIAN_POINT('',(-0.002458734125,0.,-0.012));
#8059=CARTESIAN_POINT('',(0.,0.,-0.00025));
#8060=CARTESIAN_POINT('',(0.,0.,-0.012));
#8061=CARTESIAN_POINT('',(0.108651344577832,0.191382028996945,0.0853071807737778));
#8062=CARTESIAN_POINT('',(0.108651344577832,-0.116617971003056,0.0853071807737778));
#8063=CARTESIAN_POINT('',(-0.0771207333608101,0.191382028996945,-0.00046489716486435));
#8064=CARTESIAN_POINT('',(-0.07732461221646,-0.105707888828026,0.0964211418044567));
#8065=CARTESIAN_POINT('',(-0.088234694391489,-0.105504009972377,-0.000464897164864322));
#8066=CARTESIAN_POINT('',(-0.0003175,0.,0.));
#8067=CARTESIAN_POINT('',(-0.0009525,0.,0.));
#8068=CARTESIAN_POINT('',(-0.0009525,0.00449764721938037,0.));
#8069=CARTESIAN_POINT('',(-0.0009525,-0.00449764721938037,0.));
#8070=CARTESIAN_POINT('',(0.,0.,0.));
#8071=CARTESIAN_POINT('',(0.,0.,-0.00251286474873358));
#8072=CARTESIAN_POINT('',(0.0009525,-0.00294580401171014,-0.0017272));
#8073=CARTESIAN_POINT('',(0.0009525,-0.00346790073194768,-0.00115572754167675));
#8074=CARTESIAN_POINT('',(0.0009525,-0.00398355934607271,-0.000578558664454675));
#8075=CARTESIAN_POINT('',(0.0009525,-0.00449764721938037,-2.05429535694074E-18));
#8076=CARTESIAN_POINT('',(0.0009525,-0.00294580401171014,-0.0017272));
#8077=CARTESIAN_POINT('',(0.0009525,-0.00449764721938037,0.));
#8078=CARTESIAN_POINT('',(3.29587218501108E-19,0.,-0.0017272));
#8079=CARTESIAN_POINT('',(-0.0009525,-0.00294580401171014,-0.0017272));
#8080=CARTESIAN_POINT('',(-0.0009525,-0.00294580401171014,-0.0017272));
#8081=CARTESIAN_POINT('',(-0.0009525,-0.00346790073194768,-0.00115572754167675));
#8082=CARTESIAN_POINT('',(-0.0009525,-0.00398355934607271,-0.000578558664454673));
#8083=CARTESIAN_POINT('',(-0.0009525,-0.00449764721938037,-3.70387307300187E-19));
#8084=CARTESIAN_POINT('',(-0.0009525,0.00449764721938038,1.12669043906902E-18));
#8085=CARTESIAN_POINT('',(-0.0009525,0.00398354927844301,-0.000578569994646835));
#8086=CARTESIAN_POINT('',(-0.0009525,0.0034678853132054,-0.00115574441860053));
#8087=CARTESIAN_POINT('',(-0.0009525,0.00294580401171014,-0.0017272));
#8088=CARTESIAN_POINT('',(-0.0009525,0.00294580401171014,-0.0017272));
#8089=CARTESIAN_POINT('',(3.29587218501108E-19,0.,-0.0017272));
#8090=CARTESIAN_POINT('',(0.0009525,0.00294580401171014,-0.0017272));
#8091=CARTESIAN_POINT('',(0.0009525,0.00449764721938037,2.0323215010064E-19));
#8092=CARTESIAN_POINT('',(0.0009525,0.00398354927844301,-0.000578569994646836));
#8093=CARTESIAN_POINT('',(0.0009525,0.0034678853132054,-0.00115574441860053));
#8094=CARTESIAN_POINT('',(0.0009525,0.00294580401171014,-0.0017272));
#8095=CARTESIAN_POINT('',(0.0009525,0.00449764721938037,0.));
#8096=CARTESIAN_POINT('',(0.,0.,0.));
#8097=CARTESIAN_POINT('',(0.,0.,-0.00251286474873358));
#8098=CARTESIAN_POINT('',(-0.002413,0.,-0.00251286474873358));
#8099=CARTESIAN_POINT('',(0.,0.,-0.003175));
#8100=CARTESIAN_POINT('',(0.,0.,-0.00577807682584));
#8101=CARTESIAN_POINT('',(0.002413,0.,-0.00577807682584));
#8102=CARTESIAN_POINT('',(-0.00013862505514739,0.,-0.00635));
#8103=CARTESIAN_POINT('',(0.,0.,-0.00635));
#8104=CARTESIAN_POINT('',(0.00184107682584,0.,-0.00635));
#8105=CARTESIAN_POINT('',(-0.0003175,0.,0.));
#8106=CARTESIAN_POINT('',(0.0009525,0.,0.));
#8107=CARTESIAN_POINT('',(0.0009525,0.0153178363565855,0.000186566493089497));
#8108=CARTESIAN_POINT('',(0.0009525,0.0153178363565855,-0.0017272));
#8109=CARTESIAN_POINT('',(-0.0009525,0.0153178363565855,0.000186566493089497));
#8110=CARTESIAN_POINT('',(-0.0009525,0.0153178363565855,-0.0017272));
#8111=CARTESIAN_POINT('',(-0.000131232163272798,0.0153178363565855,-0.0017272));
#8112=CARTESIAN_POINT('',(0.,0.,-0.00635));
#8113=CARTESIAN_POINT('',(0.,0.,-0.0020574));
#8114=CARTESIAN_POINT('',(0.,0.,-0.00229497938269161));
#8115=CARTESIAN_POINT('',(0.,0.,-0.00181982061730839));
#8116=CARTESIAN_POINT('',(0.,0.,0.));
#8117=CARTESIAN_POINT('',(0.119765305608511,-0.105504009972377,0.0853071807737778));
#8118=CARTESIAN_POINT('',(0.119765305608511,-0.105504009972377,-0.00046489716486435));
#8119=CARTESIAN_POINT('',(-0.0771207333608101,0.180268067966265,-0.0115788581955433));
#8120=CARTESIAN_POINT('',(-0.0003175,0.,0.));
#8121=CARTESIAN_POINT('',(-0.0009525,0.,0.));
#8122=CARTESIAN_POINT('',(-0.0009525,0.00449764721938037,0.));
#8123=CARTESIAN_POINT('',(-0.0009525,-0.00449764721938037,0.));
#8124=CARTESIAN_POINT('',(0.,0.,0.));
#8125=CARTESIAN_POINT('',(0.,0.,-0.00251286474873358));
#8126=CARTESIAN_POINT('',(0.0009525,-0.00294580401171014,-0.0017272));
#8127=CARTESIAN_POINT('',(0.0009525,-0.00346790073194768,-0.00115572754167675));
#8128=CARTESIAN_POINT('',(0.0009525,-0.00398355934607271,-0.000578558664454675));
#8129=CARTESIAN_POINT('',(0.0009525,-0.00449764721938037,-2.05429535694074E-18));
#8130=CARTESIAN_POINT('',(0.0009525,-0.00294580401171014,-0.0017272));
#8131=CARTESIAN_POINT('',(0.0009525,-0.00449764721938037,0.));
#8132=CARTESIAN_POINT('',(3.29587218501108E-19,0.,-0.0017272));
#8133=CARTESIAN_POINT('',(-0.0009525,-0.00294580401171014,-0.0017272));
#8134=CARTESIAN_POINT('',(-0.0009525,-0.00294580401171014,-0.0017272));
#8135=CARTESIAN_POINT('',(-0.0009525,-0.00346790073194768,-0.00115572754167675));
#8136=CARTESIAN_POINT('',(-0.0009525,-0.00398355934607271,-0.000578558664454673));
#8137=CARTESIAN_POINT('',(-0.0009525,-0.00449764721938037,-3.70387307300187E-19));
#8138=CARTESIAN_POINT('',(-0.0009525,0.00449764721938038,1.12669043906902E-18));
#8139=CARTESIAN_POINT('',(-0.0009525,0.00398354927844301,-0.000578569994646835));
#8140=CARTESIAN_POINT('',(-0.0009525,0.0034678853132054,-0.00115574441860053));
#8141=CARTESIAN_POINT('',(-0.0009525,0.00294580401171014,-0.0017272));
#8142=CARTESIAN_POINT('',(-0.0009525,0.00294580401171014,-0.0017272));
#8143=CARTESIAN_POINT('',(3.29587218501108E-19,0.,-0.0017272));
#8144=CARTESIAN_POINT('',(0.0009525,0.00294580401171014,-0.0017272));
#8145=CARTESIAN_POINT('',(0.0009525,0.00449764721938037,2.0323215010064E-19));
#8146=CARTESIAN_POINT('',(0.0009525,0.00398354927844301,-0.000578569994646836));
#8147=CARTESIAN_POINT('',(0.0009525,0.0034678853132054,-0.00115574441860053));
#8148=CARTESIAN_POINT('',(0.0009525,0.00294580401171014,-0.0017272));
#8149=CARTESIAN_POINT('',(0.0009525,0.00449764721938037,0.));
#8150=CARTESIAN_POINT('',(0.,0.,0.));
#8151=CARTESIAN_POINT('',(0.,0.,-0.00251286474873358));
#8152=CARTESIAN_POINT('',(-0.002413,0.,-0.00251286474873358));
#8153=CARTESIAN_POINT('',(0.,0.,-0.00635));
#8154=CARTESIAN_POINT('',(0.,0.,-0.01212807682584));
#8155=CARTESIAN_POINT('',(0.002413,0.,-0.01212807682584));
#8156=CARTESIAN_POINT('',(-0.000138625055147389,0.,-0.0127));
#8157=CARTESIAN_POINT('',(0.,0.,-0.0127));
#8158=CARTESIAN_POINT('',(0.00184107682584,0.,-0.0127));
#8159=CARTESIAN_POINT('',(-0.0003175,0.,0.));
#8160=CARTESIAN_POINT('',(0.0009525,0.,0.));
#8161=CARTESIAN_POINT('',(0.0009525,0.0194324816622388,0.000186566493089497));
#8162=CARTESIAN_POINT('',(0.0009525,0.0194324816622388,-0.0017272));
#8163=CARTESIAN_POINT('',(-0.0009525,0.0194324816622388,0.000186566493089497));
#8164=CARTESIAN_POINT('',(-0.0009525,0.0194324816622388,-0.0017272));
#8165=CARTESIAN_POINT('',(-0.000131232163272798,0.0194324816622388,-0.0017272));
#8166=CARTESIAN_POINT('',(0.,0.,-0.0127));
#8167=CARTESIAN_POINT('',(0.,0.,-0.0020574));
#8168=CARTESIAN_POINT('',(0.,0.,-0.00229497938269161));
#8169=CARTESIAN_POINT('',(0.,0.,-0.00181982061730839));
#8170=CARTESIAN_POINT('',(0.,0.,0.));
#8171=CARTESIAN_POINT('',(0.119765305608511,0.180268067966265,-0.00046489716486435));
#8172=CARTESIAN_POINT('',(0.108651344577832,0.180268067966265,-0.0115788581955433));
#8173=CARTESIAN_POINT('',(0.108855223433482,-0.105707888828026,0.0964211418044567));
#8174=CARTESIAN_POINT('',(-0.0771207333608101,-0.105504009972377,-0.0115788581955433));
#8175=CARTESIAN_POINT('',(-0.0771207333608101,-0.116617971003056,-0.00046489716486435));
#8176=CARTESIAN_POINT('',(0.108651344577832,-0.116617971003056,-0.00046489716486435));
#8177=CARTESIAN_POINT('',(0.,0.,-0.00199));
#8178=CARTESIAN_POINT('',(3.99471666896364E-19,0.,-0.00199));
#8179=CARTESIAN_POINT('',(0.000434424037332824,0.00185480477565361,-0.00199));
#8180=CARTESIAN_POINT('',(-0.000434424037332826,0.00185480477565361,-0.00199));
#8181=CARTESIAN_POINT('',(0.00102852726170243,0.000428379516189242,-0.00199));
#8182=CARTESIAN_POINT('',(0.00043,0.00186542676580869,-0.00199));
#8183=CARTESIAN_POINT('',(0.00043,-8.46027712677873E-20,-0.00199));
#8184=CARTESIAN_POINT('',(0.00043,0.00241648074097117,-0.00199));
#8185=CARTESIAN_POINT('',(0.,0.00241648074097117,-0.00199));
#8186=CARTESIAN_POINT('',(-0.00043,0.00241648074097117,-0.00199));
#8187=CARTESIAN_POINT('',(-0.00043,8.46027712677879E-20,-0.00199));
#8188=CARTESIAN_POINT('',(-0.00043,0.00186542676580869,-0.00199));
#8189=CARTESIAN_POINT('',(-0.00102852726170243,0.000428379516189242,-0.00199));
#8190=CARTESIAN_POINT('',(0.,0.,-0.00199));
#8191=CARTESIAN_POINT('',(3.99471666896364E-19,0.,-0.00199));
#8192=CARTESIAN_POINT('',(-0.00185480477565361,0.000434424037332825,-0.00199));
#8193=CARTESIAN_POINT('',(-0.00185480477565361,-0.000434424037332826,-0.00199));
#8194=CARTESIAN_POINT('',(-0.000428379516189242,0.00102852726170243,-0.00199));
#8195=CARTESIAN_POINT('',(-0.00186542676580869,0.00043,-0.00199));
#8196=CARTESIAN_POINT('',(0.,0.00043,-0.00199));
#8197=CARTESIAN_POINT('',(-0.00241648074097117,0.00043,-0.00199));
#8198=CARTESIAN_POINT('',(-0.00241648074097117,0.,-0.00199));
#8199=CARTESIAN_POINT('',(-0.00241648074097117,-0.00043,-0.00199));
#8200=CARTESIAN_POINT('',(0.,-0.00043,-0.00199));
#8201=CARTESIAN_POINT('',(-0.00186542676580869,-0.00043,-0.00199));
#8202=CARTESIAN_POINT('',(-0.000428379516189242,-0.00102852726170243,-0.00199));
#8203=CARTESIAN_POINT('',(0.,0.,-0.00199));
#8204=CARTESIAN_POINT('',(3.99471666896364E-19,0.,-0.00199));
#8205=CARTESIAN_POINT('',(-0.000434424037332825,-0.00185480477565361,-0.00199));
#8206=CARTESIAN_POINT('',(0.000434424037332825,-0.00185480477565361,-0.00199));
#8207=CARTESIAN_POINT('',(-0.00102852726170243,-0.000428379516189242,-0.00199));
#8208=CARTESIAN_POINT('',(-0.00043,-0.00186542676580869,-0.00199));
#8209=CARTESIAN_POINT('',(-0.00043,8.46027712677874E-20,-0.00199));
#8210=CARTESIAN_POINT('',(-0.00043,-0.00241648074097117,-0.00199));
#8211=CARTESIAN_POINT('',(0.,-0.00241648074097117,-0.00199));
#8212=CARTESIAN_POINT('',(0.00043,-0.00241648074097117,-0.00199));
#8213=CARTESIAN_POINT('',(0.00043,-8.46027712677879E-20,-0.00199));
#8214=CARTESIAN_POINT('',(0.00043,-0.00186542676580869,-0.00199));
#8215=CARTESIAN_POINT('',(0.00102852726170243,-0.000428379516189242,-0.00199));
#8216=CARTESIAN_POINT('',(0.,0.,-0.006));
#8217=CARTESIAN_POINT('',(0.,0.,-0.011458734125));
#8218=CARTESIAN_POINT('',(0.003,0.,-0.011458734125));
#8219=CARTESIAN_POINT('',(0.,0.,-0.00392132034355964));
#8220=CARTESIAN_POINT('',(-0.003,0.,-0.00392132034355964));
#8221=CARTESIAN_POINT('',(-0.0015,0.,-0.012));
#8222=CARTESIAN_POINT('',(0.,0.,-0.012));
#8223=CARTESIAN_POINT('',(0.002458734125,0.,-0.012));
#8224=CARTESIAN_POINT('',(-0.002825,0.,-2.43945488809238E-19));
#8225=CARTESIAN_POINT('',(-0.00062301746332977,-4.33241453222265E-19,-2.43945488809238E-19));
#8226=CARTESIAN_POINT('',(-0.000623017463329771,-0.0034,-2.43945488809238E-19));
#8227=CARTESIAN_POINT('',(-0.00062301746332977,-0.00190401583057866,-2.43945488809238E-19));
#8228=CARTESIAN_POINT('',(-0.0016243189955289,0.000500081200513429,-2.43945488809238E-19));
#8229=CARTESIAN_POINT('',(-0.000999673999718051,-0.000999673999718052,-2.43945488809238E-19));
#8230=CARTESIAN_POINT('',(-0.00290998029145784,-0.000204035307872169,-2.43945488809238E-19));
#8231=CARTESIAN_POINT('',(-0.00190401583057866,-0.00062301746332977,-2.43945488809238E-19));
#8232=CARTESIAN_POINT('',(-0.002825,-0.00062301746332977,-2.43945488809238E-19));
#8233=CARTESIAN_POINT('',(-0.0034,-0.00062301746332977,-2.43945488809238E-19));
#8234=CARTESIAN_POINT('',(-0.0034,0.,-2.43945488809238E-19));
#8235=CARTESIAN_POINT('',(-0.0034,0.00062301746332977,-2.43945488809238E-19));
#8236=CARTESIAN_POINT('',(-0.002825,0.00062301746332977,-2.43945488809238E-19));
#8237=CARTESIAN_POINT('',(-0.00190401583057866,0.00062301746332977,-2.43945488809238E-19));
#8238=CARTESIAN_POINT('',(-0.00290998029145784,0.000204035307872168,-2.43945488809238E-19));
#8239=CARTESIAN_POINT('',(-0.000999673999718051,0.000999673999718051,-2.43945488809238E-19));
#8240=CARTESIAN_POINT('',(-0.0016243189955289,-0.000500081200513428,-2.43945488809238E-19));
#8241=CARTESIAN_POINT('',(-0.000623017463329769,0.00190401583057866,-2.43945488809238E-19));
#8242=CARTESIAN_POINT('',(-0.00062301746332977,-4.33241453222267E-19,-2.43945488809238E-19));
#8243=CARTESIAN_POINT('',(-0.00062301746332977,0.0034,-2.43945488809238E-19));
#8244=CARTESIAN_POINT('',(-0.002825,0.0034,-2.43945488809238E-19));
#8245=CARTESIAN_POINT('',(0.00062301746332977,0.0034,-2.43945488809238E-19));
#8246=CARTESIAN_POINT('',(0.00062301746332977,-6.7839961111029E-19,-2.43945488809238E-19));
#8247=CARTESIAN_POINT('',(0.00062301746332977,0.00190401583057866,-2.43945488809238E-19));
#8248=CARTESIAN_POINT('',(0.000789096799843432,0.00150526397911457,-2.43945488809238E-19));
#8249=CARTESIAN_POINT('',(0.000999673999718051,0.000999673999718051,-2.43945488809238E-19));
#8250=CARTESIAN_POINT('',(-0.0019047975128567,0.00220938048750017,-2.43945488809238E-19));
#8251=CARTESIAN_POINT('',(0.00190401583057866,0.00062301746332977,-2.43945488809238E-19));
#8252=CARTESIAN_POINT('',(-0.002825,0.00062301746332977,-2.43945488809238E-19));
#8253=CARTESIAN_POINT('',(0.0034,0.00062301746332977,-2.43945488809238E-19));
#8254=CARTESIAN_POINT('',(0.0034,0.,-2.43945488809238E-19));
#8255=CARTESIAN_POINT('',(0.0034,-0.00062301746332977,-2.43945488809238E-19));
#8256=CARTESIAN_POINT('',(-0.002825,-0.00062301746332977,-2.43945488809238E-19));
#8257=CARTESIAN_POINT('',(0.00190401583057866,-0.00062301746332977,-2.43945488809238E-19));
#8258=CARTESIAN_POINT('',(-0.0019047975128567,-0.00220938048750017,-2.43945488809238E-19));
#8259=CARTESIAN_POINT('',(0.000999673999718051,-0.000999673999718052,-2.43945488809238E-19));
#8260=CARTESIAN_POINT('',(0.000789096799843433,-0.00150526397911456,-2.43945488809238E-19));
#8261=CARTESIAN_POINT('',(0.000623017463329769,-0.00190401583057866,-2.43945488809238E-19));
#8262=CARTESIAN_POINT('',(0.00062301746332977,-6.78399611110295E-19,-2.43945488809238E-19));
#8263=CARTESIAN_POINT('',(0.000623017463329769,-0.0034,-2.43945488809238E-19));
#8264=CARTESIAN_POINT('',(-0.002825,-0.0034,-2.43945488809238E-19));
#8265=CARTESIAN_POINT('',(0.,0.,-8.67361737988404E-19));
#8266=CARTESIAN_POINT('',(-0.00565,0.,-8.67361737988404E-19));
#8267=CARTESIAN_POINT('',(0.,0.,-0.006));
#8268=CARTESIAN_POINT('',(0.,0.,-0.00065));
#8269=CARTESIAN_POINT('',(-0.00565,0.,-0.00065));
#8270=CARTESIAN_POINT('',(0.,0.,-0.00065));
#8271=CARTESIAN_POINT('',(0.,0.,-0.00286066017177982));
#8272=CARTESIAN_POINT('',(-0.00343933982822017,0.,-0.00286066017177982));
#8273=CARTESIAN_POINT('',(0.,0.,-0.00392132034355964));
#8274=CARTESIAN_POINT('',(-0.00102852726170243,-0.000428379516189242,-0.00199));
#8275=CARTESIAN_POINT('',(-0.000432899569005061,-0.00186600646286932,-0.00196010559448597));
#8276=CARTESIAN_POINT('',(-0.000434424037332824,-0.00185480477565361,-0.00199));
#8277=CARTESIAN_POINT('',(-0.000557614531938244,-0.00151906309042773,-0.0021484201136136));
#8278=CARTESIAN_POINT('',(-0.000682934939421815,-0.00117948252818019,-0.00230178619372755));
#8279=CARTESIAN_POINT('',(-0.000822913588306135,-0.000822913588305942,-0.00238298513762943));
#8280=CARTESIAN_POINT('',(-0.000822913588306285,-0.000822913588306001,-0.00238298513762935));
#8281=CARTESIAN_POINT('',(-0.00085071824789863,-0.000850718247898631,-0.00200813824721645));
#8282=CARTESIAN_POINT('',(-0.00043,8.46027712677874E-20,-0.00199));
#8283=CARTESIAN_POINT('',(-0.000337599826839427,-0.00194565624523236,-0.00294264097567893));
#8284=CARTESIAN_POINT('',(0.,-0.00241648074097117,-0.00199));
#8285=CARTESIAN_POINT('',(0.000337599826839425,-0.00194565624523236,-0.00294264097567893));
#8286=CARTESIAN_POINT('',(0.00043,-8.46027712677879E-20,-0.00199));
#8287=CARTESIAN_POINT('',(0.000426525402476571,-0.00186473210602731,-0.00202582291960707));
#8288=CARTESIAN_POINT('',(0.00102852726170243,-0.000428379516189242,-0.00199));
#8289=CARTESIAN_POINT('',(0.00085071824789863,-0.000850718247898631,-0.00200813824721645));
#8290=CARTESIAN_POINT('',(0.000822913588306001,-0.000822913588306284,-0.00238298513762935));
#8291=CARTESIAN_POINT('',(0.000434424037332826,-0.00185480477565361,-0.00199));
#8292=CARTESIAN_POINT('',(0.000557614531938206,-0.00151906309042783,-0.00214842011361355));
#8293=CARTESIAN_POINT('',(0.000682934939421732,-0.00117948252818042,-0.00230178619372744));
#8294=CARTESIAN_POINT('',(0.000822913588305999,-0.000822913588306289,-0.00238298513762935));
#8295=CARTESIAN_POINT('',(0.000428379516189242,-0.00102852726170243,-0.00199));
#8296=CARTESIAN_POINT('',(0.00186600646286932,-0.00043289956900506,-0.00196010559448597));
#8297=CARTESIAN_POINT('',(0.00186542676580869,-0.00043,-0.00199));
#8298=CARTESIAN_POINT('',(0.000428379516189242,-0.00102852726170243,-0.00199));
#8299=CARTESIAN_POINT('',(0.00185480477565361,-0.000434424037332825,-0.00199));
#8300=CARTESIAN_POINT('',(0.00185480477565361,-0.000434424037332825,-0.00199));
#8301=CARTESIAN_POINT('',(0.00151906309042773,-0.000557614531938245,-0.0021484201136136));
#8302=CARTESIAN_POINT('',(0.00117948252818019,-0.000682934939421816,-0.00230178619372755));
#8303=CARTESIAN_POINT('',(0.000822913588305942,-0.000822913588306135,-0.00238298513762943));
#8304=CARTESIAN_POINT('',(0.,-0.00043,-0.00199));
#8305=CARTESIAN_POINT('',(0.00194565624523236,-0.000337599826839426,-0.00294264097567893));
#8306=CARTESIAN_POINT('',(0.00241648074097117,-0.00043,-0.00199));
#8307=CARTESIAN_POINT('',(0.,-0.00043,-0.00199));
#8308=CARTESIAN_POINT('',(0.00241648074097117,0.,-0.00199));
#8309=CARTESIAN_POINT('',(0.00194565624523236,0.000337599826839426,-0.00294264097567893));
#8310=CARTESIAN_POINT('',(0.00241648074097117,0.00043,-0.00199));
#8311=CARTESIAN_POINT('',(0.00241648074097117,0.,-0.00199));
#8312=CARTESIAN_POINT('',(0.,0.00043,-0.00199));
#8313=CARTESIAN_POINT('',(0.00186473210602731,0.000426525402476571,-0.00202582291960707));
#8314=CARTESIAN_POINT('',(0.00186542676580869,0.00043,-0.00199));
#8315=CARTESIAN_POINT('',(0.,0.00043,-0.00199));
#8316=CARTESIAN_POINT('',(0.000428379516189242,0.00102852726170243,-0.00199));
#8317=CARTESIAN_POINT('',(0.00085071824789863,0.000850718247898631,-0.00200813824721645));
#8318=CARTESIAN_POINT('',(0.000822913588306285,0.000822913588306001,-0.00238298513762935));
#8319=CARTESIAN_POINT('',(0.00185480477565361,0.000434424037332826,-0.00199));
#8320=CARTESIAN_POINT('',(0.00151906309042783,0.000557614531938206,-0.00214842011361355));
#8321=CARTESIAN_POINT('',(0.00117948252818042,0.000682934939421732,-0.00230178619372744));
#8322=CARTESIAN_POINT('',(0.000822913588306287,0.000822913588306,-0.00238298513762935));
#8323=CARTESIAN_POINT('',(0.00185480477565361,0.000434424037332826,-0.00199));
#8324=CARTESIAN_POINT('',(0.000428379516189242,0.00102852726170243,-0.00199));
#8325=CARTESIAN_POINT('',(0.00102852726170243,0.000428379516189242,-0.00199));
#8326=CARTESIAN_POINT('',(0.000426525402476571,0.0018647321060273,-0.00202582291960707));
#8327=CARTESIAN_POINT('',(0.000434424037332825,0.00185480477565361,-0.00199));
#8328=CARTESIAN_POINT('',(0.000557614531938244,0.00151906309042773,-0.0021484201136136));
#8329=CARTESIAN_POINT('',(0.000682934939421814,0.00117948252818019,-0.00230178619372754));
#8330=CARTESIAN_POINT('',(0.000822913588306133,0.000822913588305949,-0.00238298513762943));
#8331=CARTESIAN_POINT('',(0.00043,-8.46027712677873E-20,-0.00199));
#8332=CARTESIAN_POINT('',(0.000337599826839426,0.00194565624523236,-0.00294264097567893));
#8333=CARTESIAN_POINT('',(0.,0.00241648074097117,-0.00199));
#8334=CARTESIAN_POINT('',(-0.000337599826839425,0.00194565624523236,-0.00294264097567893));
#8335=CARTESIAN_POINT('',(-0.00043,8.46027712677879E-20,-0.00199));
#8336=CARTESIAN_POINT('',(-0.000432899569005059,0.00186600646286932,-0.00196010559448597));
#8337=CARTESIAN_POINT('',(-0.00102852726170243,0.000428379516189242,-0.00199));
#8338=CARTESIAN_POINT('',(-0.000850718247898631,0.00085071824789863,-0.00200813824721645));
#8339=CARTESIAN_POINT('',(-0.000822913588306001,0.000822913588306285,-0.00238298513762935));
#8340=CARTESIAN_POINT('',(-0.000434424037332825,0.00185480477565361,-0.00199));
#8341=CARTESIAN_POINT('',(-0.000557614531938205,0.00151906309042784,-0.00214842011361355));
#8342=CARTESIAN_POINT('',(-0.000682934939421735,0.00117948252818041,-0.00230178619372744));
#8343=CARTESIAN_POINT('',(-0.000822913588306003,0.00082291358830628,-0.00238298513762935));
#8344=CARTESIAN_POINT('',(-0.000428379516189242,0.00102852726170243,-0.00199));
#8345=CARTESIAN_POINT('',(-0.0018647321060273,0.000426525402476571,-0.00202582291960707));
#8346=CARTESIAN_POINT('',(-0.00185480477565361,0.000434424037332826,-0.00199));
#8347=CARTESIAN_POINT('',(-0.00151906309042772,0.000557614531938245,-0.0021484201136136));
#8348=CARTESIAN_POINT('',(-0.00117948252818019,0.000682934939421814,-0.00230178619372754));
#8349=CARTESIAN_POINT('',(-0.000822913588305949,0.000822913588306132,-0.00238298513762943));
#8350=CARTESIAN_POINT('',(0.,0.00043,-0.00199));
#8351=CARTESIAN_POINT('',(-0.00194565624523236,0.000337599826839426,-0.00294264097567893));
#8352=CARTESIAN_POINT('',(-0.00241648074097117,0.,-0.00199));
#8353=CARTESIAN_POINT('',(-0.00194565624523236,-0.000337599826839426,-0.00294264097567893));
#8354=CARTESIAN_POINT('',(0.,-0.00043,-0.00199));
#8355=CARTESIAN_POINT('',(-0.00186600646286932,-0.00043289956900506,-0.00196010559448597));
#8356=CARTESIAN_POINT('',(-0.000428379516189242,-0.00102852726170243,-0.00199));
#8357=CARTESIAN_POINT('',(-0.00185480477565361,-0.000434424037332826,-0.00199));
#8358=CARTESIAN_POINT('',(-0.00151906309042784,-0.000557614531938206,-0.00214842011361355));
#8359=CARTESIAN_POINT('',(-0.00117948252818041,-0.000682934939421735,-0.00230178619372744));
#8360=CARTESIAN_POINT('',(-0.00082291358830628,-0.000822913588306003,-0.00238298513762935));
#8361=CARTESIAN_POINT('',(0.,0.,-0.00199));
#8362=CARTESIAN_POINT('',(3.99471666896364E-19,0.,-0.00199));
#8363=CARTESIAN_POINT('',(3.99471666896364E-19,0.,-0.00199));
#8364=CARTESIAN_POINT('',(8.13151629364129E-20,0.,-0.003));
#8365=CARTESIAN_POINT('',(0.,0.,-0.012));
#8366=CARTESIAN_POINT('',(0.,0.,0.));
#8367=CARTESIAN_POINT('',(-0.1,-1.85967005799859E-17,0.));
#8368=CARTESIAN_POINT('',(-0.1,0.14925,0.09925));
#8369=CARTESIAN_POINT('',(-0.1,-0.14925,0.09925));
#8370=CARTESIAN_POINT('',(-0.1,0.14925,0.09925));
#8371=CARTESIAN_POINT('',(-0.1,-0.14925,-0.004));
#8372=CARTESIAN_POINT('',(-0.1,-0.14925,0.000750000000000037));
#8373=CARTESIAN_POINT('',(-0.1,0.14925,0.00075));
#8374=CARTESIAN_POINT('',(-0.1,0.14925,0.00075));
#8375=CARTESIAN_POINT('',(-0.1,0.14925,-0.004));
#8376=CARTESIAN_POINT('',(-0.1,-1.85967005799859E-17,0.));
#8377=CARTESIAN_POINT('',(-0.1,0.15,0.));
#8378=CARTESIAN_POINT('',(-0.1,-0.15,0.));
#8379=CARTESIAN_POINT('',(-0.1,-0.15,0.));
#8380=CARTESIAN_POINT('',(-0.1,-0.15,0.1));
#8381=CARTESIAN_POINT('',(-0.1,-1.85967005799859E-17,0.1));
#8382=CARTESIAN_POINT('',(-0.1,0.15,0.1));
#8383=CARTESIAN_POINT('',(-0.1,0.15,0.));
#8384=CARTESIAN_POINT('',(0.,0.,0.));
#8385=CARTESIAN_POINT('',(-0.09925,0.14925,0.));
#8386=CARTESIAN_POINT('',(-0.09925,-0.14925,0.));
#8387=CARTESIAN_POINT('',(-0.09925,0.14925,0.));
#8388=CARTESIAN_POINT('',(0.09925,-0.14925,0.));
#8389=CARTESIAN_POINT('',(0.09925,-0.14925,0.));
#8390=CARTESIAN_POINT('',(0.09925,0.14925,0.));
#8391=CARTESIAN_POINT('',(0.09925,0.14925,0.));
#8392=CARTESIAN_POINT('',(0.09925,0.14925,0.));
#8393=CARTESIAN_POINT('',(0.1,1.85967005799859E-17,0.));
#8394=CARTESIAN_POINT('',(0.1,-0.15,0.));
#8395=CARTESIAN_POINT('',(0.1,0.15,0.));
#8396=CARTESIAN_POINT('',(0.,-0.15,0.));
#8397=CARTESIAN_POINT('',(0.,0.15,0.));
#8398=CARTESIAN_POINT('',(0.,-0.15,0.));
#8399=CARTESIAN_POINT('',(-0.09925,-0.15,-0.004));
#8400=CARTESIAN_POINT('',(-0.09925,-0.15,0.09925));
#8401=CARTESIAN_POINT('',(-0.09925,-0.15,0.00075));
#8402=CARTESIAN_POINT('',(-0.104,-0.15,0.09925));
#8403=CARTESIAN_POINT('',(0.09925,-0.15,0.09925));
#8404=CARTESIAN_POINT('',(0.09925,-0.15,-0.004));
#8405=CARTESIAN_POINT('',(0.09925,-0.15,0.00075));
#8406=CARTESIAN_POINT('',(-0.104,-0.15,0.000750000000000037));
#8407=CARTESIAN_POINT('',(0.1,-0.15,0.));
#8408=CARTESIAN_POINT('',(0.1,-0.15,0.1));
#8409=CARTESIAN_POINT('',(0.,-0.15,0.1));
#8410=CARTESIAN_POINT('',(0.,0.,0.1));
#8411=CARTESIAN_POINT('',(0.1,1.85967005799859E-17,0.1));
#8412=CARTESIAN_POINT('',(0.1,0.15,0.1));
#8413=CARTESIAN_POINT('',(0.,0.15,0.1));
#8414=CARTESIAN_POINT('',(0.09925,0.14925,0.1));
#8415=CARTESIAN_POINT('',(0.09925,-0.14925,0.1));
#8416=CARTESIAN_POINT('',(0.09925,0.14925,0.1));
#8417=CARTESIAN_POINT('',(0.09925,-0.14925,0.1));
#8418=CARTESIAN_POINT('',(-0.09925,-0.14925,0.1));
#8419=CARTESIAN_POINT('',(-0.09925,0.14925,0.1));
#8420=CARTESIAN_POINT('',(-0.09925,0.14925,0.1));
#8421=CARTESIAN_POINT('',(0.09925,0.14925,0.1));
#8422=CARTESIAN_POINT('',(0.,0.15,0.));
#8423=CARTESIAN_POINT('',(0.09925,0.15,-0.004));
#8424=CARTESIAN_POINT('',(0.09925,0.15,0.09925));
#8425=CARTESIAN_POINT('',(0.09925,0.15,0.00075));
#8426=CARTESIAN_POINT('',(-0.104,0.15,0.09925));
#8427=CARTESIAN_POINT('',(-0.09925,0.15,0.09925));
#8428=CARTESIAN_POINT('',(-0.09925,0.15,-0.004));
#8429=CARTESIAN_POINT('',(-0.09925,0.15,0.00075));
#8430=CARTESIAN_POINT('',(-0.104,0.15,0.00075));
#8431=CARTESIAN_POINT('',(0.1,0.15,0.));
#8432=CARTESIAN_POINT('',(0.1,1.85967005799859E-17,0.));
#8433=CARTESIAN_POINT('',(0.1,0.14925,0.00075));
#8434=CARTESIAN_POINT('',(0.1,-0.14925,0.000749999999999959));
#8435=CARTESIAN_POINT('',(0.1,0.14925,0.00075));
#8436=CARTESIAN_POINT('',(0.1,-0.14925,-0.004));
#8437=CARTESIAN_POINT('',(0.1,-0.14925,0.09925));
#8438=CARTESIAN_POINT('',(0.1,0.14925,0.09925));
#8439=CARTESIAN_POINT('',(0.1,0.14925,0.09925));
#8440=CARTESIAN_POINT('',(0.1,0.14925,-0.004));
#8441=CARTESIAN_POINT('',(-0.09925,0.14925,-0.004));
#8442=CARTESIAN_POINT('',(-0.09925,0.14925,-0.004));
#8443=CARTESIAN_POINT('',(-0.09925,0.14925,-0.004));
#8444=CARTESIAN_POINT('',(-0.09925,0.14925,-0.004));
#8445=CARTESIAN_POINT('',(-0.09925,-0.14925,-0.004));
#8446=CARTESIAN_POINT('',(-0.09925,-0.14925,-0.004));
#8447=CARTESIAN_POINT('',(0.09925,-0.14925,-0.004));
#8448=CARTESIAN_POINT('',(0.09925,-0.14925,-0.004));
#8449=CARTESIAN_POINT('',(0.09925,-0.14925,-0.004));
#8450=CARTESIAN_POINT('',(0.09925,-0.14925,-0.004));
#8451=CARTESIAN_POINT('',(0.09925,0.14925,-0.004));
#8452=CARTESIAN_POINT('',(0.09925,0.14925,-0.004));
#8453=CARTESIAN_POINT('',(0.09925,0.14925,-0.004));
#8454=CARTESIAN_POINT('',(0.09925,0.14925,-0.004));
#8455=CARTESIAN_POINT('',(0.09925,0.14925,-0.004));
#8456=CARTESIAN_POINT('',(0.09925,0.14925,-0.004));
#8457=CARTESIAN_POINT('',(-0.09925,0.14925,-0.004));
#8458=CARTESIAN_POINT('',(-0.09925,0.14925,0.00075));
#8459=CARTESIAN_POINT('',(-0.09925,-0.154,0.00075));
#8460=CARTESIAN_POINT('',(-0.09925,-0.154,0.));
#8461=CARTESIAN_POINT('',(-0.09925,-0.154,0.09925));
#8462=CARTESIAN_POINT('',(-0.09925,0.14925,0.09925));
#8463=CARTESIAN_POINT('',(-0.104,0.14925,0.09925));
#8464=CARTESIAN_POINT('',(-3.41527275453594E-33,-0.154,0.09925));
#8465=CARTESIAN_POINT('',(0.09925,-0.154,0.09925));
#8466=CARTESIAN_POINT('',(0.09925,0.14925,0.09925));
#8467=CARTESIAN_POINT('',(0.09925,0.14925,-0.004));
#8468=CARTESIAN_POINT('',(0.09925,-0.154,0.));
#8469=CARTESIAN_POINT('',(0.09925,-0.154,0.00075));
#8470=CARTESIAN_POINT('',(0.09925,0.14925,0.00075));
#8471=CARTESIAN_POINT('',(-0.104,0.14925,0.00075));
#8472=CARTESIAN_POINT('',(-1.69869763206274E-35,-0.154,0.000750000000000037));
#8473=CARTESIAN_POINT('',(0.09925,0.14925,-0.004));
#8474=CARTESIAN_POINT('',(0.09925,0.14925,-0.004));
#8475=CARTESIAN_POINT('',(0.09925,0.14925,0.104));
#8476=CARTESIAN_POINT('',(0.09925,0.,0.104));
#8477=CARTESIAN_POINT('',(0.09925,-0.14925,0.104));
#8478=CARTESIAN_POINT('',(0.09925,-0.14925,-0.004));
#8479=CARTESIAN_POINT('',(0.09925,-0.14925,-0.004));
#8480=CARTESIAN_POINT('',(0.,-0.14925,0.104));
#8481=CARTESIAN_POINT('',(-0.09925,-0.14925,0.104));
#8482=CARTESIAN_POINT('',(-0.09925,-0.14925,-0.004));
#8483=CARTESIAN_POINT('',(-0.09925,0.14925,-0.004));
#8484=CARTESIAN_POINT('',(-0.09925,0.,0.104));
#8485=CARTESIAN_POINT('',(-0.09925,0.14925,0.104));
#8486=CARTESIAN_POINT('',(-0.09925,0.14925,-0.004));
#8487=CARTESIAN_POINT('',(0.09925,0.14925,-0.004));
#8488=CARTESIAN_POINT('',(0.,0.14925,0.104));
#8489=CARTESIAN_POINT('',(0.09925,0.14925,-0.004));
#8490=CARTESIAN_POINT('',(0.09925,0.14925,0.00075));
#8491=CARTESIAN_POINT('',(0.09925,0.154,0.00075));
#8492=CARTESIAN_POINT('',(0.09925,0.154,0.));
#8493=CARTESIAN_POINT('',(0.09925,0.154,0.09925));
#8494=CARTESIAN_POINT('',(0.09925,0.14925,0.09925));
#8495=CARTESIAN_POINT('',(-0.104,0.14925,0.09925));
#8496=CARTESIAN_POINT('',(-3.41527275453593E-33,0.154,0.09925));
#8497=CARTESIAN_POINT('',(-0.09925,0.154,0.09925));
#8498=CARTESIAN_POINT('',(-0.09925,0.14925,0.09925));
#8499=CARTESIAN_POINT('',(-0.09925,0.14925,-0.004));
#8500=CARTESIAN_POINT('',(-0.09925,0.154,0.));
#8501=CARTESIAN_POINT('',(-0.09925,0.154,0.00075));
#8502=CARTESIAN_POINT('',(-0.09925,0.14925,0.00075));
#8503=CARTESIAN_POINT('',(-0.104,0.14925,0.00075));
#8504=CARTESIAN_POINT('',(-1.69869763206265E-35,0.154,0.00075));
#8505=CARTESIAN_POINT('',(-0.104,0.14925,0.00075));
#8506=CARTESIAN_POINT('',(0.09925,0.14925,0.00075));
#8507=CARTESIAN_POINT('',(0.104,0.14925,0.00075));
#8508=CARTESIAN_POINT('',(0.104,1.94286523113426E-17,0.000750000000000018));
#8509=CARTESIAN_POINT('',(0.104,-0.14925,0.000749999999999959));
#8510=CARTESIAN_POINT('',(-0.104,-0.14925,0.000750000000000037));
#8511=CARTESIAN_POINT('',(0.09925,-0.14925,-0.004));
#8512=CARTESIAN_POINT('',(0.104,-0.14925,0.));
#8513=CARTESIAN_POINT('',(0.104,-0.14925,0.09925));
#8514=CARTESIAN_POINT('',(0.09925,-0.14925,0.09925));
#8515=CARTESIAN_POINT('',(-0.104,0.14925,0.09925));
#8516=CARTESIAN_POINT('',(0.104,3.77940745887053E-17,0.09925));
#8517=CARTESIAN_POINT('',(0.104,0.14925,0.09925));
#8518=CARTESIAN_POINT('',(-0.104,0.14925,0.09925));
#8519=CARTESIAN_POINT('',(0.09925,0.14925,-0.004));
#8520=CARTESIAN_POINT('',(0.104,0.14925,0.));
#8521=CARTESIAN_POINT('',(0.,0.,-0.004));
#8522=CARTESIAN_POINT('',(-0.0928860389693211,-0.142886038969321,-0.004));
#8523=CARTESIAN_POINT('',(-0.0902860389693211,-0.142886038969321,-0.004));
#8524=CARTESIAN_POINT('',(-0.0928860389693211,0.142886038969321,-0.004));
#8525=CARTESIAN_POINT('',(-0.0902860389693211,0.142886038969321,-0.004));
#8526=CARTESIAN_POINT('',(0.0928860389693211,0.142886038969321,-0.004));
#8527=CARTESIAN_POINT('',(0.0954860389693211,0.142886038969321,-0.004));
#8528=CARTESIAN_POINT('',(0.0928860389693211,-0.142886038969321,-0.004));
#8529=CARTESIAN_POINT('',(0.0954860389693211,-0.142886038969321,-0.004));
#8530=CARTESIAN_POINT('',(0.,-0.154,0.));
#8531=CARTESIAN_POINT('',(0.0928860389693211,-0.154,0.0928860389693211));
#8532=CARTESIAN_POINT('',(0.0928860389693211,-0.154,0.0958860389693211));
#8533=CARTESIAN_POINT('',(0.0928860389693211,-0.154,0.00711396103067893));
#8534=CARTESIAN_POINT('',(0.0928860389693211,-0.154,0.0101139610306789));
#8535=CARTESIAN_POINT('',(-0.0928860389693211,-0.154,0.00711396103067893));
#8536=CARTESIAN_POINT('',(-0.0928860389693211,-0.154,0.0101139610306789));
#8537=CARTESIAN_POINT('',(-0.0928860389693211,-0.154,0.0928860389693211));
#8538=CARTESIAN_POINT('',(-0.0928860389693211,-0.154,0.0958860389693211));
#8539=CARTESIAN_POINT('',(0.,0.,0.104));
#8540=CARTESIAN_POINT('',(-0.093089917824971,-0.143089917824971,0.104));
#8541=CARTESIAN_POINT('',(-0.095689917824971,-0.143089917824971,0.104));
#8542=CARTESIAN_POINT('',(-0.093089917824971,0.143089917824971,0.104));
#8543=CARTESIAN_POINT('',(-0.095689917824971,0.143089917824971,0.104));
#8544=CARTESIAN_POINT('',(0.093089917824971,0.143089917824971,0.104));
#8545=CARTESIAN_POINT('',(0.090489917824971,0.143089917824971,0.104));
#8546=CARTESIAN_POINT('',(0.093089917824971,-0.143089917824971,0.104));
#8547=CARTESIAN_POINT('',(0.090489917824971,-0.143089917824971,0.104));
#8548=CARTESIAN_POINT('',(0.,0.154,0.));
#8549=CARTESIAN_POINT('',(-0.0928860389693211,0.154,0.0928860389693211));
#8550=CARTESIAN_POINT('',(-0.0928860389693211,0.154,0.0898860389693211));
#8551=CARTESIAN_POINT('',(-0.0928860389693211,0.154,0.00711396103067893));
#8552=CARTESIAN_POINT('',(-0.0928860389693211,0.154,0.00411396103067893));
#8553=CARTESIAN_POINT('',(0.0928860389693211,0.154,0.00711396103067893));
#8554=CARTESIAN_POINT('',(0.0928860389693211,0.154,0.00411396103067893));
#8555=CARTESIAN_POINT('',(0.0928860389693211,0.154,0.0928860389693211));
#8556=CARTESIAN_POINT('',(0.0928860389693211,0.154,0.0898860389693211));
#8557=CARTESIAN_POINT('',(0.104,1.93368492630693E-17,0.));
#8558=CARTESIAN_POINT('',(0.104,-0.142886038969321,0.0928860389693211));
#8559=CARTESIAN_POINT('',(0.104,-0.145886038969321,0.0928860389693211));
#8560=CARTESIAN_POINT('',(0.104,-0.142886038969321,0.00711396103067893));
#8561=CARTESIAN_POINT('',(0.104,-0.145886038969321,0.00711396103067893));
#8562=CARTESIAN_POINT('',(0.104,0.142886038969321,0.00711396103067893));
#8563=CARTESIAN_POINT('',(0.104,0.139886038969321,0.00711396103067893));
#8564=CARTESIAN_POINT('',(0.104,0.142886038969321,0.0928860389693211));
#8565=CARTESIAN_POINT('',(0.104,0.139886038969321,0.0928860389693211));
#8566=CARTESIAN_POINT('',(-0.104,-1.93368492630693E-17,0.));
#8567=CARTESIAN_POINT('',(-0.104,0.142886038969321,0.0928860389693211));
#8568=CARTESIAN_POINT('',(-0.104,0.145886038969321,0.0928860389693211));
#8569=CARTESIAN_POINT('',(-0.104,0.142886038969321,0.00711396103067896));
#8570=CARTESIAN_POINT('',(-0.104,0.145886038969321,0.00711396103067896));
#8571=CARTESIAN_POINT('',(-0.104,-0.142886038969321,0.00711396103067896));
#8572=CARTESIAN_POINT('',(-0.104,-0.139886038969321,0.00711396103067896));
#8573=CARTESIAN_POINT('',(-0.104,-0.142886038969321,0.0928860389693211));
#8574=CARTESIAN_POINT('',(-0.104,-0.139886038969321,0.0928860389693211));
#8575=CARTESIAN_POINT('',(-0.104,0.14925,0.09925));
#8576=CARTESIAN_POINT('',(-0.104,-0.14925,0.09925));
#8577=CARTESIAN_POINT('',(-0.104,0.14925,0.09925));
#8578=CARTESIAN_POINT('',(-0.104,0.14925,0.));
#8579=CARTESIAN_POINT('',(-0.104,0.14925,0.00075));
#8580=CARTESIAN_POINT('',(-0.104,0.14925,0.00075));
#8581=CARTESIAN_POINT('',(-0.104,-0.14925,0.000750000000000037));
#8582=CARTESIAN_POINT('',(-0.104,-0.14925,0.));
#8583=CARTESIAN_POINT('',(0.09925,-0.14925,-0.004));
#8584=CARTESIAN_POINT('',(-0.104,-0.14925,0.09925));
#8585=CARTESIAN_POINT('',(0.09925,-0.14925,0.000750000000000036));
#8586=CARTESIAN_POINT('',(-0.104,0.14925,0.00075));
#8587=CARTESIAN_POINT('',(-0.104,0.14925,0.00075));
#8588=CARTESIAN_POINT('',(0.09925,0.14925,-0.004));
#8589=CARTESIAN_POINT('',(0.09925,0.14925,0.09925));
#8590=CARTESIAN_POINT('',(-0.104,0.14925,0.09925));
#8591=CARTESIAN_POINT('',(0.093089917824971,-0.143089917824971,0.098));
#8592=CARTESIAN_POINT('',(0.093089917824971,-0.143089917824971,0.0964377623905283));
#8593=CARTESIAN_POINT('',(0.093089917824971,-0.143089917824971,0.098));
#8594=CARTESIAN_POINT('',(0.090489917824971,-0.143089917824971,0.098));
#8595=CARTESIAN_POINT('',(0.093089917824971,-0.143089917824971,0.104));
#8596=CARTESIAN_POINT('',(0.093089917824971,0.143089917824971,0.098));
#8597=CARTESIAN_POINT('',(0.093089917824971,0.143089917824971,0.0964377623905283));
#8598=CARTESIAN_POINT('',(0.093089917824971,0.143089917824971,0.098));
#8599=CARTESIAN_POINT('',(0.090489917824971,0.143089917824971,0.098));
#8600=CARTESIAN_POINT('',(0.093089917824971,0.143089917824971,0.104));
#8601=CARTESIAN_POINT('',(-0.093089917824971,0.143089917824971,0.098));
#8602=CARTESIAN_POINT('',(-0.093089917824971,0.143089917824971,0.0964377623905283));
#8603=CARTESIAN_POINT('',(-0.093089917824971,0.143089917824971,0.098));
#8604=CARTESIAN_POINT('',(-0.095689917824971,0.143089917824971,0.098));
#8605=CARTESIAN_POINT('',(-0.093089917824971,0.143089917824971,0.104));
#8606=CARTESIAN_POINT('',(-0.093089917824971,-0.143089917824971,0.098));
#8607=CARTESIAN_POINT('',(-0.093089917824971,-0.143089917824971,0.0964377623905283));
#8608=CARTESIAN_POINT('',(-0.093089917824971,-0.143089917824971,0.098));
#8609=CARTESIAN_POINT('',(-0.095689917824971,-0.143089917824971,0.098));
#8610=CARTESIAN_POINT('',(-0.093089917824971,-0.143089917824971,0.104));
#8611=CARTESIAN_POINT('',(0.0928860389693211,-0.142886038969321,0.002));
#8612=CARTESIAN_POINT('',(0.0928860389693211,-0.142886038969321,0.00356223760947165));
#8613=CARTESIAN_POINT('',(0.0928860389693211,-0.142886038969321,0.002));
#8614=CARTESIAN_POINT('',(0.0954860389693211,-0.142886038969321,0.002));
#8615=CARTESIAN_POINT('',(0.0928860389693211,-0.142886038969321,-0.004));
#8616=CARTESIAN_POINT('',(0.0928860389693211,0.142886038969321,0.002));
#8617=CARTESIAN_POINT('',(0.0928860389693211,0.142886038969321,0.00356223760947165));
#8618=CARTESIAN_POINT('',(0.0928860389693211,0.142886038969321,0.002));
#8619=CARTESIAN_POINT('',(0.0954860389693211,0.142886038969321,0.002));
#8620=CARTESIAN_POINT('',(0.0928860389693211,0.142886038969321,-0.004));
#8621=CARTESIAN_POINT('',(-0.0928860389693211,0.142886038969321,0.002));
#8622=CARTESIAN_POINT('',(-0.0928860389693211,0.142886038969321,0.00356223760947165));
#8623=CARTESIAN_POINT('',(-0.0928860389693211,0.142886038969321,0.002));
#8624=CARTESIAN_POINT('',(-0.0902860389693211,0.142886038969321,0.002));
#8625=CARTESIAN_POINT('',(-0.0928860389693211,0.142886038969321,-0.004));
#8626=CARTESIAN_POINT('',(-0.0928860389693211,-0.142886038969321,0.002));
#8627=CARTESIAN_POINT('',(-0.0928860389693211,-0.142886038969321,0.00356223760947165));
#8628=CARTESIAN_POINT('',(-0.0928860389693211,-0.142886038969321,0.002));
#8629=CARTESIAN_POINT('',(-0.0902860389693211,-0.142886038969321,0.002));
#8630=CARTESIAN_POINT('',(-0.0928860389693211,-0.142886038969321,-0.004));
#8631=CARTESIAN_POINT('',(-0.098,-0.142886038969321,0.0928860389693211));
#8632=CARTESIAN_POINT('',(-0.0961974181429173,-0.142886038969321,0.0928860389693211));
#8633=CARTESIAN_POINT('',(-0.098,-0.142886038969321,0.0928860389693211));
#8634=CARTESIAN_POINT('',(-0.098,-0.139886038969321,0.0928860389693211));
#8635=CARTESIAN_POINT('',(-0.104,-0.142886038969321,0.0928860389693211));
#8636=CARTESIAN_POINT('',(-0.098,-0.142886038969321,0.00711396103067896));
#8637=CARTESIAN_POINT('',(-0.0961974181429173,-0.142886038969321,0.00711396103067896));
#8638=CARTESIAN_POINT('',(-0.098,-0.142886038969321,0.00711396103067896));
#8639=CARTESIAN_POINT('',(-0.098,-0.139886038969321,0.00711396103067896));
#8640=CARTESIAN_POINT('',(-0.104,-0.142886038969321,0.00711396103067896));
#8641=CARTESIAN_POINT('',(-0.098,0.142886038969321,0.00711396103067896));
#8642=CARTESIAN_POINT('',(-0.0961974181429174,0.142886038969321,0.00711396103067896));
#8643=CARTESIAN_POINT('',(-0.098,0.142886038969321,0.00711396103067896));
#8644=CARTESIAN_POINT('',(-0.098,0.145886038969321,0.00711396103067896));
#8645=CARTESIAN_POINT('',(-0.104,0.142886038969321,0.00711396103067896));
#8646=CARTESIAN_POINT('',(-0.098,0.142886038969321,0.0928860389693211));
#8647=CARTESIAN_POINT('',(-0.0961974181429174,0.142886038969321,0.0928860389693211));
#8648=CARTESIAN_POINT('',(-0.098,0.142886038969321,0.0928860389693211));
#8649=CARTESIAN_POINT('',(-0.098,0.145886038969321,0.0928860389693211));
#8650=CARTESIAN_POINT('',(-0.104,0.142886038969321,0.0928860389693211));
#8651=CARTESIAN_POINT('',(-0.0928860389693211,-0.148,0.0928860389693211));
#8652=CARTESIAN_POINT('',(-0.0928860389693211,-0.146197418142917,0.0928860389693211));
#8653=CARTESIAN_POINT('',(-0.0928860389693211,-0.148,0.0928860389693211));
#8654=CARTESIAN_POINT('',(-0.0928860389693211,-0.148,0.0958860389693211));
#8655=CARTESIAN_POINT('',(-0.0928860389693211,-0.154,0.0928860389693211));
#8656=CARTESIAN_POINT('',(-0.0928860389693211,-0.148,0.00711396103067893));
#8657=CARTESIAN_POINT('',(-0.0928860389693211,-0.146197418142917,0.00711396103067893));
#8658=CARTESIAN_POINT('',(-0.0928860389693211,-0.148,0.00711396103067893));
#8659=CARTESIAN_POINT('',(-0.0928860389693211,-0.148,0.0101139610306789));
#8660=CARTESIAN_POINT('',(-0.0928860389693211,-0.154,0.00711396103067893));
#8661=CARTESIAN_POINT('',(0.0928860389693211,-0.148,0.00711396103067893));
#8662=CARTESIAN_POINT('',(0.0928860389693211,-0.146197418142917,0.00711396103067893));
#8663=CARTESIAN_POINT('',(0.0928860389693211,-0.148,0.00711396103067893));
#8664=CARTESIAN_POINT('',(0.0928860389693211,-0.148,0.0101139610306789));
#8665=CARTESIAN_POINT('',(0.0928860389693211,-0.154,0.00711396103067893));
#8666=CARTESIAN_POINT('',(0.0928860389693211,-0.148,0.0928860389693211));
#8667=CARTESIAN_POINT('',(0.0928860389693211,-0.146197418142917,0.0928860389693211));
#8668=CARTESIAN_POINT('',(0.0928860389693211,-0.148,0.0928860389693211));
#8669=CARTESIAN_POINT('',(0.0928860389693211,-0.148,0.0958860389693211));
#8670=CARTESIAN_POINT('',(0.0928860389693211,-0.154,0.0928860389693211));
#8671=CARTESIAN_POINT('',(0.098,0.142886038969321,0.0928860389693211));
#8672=CARTESIAN_POINT('',(0.0961974181429173,0.142886038969321,0.0928860389693211));
#8673=CARTESIAN_POINT('',(0.098,0.142886038969321,0.0928860389693211));
#8674=CARTESIAN_POINT('',(0.098,0.139886038969321,0.0928860389693211));
#8675=CARTESIAN_POINT('',(0.104,0.142886038969321,0.0928860389693211));
#8676=CARTESIAN_POINT('',(0.098,0.142886038969321,0.00711396103067893));
#8677=CARTESIAN_POINT('',(0.0961974181429173,0.142886038969321,0.00711396103067893));
#8678=CARTESIAN_POINT('',(0.098,0.142886038969321,0.00711396103067893));
#8679=CARTESIAN_POINT('',(0.098,0.139886038969321,0.00711396103067893));
#8680=CARTESIAN_POINT('',(0.104,0.142886038969321,0.00711396103067893));
#8681=CARTESIAN_POINT('',(0.098,-0.142886038969321,0.00711396103067893));
#8682=CARTESIAN_POINT('',(0.0961974181429174,-0.142886038969321,0.00711396103067893));
#8683=CARTESIAN_POINT('',(0.098,-0.142886038969321,0.00711396103067893));
#8684=CARTESIAN_POINT('',(0.098,-0.145886038969321,0.00711396103067893));
#8685=CARTESIAN_POINT('',(0.104,-0.142886038969321,0.00711396103067893));
#8686=CARTESIAN_POINT('',(0.098,-0.142886038969321,0.0928860389693211));
#8687=CARTESIAN_POINT('',(0.0961974181429174,-0.142886038969321,0.0928860389693211));
#8688=CARTESIAN_POINT('',(0.098,-0.142886038969321,0.0928860389693211));
#8689=CARTESIAN_POINT('',(0.098,-0.145886038969321,0.0928860389693211));
#8690=CARTESIAN_POINT('',(0.104,-0.142886038969321,0.0928860389693211));
#8691=CARTESIAN_POINT('',(0.0928860389693211,0.148,0.0928860389693211));
#8692=CARTESIAN_POINT('',(0.0928860389693211,0.146197418142917,0.0928860389693211));
#8693=CARTESIAN_POINT('',(0.0928860389693211,0.148,0.0928860389693211));
#8694=CARTESIAN_POINT('',(0.0928860389693211,0.148,0.0898860389693211));
#8695=CARTESIAN_POINT('',(0.0928860389693211,0.154,0.0928860389693211));
#8696=CARTESIAN_POINT('',(0.0928860389693211,0.148,0.00711396103067893));
#8697=CARTESIAN_POINT('',(0.0928860389693211,0.146197418142917,0.00711396103067893));
#8698=CARTESIAN_POINT('',(0.0928860389693211,0.148,0.00711396103067893));
#8699=CARTESIAN_POINT('',(0.0928860389693211,0.148,0.00411396103067893));
#8700=CARTESIAN_POINT('',(0.0928860389693211,0.154,0.00711396103067893));
#8701=CARTESIAN_POINT('',(-0.0928860389693211,0.148,0.00711396103067893));
#8702=CARTESIAN_POINT('',(-0.0928860389693211,0.146197418142917,0.00711396103067893));
#8703=CARTESIAN_POINT('',(-0.0928860389693211,0.148,0.00711396103067893));
#8704=CARTESIAN_POINT('',(-0.0928860389693211,0.148,0.00411396103067893));
#8705=CARTESIAN_POINT('',(-0.0928860389693211,0.154,0.00711396103067893));
#8706=CARTESIAN_POINT('',(-0.0928860389693211,0.148,0.0928860389693211));
#8707=CARTESIAN_POINT('',(-0.0928860389693211,0.146197418142917,0.0928860389693211));
#8708=CARTESIAN_POINT('',(-0.0928860389693211,0.148,0.0928860389693211));
#8709=CARTESIAN_POINT('',(-0.0928860389693211,0.148,0.0898860389693211));
#8710=CARTESIAN_POINT('',(-0.0928860389693211,0.154,0.0928860389693211));
#8711=CARTESIAN_POINT('',(-0.1,-1.85967005799859E-17,0.));
#8712=CARTESIAN_POINT('',(-0.1,0.0274158408933393,0.01));
#8713=CARTESIAN_POINT('',(-0.1,0.130651316540162,0.01));
#8714=CARTESIAN_POINT('',(-0.1,0.0274158408933393,0.01));
#8715=CARTESIAN_POINT('',(-0.1,0.130651316540162,0.0198695318252216));
#8716=CARTESIAN_POINT('',(-0.1,0.14,0.0167057088186666));
#8717=CARTESIAN_POINT('',(-0.1,0.14,0.0167057088186666));
#8718=CARTESIAN_POINT('',(-0.1,0.14,0.0832942911813335));
#8719=CARTESIAN_POINT('',(-0.1,0.130371188463198,0.0832942911813335));
#8720=CARTESIAN_POINT('',(-0.1,0.130371188463198,0.092923102718135));
#8721=CARTESIAN_POINT('',(-0.1,-0.130371188463198,0.092923102718135));
#8722=CARTESIAN_POINT('',(-0.1,0.0274158408933393,0.092923102718135));
#8723=CARTESIAN_POINT('',(-0.1,0.0274158408933393,0.092923102718135));
#8724=CARTESIAN_POINT('',(-0.1,-1.85967005799859E-17,0.));
#8725=CARTESIAN_POINT('',(-0.1,-0.0174158408933393,0.0177030492294411));
#8726=CARTESIAN_POINT('',(-0.1,-0.0174158408933393,0.0177030492294411));
#8727=CARTESIAN_POINT('',(-0.1,-0.0174158408933393,0.0822969507705589));
#8728=CARTESIAN_POINT('',(-0.1,-0.00971279166389817,0.0177030492294411));
#8729=CARTESIAN_POINT('',(-0.1,-0.00971279166389817,0.01));
#8730=CARTESIAN_POINT('',(-0.1,-1.85967005799859E-17,0.01));
#8731=CARTESIAN_POINT('',(-0.1,0.00971279166389813,0.01));
#8732=CARTESIAN_POINT('',(-0.1,0.00724164745308609,0.0198695318252216));
#8733=CARTESIAN_POINT('',(-0.1,0.0174158408933393,0.0198695318252216));
#8734=CARTESIAN_POINT('',(-0.1,0.0174158408933393,0.0822969507705589));
#8735=CARTESIAN_POINT('',(-0.1,0.0174158408933393,0.0822969507705589));
#8736=CARTESIAN_POINT('',(-0.1,0.00971279166389814,0.0822969507705589));
#8737=CARTESIAN_POINT('',(-0.1,0.00971279166389814,0.09));
#8738=CARTESIAN_POINT('',(-0.1,-1.85967005799859E-17,0.09));
#8739=CARTESIAN_POINT('',(-0.1,-0.00971279166389818,0.09));
#8740=CARTESIAN_POINT('',(-0.1,-0.00971279166389818,0.0822969507705589));
#8741=CARTESIAN_POINT('',(-0.1,-1.85967005799859E-17,0.));
#8742=CARTESIAN_POINT('',(-0.1,-0.14,0.0167057088186666));
#8743=CARTESIAN_POINT('',(-0.1,-0.14,0.0167057088186666));
#8744=CARTESIAN_POINT('',(-0.1,-0.14,0.0832942911813335));
#8745=CARTESIAN_POINT('',(-0.1,-0.130371188463198,0.0188721914144469));
#8746=CARTESIAN_POINT('',(-0.1,-0.130371188463198,0.00900265958922539));
#8747=CARTESIAN_POINT('',(-0.1,-0.0274158408933393,0.00900265958922539));
#8748=CARTESIAN_POINT('',(-0.1,-0.0274158408933393,0.00900265958922539));
#8749=CARTESIAN_POINT('',(-0.1,-0.0274158408933394,0.092923102718135));
#8750=CARTESIAN_POINT('',(-0.1,-0.0274158408933394,0.092923102718135));
#8751=CARTESIAN_POINT('',(-0.1,-0.130371188463198,0.092923102718135));
#8752=CARTESIAN_POINT('',(-0.1,-0.130371188463198,0.092923102718135));
#8753=CARTESIAN_POINT('',(-0.1,-0.130371188463198,0.0832942911813335));
#8754=CARTESIAN_POINT('',(0.1,1.85967005799859E-17,0.));
#8755=CARTESIAN_POINT('',(0.1,0.130371188463198,0.0832942911813335));
#8756=CARTESIAN_POINT('',(0.1,0.130371188463198,0.092923102718135));
#8757=CARTESIAN_POINT('',(0.1,0.14,0.0832942911813335));
#8758=CARTESIAN_POINT('',(0.1,0.14,0.0167057088186666));
#8759=CARTESIAN_POINT('',(0.1,0.14,0.0167057088186666));
#8760=CARTESIAN_POINT('',(0.1,0.130651316540162,0.0198695318252216));
#8761=CARTESIAN_POINT('',(0.1,0.130651316540162,0.01));
#8762=CARTESIAN_POINT('',(0.1,0.0274158408933394,0.01));
#8763=CARTESIAN_POINT('',(0.1,0.0274158408933393,0.01));
#8764=CARTESIAN_POINT('',(0.1,0.0274158408933394,0.092923102718135));
#8765=CARTESIAN_POINT('',(0.1,0.0274158408933394,0.092923102718135));
#8766=CARTESIAN_POINT('',(0.1,6.07120159032918E-18,0.092923102718135));
#8767=CARTESIAN_POINT('',(0.1,1.85967005799859E-17,0.));
#8768=CARTESIAN_POINT('',(0.1,0.00724164745308613,0.0198695318252216));
#8769=CARTESIAN_POINT('',(0.1,0.0174158408933393,0.0198695318252216));
#8770=CARTESIAN_POINT('',(0.1,0.00971279166389817,0.01));
#8771=CARTESIAN_POINT('',(0.1,1.85967005799859E-17,0.01));
#8772=CARTESIAN_POINT('',(0.1,-0.00971279166389813,0.01));
#8773=CARTESIAN_POINT('',(0.1,-0.00971279166389813,0.0177030492294411));
#8774=CARTESIAN_POINT('',(0.1,-0.0174158408933393,0.0177030492294411));
#8775=CARTESIAN_POINT('',(0.1,-0.0174158408933393,0.0177030492294411));
#8776=CARTESIAN_POINT('',(0.1,-0.0174158408933393,0.0822969507705589));
#8777=CARTESIAN_POINT('',(0.1,-0.00971279166389814,0.0822969507705589));
#8778=CARTESIAN_POINT('',(0.1,-0.00971279166389814,0.09));
#8779=CARTESIAN_POINT('',(0.1,1.85967005799859E-17,0.09));
#8780=CARTESIAN_POINT('',(0.1,0.00971279166389817,0.09));
#8781=CARTESIAN_POINT('',(0.1,0.00971279166389817,0.0822969507705589));
#8782=CARTESIAN_POINT('',(0.1,0.0174158408933393,0.0822969507705589));
#8783=CARTESIAN_POINT('',(0.1,0.0174158408933393,0.0822969507705589));
#8784=CARTESIAN_POINT('',(0.1,1.85967005799859E-17,0.));
#8785=CARTESIAN_POINT('',(0.1,-0.0274158408933393,0.092923102718135));
#8786=CARTESIAN_POINT('',(0.1,-0.0274158408933393,0.092923102718135));
#8787=CARTESIAN_POINT('',(0.1,-0.0274158408933393,0.00900265958922539));
#8788=CARTESIAN_POINT('',(0.1,-0.0274158408933393,0.00900265958922539));
#8789=CARTESIAN_POINT('',(0.1,-0.130371188463198,0.00900265958922539));
#8790=CARTESIAN_POINT('',(0.1,-0.130371188463198,0.0188721914144469));
#8791=CARTESIAN_POINT('',(0.1,-0.14,0.0167057088186666));
#8792=CARTESIAN_POINT('',(0.1,-0.14,0.0167057088186666));
#8793=CARTESIAN_POINT('',(0.1,-0.14,0.0832942911813335));
#8794=CARTESIAN_POINT('',(0.1,-0.130371188463198,0.0832942911813335));
#8795=CARTESIAN_POINT('',(0.1,-0.130371188463198,0.092923102718135));
#8796=CARTESIAN_POINT('',(0.1,-0.130371188463198,0.092923102718135));
#8797=CARTESIAN_POINT('',(0.,-0.15,0.));
#8798=CARTESIAN_POINT('',(-0.09,-0.15,0.1));
#8799=CARTESIAN_POINT('',(-0.09,-0.15,0.0805203215711759));
#8800=CARTESIAN_POINT('',(-0.09,-0.15,0.0194796784288241));
#8801=CARTESIAN_POINT('',(-0.0798025039870298,-0.15,0.079775326794893));
#8802=CARTESIAN_POINT('',(-0.0798025039870298,-0.15,0.09));
#8803=CARTESIAN_POINT('',(-0.02,-0.15,0.09));
#8804=CARTESIAN_POINT('',(-0.02,-0.15,0.09));
#8805=CARTESIAN_POINT('',(-0.02,-0.15,0.01));
#8806=CARTESIAN_POINT('',(-0.02,-0.15,0.01));
#8807=CARTESIAN_POINT('',(-0.0805203215711759,-0.15,0.01));
#8808=CARTESIAN_POINT('',(-0.0805203215711759,-0.15,0.01));
#8809=CARTESIAN_POINT('',(-0.0805203215711759,-0.15,0.0194796784288241));
#8810=CARTESIAN_POINT('',(0.,-0.15,0.));
#8811=CARTESIAN_POINT('',(-0.0139925293677795,-0.15,0.0860382931557436));
#8812=CARTESIAN_POINT('',(-0.0139925293677796,-0.15,0.0860382931557436));
#8813=CARTESIAN_POINT('',(-0.0139925293677795,-0.15,0.0139617068442564));
#8814=CARTESIAN_POINT('',(-0.0100308225235232,-0.15,0.0860382931557436));
#8815=CARTESIAN_POINT('',(-0.0100308225235232,-0.15,0.09));
#8816=CARTESIAN_POINT('',(0.,-0.15,0.09));
#8817=CARTESIAN_POINT('',(0.0100308225235232,-0.15,0.09));
#8818=CARTESIAN_POINT('',(0.0100308225235232,-0.15,0.0860382931557436));
#8819=CARTESIAN_POINT('',(0.0139925293677795,-0.15,0.0860382931557436));
#8820=CARTESIAN_POINT('',(0.0139925293677795,-0.15,0.0860382931557436));
#8821=CARTESIAN_POINT('',(0.0139925293677795,-0.15,0.0139617068442564));
#8822=CARTESIAN_POINT('',(0.0100308225235231,-0.15,0.0139617068442564));
#8823=CARTESIAN_POINT('',(0.0100308225235231,-0.15,0.01));
#8824=CARTESIAN_POINT('',(0.,-0.15,0.01));
#8825=CARTESIAN_POINT('',(-0.0100308225235231,-0.15,0.01));
#8826=CARTESIAN_POINT('',(-0.0100308225235231,-0.15,0.0139617068442564));
#8827=CARTESIAN_POINT('',(0.,-0.15,0.));
#8828=CARTESIAN_POINT('',(0.0805203215711759,-0.15,0.01));
#8829=CARTESIAN_POINT('',(0.02,-0.15,0.01));
#8830=CARTESIAN_POINT('',(0.0805203215711759,-0.15,0.01));
#8831=CARTESIAN_POINT('',(0.02,-0.15,0.01));
#8832=CARTESIAN_POINT('',(0.02,-0.15,0.09));
#8833=CARTESIAN_POINT('',(0.02,-0.15,0.09));
#8834=CARTESIAN_POINT('',(0.0798025039870298,-0.15,0.09));
#8835=CARTESIAN_POINT('',(0.0798025039870298,-0.15,0.079775326794893));
#8836=CARTESIAN_POINT('',(0.09,-0.15,0.0805203215711759));
#8837=CARTESIAN_POINT('',(0.09,-0.15,0.1));
#8838=CARTESIAN_POINT('',(0.09,-0.15,0.0194796784288241));
#8839=CARTESIAN_POINT('',(0.0805203215711759,-0.15,0.0194796784288241));
#8840=CARTESIAN_POINT('',(0.,0.15,0.));
#8841=CARTESIAN_POINT('',(-0.02,0.15,0.01));
#8842=CARTESIAN_POINT('',(-0.02,0.15,0.01));
#8843=CARTESIAN_POINT('',(-0.02,0.15,0.09));
#8844=CARTESIAN_POINT('',(-0.02,0.15,0.09));
#8845=CARTESIAN_POINT('',(-0.0798025039870298,0.15,0.09));
#8846=CARTESIAN_POINT('',(-0.0798025039870298,0.15,0.079775326794893));
#8847=CARTESIAN_POINT('',(-0.09,0.15,0.0805203215711759));
#8848=CARTESIAN_POINT('',(-0.09,0.15,0.));
#8849=CARTESIAN_POINT('',(-0.09,0.15,0.0194796784288241));
#8850=CARTESIAN_POINT('',(-0.0805203215711759,0.15,0.0194796784288241));
#8851=CARTESIAN_POINT('',(-0.0805203215711759,0.15,0.01));
#8852=CARTESIAN_POINT('',(-0.0805203215711759,0.15,0.01));
#8853=CARTESIAN_POINT('',(0.,0.15,0.));
#8854=CARTESIAN_POINT('',(0.0100308225235232,0.15,0.0860382931557436));
#8855=CARTESIAN_POINT('',(0.0139925293677795,0.15,0.0860382931557436));
#8856=CARTESIAN_POINT('',(0.0100308225235232,0.15,0.09));
#8857=CARTESIAN_POINT('',(0.,0.15,0.09));
#8858=CARTESIAN_POINT('',(-0.0100308225235232,0.15,0.09));
#8859=CARTESIAN_POINT('',(-0.0100308225235232,0.15,0.0860382931557436));
#8860=CARTESIAN_POINT('',(-0.0139925293677795,0.15,0.0860382931557436));
#8861=CARTESIAN_POINT('',(-0.0139925293677795,0.15,0.0860382931557436));
#8862=CARTESIAN_POINT('',(-0.0139925293677795,0.15,0.0139617068442564));
#8863=CARTESIAN_POINT('',(-0.0100308225235231,0.15,0.0139617068442564));
#8864=CARTESIAN_POINT('',(-0.0100308225235231,0.15,0.01));
#8865=CARTESIAN_POINT('',(0.,0.15,0.01));
#8866=CARTESIAN_POINT('',(0.0100308225235231,0.15,0.01));
#8867=CARTESIAN_POINT('',(0.0100308225235231,0.15,0.0139617068442564));
#8868=CARTESIAN_POINT('',(0.0139925293677795,0.15,0.0139617068442564));
#8869=CARTESIAN_POINT('',(0.0139925293677795,0.15,0.0860382931557436));
#8870=CARTESIAN_POINT('',(0.,0.15,0.));
#8871=CARTESIAN_POINT('',(0.0798025039870298,0.15,0.079775326794893));
#8872=CARTESIAN_POINT('',(0.09,0.15,0.0805203215711759));
#8873=CARTESIAN_POINT('',(0.0798025039870298,0.15,0.09));
#8874=CARTESIAN_POINT('',(0.02,0.15,0.09));
#8875=CARTESIAN_POINT('',(0.02,0.15,0.09));
#8876=CARTESIAN_POINT('',(0.02,0.15,0.01));
#8877=CARTESIAN_POINT('',(0.02,0.15,0.01));
#8878=CARTESIAN_POINT('',(0.0805203215711759,0.15,0.01));
#8879=CARTESIAN_POINT('',(0.080520321571176,0.15,0.01));
#8880=CARTESIAN_POINT('',(0.0805203215711759,0.15,0.0194796784288241));
#8881=CARTESIAN_POINT('',(0.09,0.15,0.0194796784288241));
#8882=CARTESIAN_POINT('',(0.09,0.15,0.));
#8883=CARTESIAN_POINT('',(0.,0.,0.));
#8884=CARTESIAN_POINT('',(0.0471722945984137,-0.140192329536691,0.));
#8885=CARTESIAN_POINT('',(0.0471722945984137,-0.140192329536691,0.));
#8886=CARTESIAN_POINT('',(-0.0471722945984137,-0.140192329536691,0.));
#8887=CARTESIAN_POINT('',(0.0495142275570614,-0.128147974098557,0.));
#8888=CARTESIAN_POINT('',(0.0607664254340741,-0.123255204858192,0.));
#8889=CARTESIAN_POINT('',(0.0155610934754572,-0.0192937639428821,0.));
#8890=CARTESIAN_POINT('',(0.0155610934754572,-0.0192937639428821,0.));
#8891=CARTESIAN_POINT('',(-2.72157012301249E-29,-0.0245494012794891,0.));
#8892=CARTESIAN_POINT('',(-0.0152074507311068,-0.018344339134207,0.));
#8893=CARTESIAN_POINT('',(-0.0580139968802982,-0.123255204858192,0.));
#8894=CARTESIAN_POINT('',(-0.0580139968802982,-0.123255204858192,0.));
#8895=CARTESIAN_POINT('',(-0.0471722945984137,-0.128253800759802,0.));
#8896=CARTESIAN_POINT('',(0.,0.,0.));
#8897=CARTESIAN_POINT('',(-0.09,0.0647966399475153,0.));
#8898=CARTESIAN_POINT('',(-0.09,-0.0647966399475153,0.));
#8899=CARTESIAN_POINT('',(-0.09,0.0647966399475153,0.));
#8900=CARTESIAN_POINT('',(-0.0847579365772047,-0.0647966399475153,0.));
#8901=CARTESIAN_POINT('',(-0.0809573922587205,-0.0684070543021075,0.));
#8902=CARTESIAN_POINT('',(-0.0809573922587205,-0.0684070543021075,0.));
#8903=CARTESIAN_POINT('',(-0.0188974858712155,-0.00559289625308949,0.));
#8904=CARTESIAN_POINT('',(-0.0271194339033221,0.00253032534286477,0.));
#8905=CARTESIAN_POINT('',(-0.0165635895756939,0.00723790530187967,0.));
#8906=CARTESIAN_POINT('',(-0.0165635895756939,0.00723790530187967,0.));
#8907=CARTESIAN_POINT('',(-0.0756036099951276,0.0728985968997128,0.));
#8908=CARTESIAN_POINT('',(-0.0805220075471944,0.0647966399475153,0.));
#8909=CARTESIAN_POINT('',(0.,0.,0.));
#8910=CARTESIAN_POINT('',(0.09,0.0647966399475152,0.));
#8911=CARTESIAN_POINT('',(0.09,0.0647966399475152,0.));
#8912=CARTESIAN_POINT('',(0.09,-0.0647966399475153,0.));
#8913=CARTESIAN_POINT('',(0.0805220075471944,0.0647966399475153,0.));
#8914=CARTESIAN_POINT('',(0.0756036099951275,0.0728985968997128,0.));
#8915=CARTESIAN_POINT('',(0.0165635895756938,0.00723790530187967,0.));
#8916=CARTESIAN_POINT('',(0.0165635895756938,0.00723790530187967,0.));
#8917=CARTESIAN_POINT('',(0.027119433903322,0.00253032534286477,0.));
#8918=CARTESIAN_POINT('',(0.0188974858712154,-0.0055928962530895,0.));
#8919=CARTESIAN_POINT('',(0.0809573922587205,-0.0684070543021075,0.));
#8920=CARTESIAN_POINT('',(0.0809573922587205,-0.0684070543021075,0.));
#8921=CARTESIAN_POINT('',(0.0847579365772047,-0.0647966399475153,0.));
#8922=CARTESIAN_POINT('',(0.,0.,0.));
#8923=CARTESIAN_POINT('',(0.0155610934754572,0.019293763942882,0.));
#8924=CARTESIAN_POINT('',(0.0606830717274717,0.123063511288682,0.));
#8925=CARTESIAN_POINT('',(0.0155610934754572,0.019293763942882,0.));
#8926=CARTESIAN_POINT('',(0.0494308738504589,0.127956280529047,0.));
#8927=CARTESIAN_POINT('',(0.0470856725354567,0.14,0.));
#8928=CARTESIAN_POINT('',(0.0470856725354567,0.14,0.));
#8929=CARTESIAN_POINT('',(-0.0470856725354567,0.14,0.));
#8930=CARTESIAN_POINT('',(-0.0470856725354567,0.128061471223111,0.));
#8931=CARTESIAN_POINT('',(-0.0580139968802982,0.123255204858192,0.));
#8932=CARTESIAN_POINT('',(-0.0580139968802982,0.123255204858192,0.));
#8933=CARTESIAN_POINT('',(-0.0152074507311068,0.0183443391342069,0.));
#8934=CARTESIAN_POINT('',(-2.72157012301249E-29,0.0245494012794891,0.));
#8935=CARTESIAN_POINT('',(0.,0.,0.1));
#8936=CARTESIAN_POINT('',(0.0155610934754572,-0.0192937639428821,0.1));
#8937=CARTESIAN_POINT('',(0.0155610934754572,-0.0192937639428821,0.1));
#8938=CARTESIAN_POINT('',(0.0607664254340741,-0.123255204858192,0.1));
#8939=CARTESIAN_POINT('',(0.0495142275570614,-0.128147974098557,0.1));
#8940=CARTESIAN_POINT('',(0.0471722945984137,-0.140192329536691,0.1));
#8941=CARTESIAN_POINT('',(0.0471722945984137,-0.140192329536691,0.1));
#8942=CARTESIAN_POINT('',(-0.0471722945984137,-0.140192329536691,0.1));
#8943=CARTESIAN_POINT('',(-0.0471722945984137,-0.128253800759802,0.1));
#8944=CARTESIAN_POINT('',(-0.0580139968802982,-0.123255204858192,0.1));
#8945=CARTESIAN_POINT('',(-0.0580139968802982,-0.123255204858192,0.1));
#8946=CARTESIAN_POINT('',(-0.0152074507311068,-0.018344339134207,0.1));
#8947=CARTESIAN_POINT('',(-2.72157012301249E-29,-0.0245494012794891,0.1));
#8948=CARTESIAN_POINT('',(0.,0.,0.1));
#8949=CARTESIAN_POINT('',(-0.0809573922587205,-0.0684070543021075,0.1));
#8950=CARTESIAN_POINT('',(-0.0188974858712155,-0.00559289625308949,0.1));
#8951=CARTESIAN_POINT('',(-0.0809573922587205,-0.0684070543021075,0.1));
#8952=CARTESIAN_POINT('',(-0.0847579365772047,-0.0647966399475153,0.1));
#8953=CARTESIAN_POINT('',(-0.09,-0.0647966399475153,0.1));
#8954=CARTESIAN_POINT('',(-0.09,0.0647966399475153,0.1));
#8955=CARTESIAN_POINT('',(-0.09,0.0647966399475153,0.1));
#8956=CARTESIAN_POINT('',(-0.0805220075471944,0.0647966399475153,0.1));
#8957=CARTESIAN_POINT('',(-0.0756036099951276,0.0728985968997128,0.1));
#8958=CARTESIAN_POINT('',(-0.0165635895756939,0.00723790530187967,0.1));
#8959=CARTESIAN_POINT('',(-0.0165635895756939,0.00723790530187967,0.1));
#8960=CARTESIAN_POINT('',(-0.0271194339033221,0.00253032534286477,0.1));
#8961=CARTESIAN_POINT('',(0.,0.,0.1));
#8962=CARTESIAN_POINT('',(0.0165635895756938,0.00723790530187967,0.1));
#8963=CARTESIAN_POINT('',(0.0165635895756938,0.00723790530187967,0.1));
#8964=CARTESIAN_POINT('',(0.0756036099951275,0.0728985968997128,0.1));
#8965=CARTESIAN_POINT('',(0.0805220075471944,0.0647966399475153,0.1));
#8966=CARTESIAN_POINT('',(0.09,0.0647966399475152,0.1));
#8967=CARTESIAN_POINT('',(0.09,0.0647966399475152,0.1));
#8968=CARTESIAN_POINT('',(0.09,-0.0647966399475153,0.1));
#8969=CARTESIAN_POINT('',(0.0847579365772047,-0.0647966399475153,0.1));
#8970=CARTESIAN_POINT('',(0.0809573922587205,-0.0684070543021075,0.1));
#8971=CARTESIAN_POINT('',(0.0809573922587205,-0.0684070543021075,0.1));
#8972=CARTESIAN_POINT('',(0.0188974858712154,-0.0055928962530895,0.1));
#8973=CARTESIAN_POINT('',(0.027119433903322,0.00253032534286477,0.1));
#8974=CARTESIAN_POINT('',(0.,0.,0.1));
#8975=CARTESIAN_POINT('',(0.0470856725354567,0.14,0.1));
#8976=CARTESIAN_POINT('',(-0.0470856725354567,0.14,0.1));
#8977=CARTESIAN_POINT('',(0.0470856725354567,0.14,0.1));
#8978=CARTESIAN_POINT('',(0.0494308738504589,0.127956280529047,0.1));
#8979=CARTESIAN_POINT('',(0.0606830717274717,0.123063511288682,0.1));
#8980=CARTESIAN_POINT('',(0.0155610934754572,0.019293763942882,0.1));
#8981=CARTESIAN_POINT('',(0.0155610934754572,0.019293763942882,0.1));
#8982=CARTESIAN_POINT('',(-2.72157012301249E-29,0.0245494012794891,0.1));
#8983=CARTESIAN_POINT('',(-0.0152074507311068,0.0183443391342069,0.1));
#8984=CARTESIAN_POINT('',(-0.0580139968802982,0.123255204858192,0.1));
#8985=CARTESIAN_POINT('',(-0.0580139968802982,0.123255204858192,0.1));
#8986=CARTESIAN_POINT('',(-0.0470856725354567,0.128061471223111,0.1));
#8987=CARTESIAN_POINT('',(-0.09,0.15,0.1));
#8988=CARTESIAN_POINT('',(-0.09,0.14,0.1));
#8989=CARTESIAN_POINT('',(-0.09,0.14,0.0805203215711756));
#8990=CARTESIAN_POINT('',(-0.09,0.14,0.0194796784288241));
#8991=CARTESIAN_POINT('',(-0.09,0.15,0.0194796784288241));
#8992=CARTESIAN_POINT('',(-0.09,0.15,0.0805203215711753));
#8993=CARTESIAN_POINT('',(-0.02,0.15,0.01));
#8994=CARTESIAN_POINT('',(-0.02,0.14,0.1));
#8995=CARTESIAN_POINT('',(-0.02,0.14,0.01));
#8996=CARTESIAN_POINT('',(-0.02,0.14,0.09));
#8997=CARTESIAN_POINT('',(-0.02,0.15,0.09));
#8998=CARTESIAN_POINT('',(-0.02,0.15,0.01));
#8999=CARTESIAN_POINT('',(-0.0798025039870298,0.15,0.079775326794893));
#9000=CARTESIAN_POINT('',(-0.0798025039870298,0.14,0.079775326794893));
#9001=CARTESIAN_POINT('',(-0.0798025039870298,0.14,0.09));
#9002=CARTESIAN_POINT('',(-0.0798025039870298,0.15,0.09));
#9003=CARTESIAN_POINT('',(-0.0805203215711759,0.15,0.0194796784288241));
#9004=CARTESIAN_POINT('',(-0.0805203215711759,0.14,0.0194796784288241));
#9005=CARTESIAN_POINT('',(-0.0805203215711759,0.14,0.01));
#9006=CARTESIAN_POINT('',(-0.0805203215711759,0.15,0.01));
#9007=CARTESIAN_POINT('',(-0.0139925293677795,0.15,0.0860382931557436));
#9008=CARTESIAN_POINT('',(-0.0139925293677796,0.14,0.1));
#9009=CARTESIAN_POINT('',(-0.0139925293677796,0.14,0.0860382931557436));
#9010=CARTESIAN_POINT('',(-0.0139925293677795,0.14,0.0139617068442564));
#9011=CARTESIAN_POINT('',(-0.0139925293677795,0.15,0.0139617068442564));
#9012=CARTESIAN_POINT('',(-0.0139925293677795,0.15,0.0860382931557436));
#9013=CARTESIAN_POINT('',(-0.0100308225235231,0.15,0.0139617068442564));
#9014=CARTESIAN_POINT('',(-0.0100308225235231,0.14,0.0139617068442564));
#9015=CARTESIAN_POINT('',(-0.0100308225235231,0.14,0.01));
#9016=CARTESIAN_POINT('',(-0.0100308225235231,0.15,0.01));
#9017=CARTESIAN_POINT('',(0.0100308225235231,0.15,0.0139617068442564));
#9018=CARTESIAN_POINT('',(0.0100308225235231,0.14,0.0139617068442564));
#9019=CARTESIAN_POINT('',(0.0100308225235231,0.14,0.01));
#9020=CARTESIAN_POINT('',(0.0139925293677795,0.14,0.0139617068442564));
#9021=CARTESIAN_POINT('',(0.0139925293677795,0.15,0.0139617068442564));
#9022=CARTESIAN_POINT('',(0.0100308225235231,0.15,0.01));
#9023=CARTESIAN_POINT('',(0.0139925293677795,0.15,0.0860382931557436));
#9024=CARTESIAN_POINT('',(0.0139925293677796,0.14,0.1));
#9025=CARTESIAN_POINT('',(0.0139925293677795,0.14,0.0860382931557436));
#9026=CARTESIAN_POINT('',(0.0139925293677795,0.15,0.0860382931557436));
#9027=CARTESIAN_POINT('',(0.0100308225235232,0.15,0.0860382931557436));
#9028=CARTESIAN_POINT('',(0.0100308225235232,0.14,0.0860382931557436));
#9029=CARTESIAN_POINT('',(0.0100308225235232,0.14,0.09));
#9030=CARTESIAN_POINT('',(0.0100308225235232,0.15,0.09));
#9031=CARTESIAN_POINT('',(-0.0100308225235232,0.15,0.0860382931557436));
#9032=CARTESIAN_POINT('',(-0.0100308225235232,0.14,0.0860382931557436));
#9033=CARTESIAN_POINT('',(-0.0100308225235232,0.14,0.09));
#9034=CARTESIAN_POINT('',(-0.0100308225235232,0.15,0.09));
#9035=CARTESIAN_POINT('',(0.,0.,0.01));
#9036=CARTESIAN_POINT('',(0.,0.14,0.01));
#9037=CARTESIAN_POINT('',(0.,0.,0.09));
#9038=CARTESIAN_POINT('',(0.,0.14,0.09));
#9039=CARTESIAN_POINT('',(0.09,0.15,0.1));
#9040=CARTESIAN_POINT('',(0.09,0.14,0.1));
#9041=CARTESIAN_POINT('',(0.09,0.14,0.0194796784288241));
#9042=CARTESIAN_POINT('',(0.09,0.14,0.0805203215711759));
#9043=CARTESIAN_POINT('',(0.09,0.15,0.0805203215711768));
#9044=CARTESIAN_POINT('',(0.09,0.15,0.0194796784288241));
#9045=CARTESIAN_POINT('',(0.02,0.15,0.01));
#9046=CARTESIAN_POINT('',(0.02,0.14,0.1));
#9047=CARTESIAN_POINT('',(0.02,0.14,0.09));
#9048=CARTESIAN_POINT('',(0.02,0.14,0.01));
#9049=CARTESIAN_POINT('',(0.02,0.15,0.01));
#9050=CARTESIAN_POINT('',(0.02,0.15,0.09));
#9051=CARTESIAN_POINT('',(0.0805203215711759,0.15,0.0194796784288241));
#9052=CARTESIAN_POINT('',(0.0805203215711759,0.14,0.0194796784288241));
#9053=CARTESIAN_POINT('',(0.0805203215711759,0.14,0.01));
#9054=CARTESIAN_POINT('',(0.0805203215711759,0.15,0.01));
#9055=CARTESIAN_POINT('',(0.0798025039870298,0.15,0.079775326794893));
#9056=CARTESIAN_POINT('',(0.0798025039870298,0.14,0.079775326794893));
#9057=CARTESIAN_POINT('',(0.0798025039870298,0.14,0.09));
#9058=CARTESIAN_POINT('',(0.0798025039870298,0.15,0.09));
#9059=CARTESIAN_POINT('',(-0.0798025039870298,0.15,0.079775326794893));
#9060=CARTESIAN_POINT('',(-0.0798025039870298,-0.14,0.079775326794893));
#9061=CARTESIAN_POINT('',(-0.09,-0.14,0.0805203215711759));
#9062=CARTESIAN_POINT('',(-0.0798025039870298,-0.14,0.09));
#9063=CARTESIAN_POINT('',(-0.0798025039870298,0.15,0.09));
#9064=CARTESIAN_POINT('',(-0.09,0.15,0.0805203215711753));
#9065=CARTESIAN_POINT('',(-0.02,0.15,0.01));
#9066=CARTESIAN_POINT('',(-0.02,0.15,0.01));
#9067=CARTESIAN_POINT('',(-0.02,-0.140192329536691,0.01));
#9068=CARTESIAN_POINT('',(-0.02,0.15,0.09));
#9069=CARTESIAN_POINT('',(-0.02,-0.14019232953669,0.09));
#9070=CARTESIAN_POINT('',(-0.02,-0.140192329536691,0.1));
#9071=CARTESIAN_POINT('',(-0.0805203215711759,0.15,0.0194796784288241));
#9072=CARTESIAN_POINT('',(-0.0805203215711759,-0.14,0.0194796784288241));
#9073=CARTESIAN_POINT('',(-0.0805203215711759,-0.14,0.01));
#9074=CARTESIAN_POINT('',(-0.09,-0.14,0.0194796784288241));
#9075=CARTESIAN_POINT('',(-0.09,0.15,0.0194796784288241));
#9076=CARTESIAN_POINT('',(-0.0805203215711759,0.15,0.01));
#9077=CARTESIAN_POINT('',(-0.09,0.15,0.1));
#9078=CARTESIAN_POINT('',(-0.09,-0.14,0.1));
#9079=CARTESIAN_POINT('',(-0.0100308225235232,0.15,0.0860382931557436));
#9080=CARTESIAN_POINT('',(-0.0100308225235232,0.15,0.09));
#9081=CARTESIAN_POINT('',(-0.0100308225235232,-0.14019232953669,0.09));
#9082=CARTESIAN_POINT('',(-0.0139925293677795,0.15,0.0860382931557436));
#9083=CARTESIAN_POINT('',(-0.0139925293677795,-0.14019232953669,0.0860382931557436));
#9084=CARTESIAN_POINT('',(-0.0100308225235232,-0.14019232953669,0.0860382931557436));
#9085=CARTESIAN_POINT('',(0.,0.,0.09));
#9086=CARTESIAN_POINT('',(0.0100308225235232,0.15,0.09));
#9087=CARTESIAN_POINT('',(0.0100308225235232,-0.14019232953669,0.09));
#9088=CARTESIAN_POINT('',(0.0471722945984137,-0.140192329536691,0.09));
#9089=CARTESIAN_POINT('',(0.0100308225235232,0.15,0.0860382931557436));
#9090=CARTESIAN_POINT('',(0.0139925293677795,0.15,0.0860382931557436));
#9091=CARTESIAN_POINT('',(0.0139925293677795,-0.14019232953669,0.0860382931557436));
#9092=CARTESIAN_POINT('',(0.0100308225235232,-0.14019232953669,0.0860382931557436));
#9093=CARTESIAN_POINT('',(0.0139925293677795,0.15,0.0860382931557436));
#9094=CARTESIAN_POINT('',(0.0139925293677795,0.15,0.0139617068442564));
#9095=CARTESIAN_POINT('',(0.0139925293677795,-0.14019232953669,0.0139617068442564));
#9096=CARTESIAN_POINT('',(0.0139925293677795,-0.140192329536691,0.1));
#9097=CARTESIAN_POINT('',(0.0100308225235231,0.15,0.0139617068442564));
#9098=CARTESIAN_POINT('',(0.0100308225235231,0.15,0.01));
#9099=CARTESIAN_POINT('',(0.0100308225235231,-0.14019232953669,0.01));
#9100=CARTESIAN_POINT('',(0.0100308225235231,-0.14019232953669,0.0139617068442564));
#9101=CARTESIAN_POINT('',(0.,0.,0.01));
#9102=CARTESIAN_POINT('',(-0.0100308225235231,0.15,0.01));
#9103=CARTESIAN_POINT('',(-0.0100308225235231,-0.14019232953669,0.01));
#9104=CARTESIAN_POINT('',(0.0471722945984137,-0.140192329536691,0.01));
#9105=CARTESIAN_POINT('',(-0.0100308225235231,0.15,0.0139617068442564));
#9106=CARTESIAN_POINT('',(-0.0139925293677795,0.15,0.0139617068442564));
#9107=CARTESIAN_POINT('',(-0.0139925293677795,-0.140192329536691,0.0139617068442564));
#9108=CARTESIAN_POINT('',(-0.0100308225235231,-0.14019232953669,0.0139617068442564));
#9109=CARTESIAN_POINT('',(-0.0139925293677795,0.15,0.0860382931557436));
#9110=CARTESIAN_POINT('',(-0.0139925293677795,-0.140192329536691,0.1));
#9111=CARTESIAN_POINT('',(0.02,0.15,0.01));
#9112=CARTESIAN_POINT('',(0.02,0.15,0.09));
#9113=CARTESIAN_POINT('',(0.02,-0.14019232953669,0.09));
#9114=CARTESIAN_POINT('',(0.02,0.15,0.01));
#9115=CARTESIAN_POINT('',(0.02,-0.14019232953669,0.01));
#9116=CARTESIAN_POINT('',(0.02,-0.140192329536691,0.1));
#9117=CARTESIAN_POINT('',(0.0798025039870298,0.15,0.079775326794893));
#9118=CARTESIAN_POINT('',(0.0798025039870298,-0.14,0.079775326794893));
#9119=CARTESIAN_POINT('',(0.0798025039870298,-0.14,0.09));
#9120=CARTESIAN_POINT('',(0.09,-0.14,0.0805203215711759));
#9121=CARTESIAN_POINT('',(0.09,0.15,0.0805203215711768));
#9122=CARTESIAN_POINT('',(0.0798025039870298,0.15,0.09));
#9123=CARTESIAN_POINT('',(0.09,0.15,0.1));
#9124=CARTESIAN_POINT('',(0.09,-0.14,0.1));
#9125=CARTESIAN_POINT('',(0.09,-0.14,0.0194796784288241));
#9126=CARTESIAN_POINT('',(0.09,0.15,0.0194796784288241));
#9127=CARTESIAN_POINT('',(0.0805203215711759,0.15,0.0194796784288241));
#9128=CARTESIAN_POINT('',(0.0805203215711759,-0.14,0.0194796784288241));
#9129=CARTESIAN_POINT('',(0.0805203215711759,-0.14,0.01));
#9130=CARTESIAN_POINT('',(0.0805203215711759,0.15,0.01));
#9131=CARTESIAN_POINT('',(0.1,0.0274158408933394,0.092923102718135));
#9132=CARTESIAN_POINT('',(0.1,0.0274158408933394,0.092923102718135));
#9133=CARTESIAN_POINT('',(0.0347069520708447,0.0274158408933394,0.092923102718135));
#9134=CARTESIAN_POINT('',(0.019092798899182,0.0274158408933393,0.092923102718135));
#9135=CARTESIAN_POINT('',(0.0347069520708447,0.0274158408933394,0.1));
#9136=CARTESIAN_POINT('',(0.0347069520708447,0.0274158408933394,0.09));
#9137=CARTESIAN_POINT('',(-5.07294963320754E-18,0.0274158408933393,0.09));
#9138=CARTESIAN_POINT('',(0.019092798899182,0.0274158408933394,0.09));
#9139=CARTESIAN_POINT('',(0.019092798899182,0.0274158408933393,0.1));
#9140=CARTESIAN_POINT('',(0.1,0.0274158408933394,0.092923102718135));
#9141=CARTESIAN_POINT('',(0.09,0.0274158408933394,0.1));
#9142=CARTESIAN_POINT('',(0.09,0.0274158408933394,0.01));
#9143=CARTESIAN_POINT('',(0.09,0.0274158408933394,0.092923102718135));
#9144=CARTESIAN_POINT('',(0.1,0.0274158408933394,0.092923102718135));
#9145=CARTESIAN_POINT('',(0.1,0.0274158408933394,0.01));
#9146=CARTESIAN_POINT('',(0.1,-0.130371188463198,0.092923102718135));
#9147=CARTESIAN_POINT('',(0.1,0.130371188463198,0.092923102718135));
#9148=CARTESIAN_POINT('',(0.0614608101583734,0.130371188463198,0.092923102718135));
#9149=CARTESIAN_POINT('',(0.09,-0.130371188463198,0.092923102718135));
#9150=CARTESIAN_POINT('',(0.09,0.0647966399475152,0.092923102718135));
#9151=CARTESIAN_POINT('',(0.0805220075471944,0.0647966399475153,0.092923102718135));
#9152=CARTESIAN_POINT('',(0.0756036099951276,0.0728985968997129,0.092923102718135));
#9153=CARTESIAN_POINT('',(0.0165635895756938,0.00723790530187967,0.092923102718135));
#9154=CARTESIAN_POINT('',(0.0155610934754572,0.019293763942882,0.092923102718135));
#9155=CARTESIAN_POINT('',(0.0606830717274717,0.123063511288682,0.092923102718135));
#9156=CARTESIAN_POINT('',(0.0494308738504589,0.127956280529047,0.092923102718135));
#9157=CARTESIAN_POINT('',(0.1,0.130371188463198,0.0832942911813335));
#9158=CARTESIAN_POINT('',(0.09,0.130371188463198,0.0832942911813335));
#9159=CARTESIAN_POINT('',(0.09,0.137281143662076,0.09));
#9160=CARTESIAN_POINT('',(0.09,0.14,0.0832942911813335));
#9161=CARTESIAN_POINT('',(0.1,0.14,0.0832942911813335));
#9162=CARTESIAN_POINT('',(0.0574057140026608,0.137281143662076,0.09));
#9163=CARTESIAN_POINT('',(0.058335975214577,0.136485562605391,0.0908198133273355));
#9164=CARTESIAN_POINT('',(0.0600520926847009,0.134548585341657,0.0922523512216544));
#9165=CARTESIAN_POINT('',(0.0611693090373614,0.131823310040948,0.092923102718135));
#9166=CARTESIAN_POINT('',(0.0614608101583734,0.130371188463198,0.092923102718135));
#9167=CARTESIAN_POINT('',(0.0574057140026608,0.137281143662076,0.09));
#9168=CARTESIAN_POINT('',(0.1,0.137281143662076,0.09));
#9169=CARTESIAN_POINT('',(0.1,0.130651316540162,0.0198695318252216));
#9170=CARTESIAN_POINT('',(0.09,0.130651316540162,0.0198695318252216));
#9171=CARTESIAN_POINT('',(0.09,0.14,0.0167057088186666));
#9172=CARTESIAN_POINT('',(0.09,0.130651316540162,0.01));
#9173=CARTESIAN_POINT('',(0.1,0.130651316540162,0.01));
#9174=CARTESIAN_POINT('',(0.1,0.14,0.0167057088186666));
#9175=CARTESIAN_POINT('',(0.1,-0.0174158408933393,0.0177030492294411));
#9176=CARTESIAN_POINT('',(0.09,-0.0174158408933393,0.1));
#9177=CARTESIAN_POINT('',(0.09,-0.0174158408933393,0.0177030492294411));
#9178=CARTESIAN_POINT('',(0.09,-0.0174158408933393,0.0822969507705589));
#9179=CARTESIAN_POINT('',(0.1,-0.0174158408933393,0.0822969507705589));
#9180=CARTESIAN_POINT('',(0.1,-0.0174158408933393,0.0177030492294411));
#9181=CARTESIAN_POINT('',(0.1,-0.00971279166389814,0.0822969507705589));
#9182=CARTESIAN_POINT('',(0.09,-0.00971279166389814,0.0822969507705589));
#9183=CARTESIAN_POINT('',(0.09,-0.00971279166389814,0.09));
#9184=CARTESIAN_POINT('',(0.1,-0.00971279166389814,0.09));
#9185=CARTESIAN_POINT('',(0.,0.,0.09));
#9186=CARTESIAN_POINT('',(0.09,1.66533453693773E-17,0.09));
#9187=CARTESIAN_POINT('',(0.09,0.00971279166389818,0.09));
#9188=CARTESIAN_POINT('',(0.1,0.00971279166389817,0.09));
#9189=CARTESIAN_POINT('',(0.1,0.00971279166389817,0.0822969507705589));
#9190=CARTESIAN_POINT('',(0.09,0.00971279166389817,0.0822969507705589));
#9191=CARTESIAN_POINT('',(0.09,0.0174158408933393,0.0822969507705589));
#9192=CARTESIAN_POINT('',(0.1,0.0174158408933393,0.0822969507705589));
#9193=CARTESIAN_POINT('',(0.1,0.0174158408933393,0.0822969507705589));
#9194=CARTESIAN_POINT('',(0.09,0.0174158408933393,0.1));
#9195=CARTESIAN_POINT('',(0.09,0.0174158408933393,0.0198695318252216));
#9196=CARTESIAN_POINT('',(0.1,0.0174158408933393,0.0198695318252216));
#9197=CARTESIAN_POINT('',(0.1,0.00724164745308613,0.0198695318252216));
#9198=CARTESIAN_POINT('',(0.09,0.00724164745308613,0.0198695318252216));
#9199=CARTESIAN_POINT('',(0.09,0.00971279166389816,0.01));
#9200=CARTESIAN_POINT('',(0.1,0.00971279166389816,0.01));
#9201=CARTESIAN_POINT('',(0.,0.,0.01));
#9202=CARTESIAN_POINT('',(0.09,1.66533453693773E-17,0.01));
#9203=CARTESIAN_POINT('',(0.09,-0.00971279166389813,0.01));
#9204=CARTESIAN_POINT('',(0.1,-0.00971279166389813,0.01));
#9205=CARTESIAN_POINT('',(0.1,-0.00971279166389813,0.0177030492294411));
#9206=CARTESIAN_POINT('',(0.09,-0.00971279166389813,0.0177030492294411));
#9207=CARTESIAN_POINT('',(0.1,-0.130371188463198,0.0832942911813335));
#9208=CARTESIAN_POINT('',(0.09,-0.130371188463198,0.0832942911813335));
#9209=CARTESIAN_POINT('',(0.09,-0.14,0.0832942911813335));
#9210=CARTESIAN_POINT('',(0.09,-0.137281143662076,0.09));
#9211=CARTESIAN_POINT('',(0.1,-0.137281143662076,0.09));
#9212=CARTESIAN_POINT('',(0.0577079057071295,-0.137281143662076,0.09));
#9213=CARTESIAN_POINT('',(0.0615810608529911,-0.130371188463198,0.092923102718135));
#9214=CARTESIAN_POINT('',(0.0613154098157127,-0.13181304977568,0.092923102718135));
#9215=CARTESIAN_POINT('',(0.0602698728854937,-0.134509090818718,0.0922703857085265));
#9216=CARTESIAN_POINT('',(0.0586029994348206,-0.136478124527499,0.0908274779585306));
#9217=CARTESIAN_POINT('',(0.0577079057071295,-0.137281143662076,0.09));
#9218=CARTESIAN_POINT('',(0.0615810608529911,-0.130371188463198,0.092923102718135));
#9219=CARTESIAN_POINT('',(0.1,-0.130371188463198,0.092923102718135));
#9220=CARTESIAN_POINT('',(0.1,-0.14,0.0832942911813335));
#9221=CARTESIAN_POINT('',(0.1,-0.130371188463198,0.092923102718135));
#9222=CARTESIAN_POINT('',(0.0155610934754572,-0.0192937639428821,0.092923102718135));
#9223=CARTESIAN_POINT('',(0.019092798899182,-0.0274158408933393,0.092923102718135));
#9224=CARTESIAN_POINT('',(0.0607664254340741,-0.123255204858192,0.092923102718135));
#9225=CARTESIAN_POINT('',(0.1,-0.0274158408933393,0.092923102718135));
#9226=CARTESIAN_POINT('',(0.0404583878006297,-0.0274158408933393,0.092923102718135));
#9227=CARTESIAN_POINT('',(0.0809573922587205,-0.0684070543021075,0.092923102718135));
#9228=CARTESIAN_POINT('',(0.0809573922587205,-0.0684070543021075,0.092923102718135));
#9229=CARTESIAN_POINT('',(0.0847579365772047,-0.0647966399475153,0.092923102718135));
#9230=CARTESIAN_POINT('',(0.09,-0.0647966399475153,0.092923102718135));
#9231=CARTESIAN_POINT('',(0.09,0.15,0.092923102718135));
#9232=CARTESIAN_POINT('',(0.09,-0.0274158408933393,0.092923102718135));
#9233=CARTESIAN_POINT('',(0.1,-0.0274158408933393,0.092923102718135));
#9234=CARTESIAN_POINT('',(0.0495142275570614,-0.128147974098557,0.092923102718135));
#9235=CARTESIAN_POINT('',(0.1,-0.0274158408933393,0.092923102718135));
#9236=CARTESIAN_POINT('',(5.07294963320754E-18,-0.0274158408933393,0.09));
#9237=CARTESIAN_POINT('',(0.0404583878006297,-0.0274158408933393,0.09));
#9238=CARTESIAN_POINT('',(0.019092798899182,-0.0274158408933393,0.09));
#9239=CARTESIAN_POINT('',(0.0404583878006297,-0.0274158408933393,0.1));
#9240=CARTESIAN_POINT('',(0.019092798899182,-0.0274158408933393,0.1));
#9241=CARTESIAN_POINT('',(0.1,-0.0274158408933393,0.092923102718135));
#9242=CARTESIAN_POINT('',(5.07294963320754E-18,-0.0274158408933393,0.01));
#9243=CARTESIAN_POINT('',(0.0404583878006297,-0.0274158408933393,0.01));
#9244=CARTESIAN_POINT('',(0.019092798899182,-0.0274158408933393,0.01));
#9245=CARTESIAN_POINT('',(0.019092798899182,-0.0274158408933393,0.1));
#9246=CARTESIAN_POINT('',(0.019092798899182,-0.0274158408933393,0.00900265958922539));
#9247=CARTESIAN_POINT('',(0.1,-0.0274158408933393,0.00900265958922539));
#9248=CARTESIAN_POINT('',(0.0404583878006297,-0.0274158408933393,0.00900265958922539));
#9249=CARTESIAN_POINT('',(0.0404583878006297,-0.0274158408933393,0.1));
#9250=CARTESIAN_POINT('',(0.1,-0.0274158408933393,0.092923102718135));
#9251=CARTESIAN_POINT('',(0.09,-0.0274158408933393,0.1));
#9252=CARTESIAN_POINT('',(0.09,-0.0274158408933393,0.00900265958922539));
#9253=CARTESIAN_POINT('',(0.1,-0.0274158408933393,0.00900265958922539));
#9254=CARTESIAN_POINT('',(0.1,-0.0274158408933393,0.00900265958922539));
#9255=CARTESIAN_POINT('',(0.09,0.15,0.00900265958922539));
#9256=CARTESIAN_POINT('',(0.09,-0.0647966399475153,0.00900265958922539));
#9257=CARTESIAN_POINT('',(0.0847579365772047,-0.0647966399475153,0.00900265958922539));
#9258=CARTESIAN_POINT('',(0.0809573922587205,-0.0684070543021075,0.00900265958922539));
#9259=CARTESIAN_POINT('',(0.0809573922587205,-0.0684070543021075,0.00900265958922539));
#9260=CARTESIAN_POINT('',(0.0155610934754572,-0.0192937639428821,0.00900265958922539));
#9261=CARTESIAN_POINT('',(0.0607664254340741,-0.123255204858192,0.00900265958922539));
#9262=CARTESIAN_POINT('',(0.0495142275570614,-0.128147974098557,0.00900265958922539));
#9263=CARTESIAN_POINT('',(0.0615810608529911,-0.130371188463198,0.00900265958922539));
#9264=CARTESIAN_POINT('',(0.1,-0.130371188463198,0.00900265958922539));
#9265=CARTESIAN_POINT('',(0.1,-0.130371188463198,0.0188721914144469));
#9266=CARTESIAN_POINT('',(0.09,-0.130371188463198,0.0188721914144469));
#9267=CARTESIAN_POINT('',(0.09,-0.134694598917282,0.01));
#9268=CARTESIAN_POINT('',(0.09,-0.14,0.0167057088186666));
#9269=CARTESIAN_POINT('',(0.1,-0.14,0.0167057088186666));
#9270=CARTESIAN_POINT('',(0.0598917441860898,-0.134694598917282,0.01));
#9271=CARTESIAN_POINT('',(0.0606863078757991,-0.133435079984839,0.0093862376198546));
#9272=CARTESIAN_POINT('',(0.0612885369292202,-0.131958906444583,0.00900265958922538));
#9273=CARTESIAN_POINT('',(0.0615810608529911,-0.130371188463198,0.00900265958922538));
#9274=CARTESIAN_POINT('',(0.0598917441860898,-0.134694598917282,0.01));
#9275=CARTESIAN_POINT('',(0.1,-0.134694598917282,0.01));
#9276=CARTESIAN_POINT('',(0.1,0.0274158408933394,0.092923102718135));
#9277=CARTESIAN_POINT('',(-5.07294963320754E-18,0.0274158408933393,0.09));
#9278=CARTESIAN_POINT('',(-0.0347069520708447,0.0274158408933393,0.09));
#9279=CARTESIAN_POINT('',(-0.0189088753263096,0.0274158408933393,0.09));
#9280=CARTESIAN_POINT('',(-0.0347069520708447,0.0274158408933393,0.1));
#9281=CARTESIAN_POINT('',(-0.0347069520708447,0.0274158408933393,0.092923102718135));
#9282=CARTESIAN_POINT('',(0.1,0.0274158408933394,0.092923102718135));
#9283=CARTESIAN_POINT('',(-0.0189088753263096,0.0274158408933393,0.092923102718135));
#9284=CARTESIAN_POINT('',(-0.0189088753263096,0.0274158408933393,0.1));
#9285=CARTESIAN_POINT('',(0.1,0.130651316540162,0.0198695318252216));
#9286=CARTESIAN_POINT('',(-0.09,0.130651316540162,0.0198695318252216));
#9287=CARTESIAN_POINT('',(-0.09,0.130651316540162,0.01));
#9288=CARTESIAN_POINT('',(-0.09,0.14,0.0167057088186666));
#9289=CARTESIAN_POINT('',(0.1,0.14,0.0167057088186666));
#9290=CARTESIAN_POINT('',(0.1,0.130651316540162,0.01));
#9291=CARTESIAN_POINT('',(0.1,0.130371188463198,0.0832942911813335));
#9292=CARTESIAN_POINT('',(-0.09,0.130371188463198,0.0832942911813335));
#9293=CARTESIAN_POINT('',(-0.09,0.14,0.0832942911813335));
#9294=CARTESIAN_POINT('',(-0.09,0.137281143662076,0.09));
#9295=CARTESIAN_POINT('',(0.1,0.137281143662076,0.09));
#9296=CARTESIAN_POINT('',(-0.0546702693919013,0.137281143662076,0.09));
#9297=CARTESIAN_POINT('',(-0.0587986429370009,0.130371188463198,0.092923102718135));
#9298=CARTESIAN_POINT('',(-0.058510757105168,0.131831106659573,0.092923102718135));
#9299=CARTESIAN_POINT('',(-0.0573932651067806,0.134545842052549,0.0922542190158954));
#9300=CARTESIAN_POINT('',(-0.0556272681802008,0.136493865149807,0.0908112578991912));
#9301=CARTESIAN_POINT('',(-0.0546702693919013,0.137281143662076,0.09));
#9302=CARTESIAN_POINT('',(-0.0587986429370009,0.130371188463198,0.092923102718135));
#9303=CARTESIAN_POINT('',(0.1,0.130371188463198,0.092923102718135));
#9304=CARTESIAN_POINT('',(0.1,0.14,0.0832942911813335));
#9305=CARTESIAN_POINT('',(0.1,-0.130371188463198,0.092923102718135));
#9306=CARTESIAN_POINT('',(-0.0580139968802982,0.123255204858192,0.092923102718135));
#9307=CARTESIAN_POINT('',(-0.0580139968802981,0.123255204858192,0.092923102718135));
#9308=CARTESIAN_POINT('',(-0.0165635895756939,0.00723790530187967,0.092923102718135));
#9309=CARTESIAN_POINT('',(-0.0756036099951276,0.0728985968997129,0.092923102718135));
#9310=CARTESIAN_POINT('',(-0.0805220075471944,0.0647966399475153,0.092923102718135));
#9311=CARTESIAN_POINT('',(-0.09,0.0647966399475153,0.092923102718135));
#9312=CARTESIAN_POINT('',(-0.09,-0.130371188463198,0.092923102718135));
#9313=CARTESIAN_POINT('',(-0.09,0.0274158408933393,0.092923102718135));
#9314=CARTESIAN_POINT('',(0.1,0.0274158408933394,0.092923102718135));
#9315=CARTESIAN_POINT('',(-0.0470856725354567,0.128061471223111,0.092923102718135));
#9316=CARTESIAN_POINT('',(0.1,0.0274158408933394,0.092923102718135));
#9317=CARTESIAN_POINT('',(-0.09,0.0274158408933393,0.1));
#9318=CARTESIAN_POINT('',(-0.09,0.0274158408933393,0.01));
#9319=CARTESIAN_POINT('',(0.1,0.0274158408933394,0.01));
#9320=CARTESIAN_POINT('',(0.1,-0.00971279166389813,0.0177030492294411));
#9321=CARTESIAN_POINT('',(-0.09,-0.00971279166389817,0.0177030492294411));
#9322=CARTESIAN_POINT('',(-0.09,-0.0174158408933393,0.0177030492294411));
#9323=CARTESIAN_POINT('',(-0.09,-0.00971279166389817,0.01));
#9324=CARTESIAN_POINT('',(0.1,-0.00971279166389813,0.01));
#9325=CARTESIAN_POINT('',(0.1,-0.0174158408933393,0.0177030492294411));
#9326=CARTESIAN_POINT('',(0.,0.,0.01));
#9327=CARTESIAN_POINT('',(-0.09,-1.66533453693773E-17,0.01));
#9328=CARTESIAN_POINT('',(-0.09,0.00971279166389812,0.01));
#9329=CARTESIAN_POINT('',(0.1,0.00971279166389816,0.01));
#9330=CARTESIAN_POINT('',(0.1,0.00724164745308613,0.0198695318252216));
#9331=CARTESIAN_POINT('',(-0.09,0.0072416474530861,0.0198695318252216));
#9332=CARTESIAN_POINT('',(-0.09,0.0174158408933393,0.0198695318252216));
#9333=CARTESIAN_POINT('',(0.1,0.0174158408933393,0.0198695318252216));
#9334=CARTESIAN_POINT('',(0.1,0.0174158408933393,0.0822969507705589));
#9335=CARTESIAN_POINT('',(-0.09,0.0174158408933393,0.1));
#9336=CARTESIAN_POINT('',(-0.09,0.0174158408933393,0.0822969507705589));
#9337=CARTESIAN_POINT('',(0.1,0.0174158408933393,0.0822969507705589));
#9338=CARTESIAN_POINT('',(0.1,0.00971279166389817,0.0822969507705589));
#9339=CARTESIAN_POINT('',(-0.09,0.00971279166389814,0.0822969507705589));
#9340=CARTESIAN_POINT('',(-0.09,0.00971279166389814,0.09));
#9341=CARTESIAN_POINT('',(0.1,0.00971279166389817,0.09));
#9342=CARTESIAN_POINT('',(0.,0.,0.09));
#9343=CARTESIAN_POINT('',(-0.09,-1.66533453693773E-17,0.09));
#9344=CARTESIAN_POINT('',(-0.09,-0.00971279166389817,0.09));
#9345=CARTESIAN_POINT('',(0.1,-0.00971279166389814,0.09));
#9346=CARTESIAN_POINT('',(0.1,-0.00971279166389814,0.0822969507705589));
#9347=CARTESIAN_POINT('',(-0.09,-0.00971279166389817,0.0822969507705589));
#9348=CARTESIAN_POINT('',(-0.09,-0.0174158408933393,0.0822969507705589));
#9349=CARTESIAN_POINT('',(0.1,-0.0174158408933393,0.0822969507705589));
#9350=CARTESIAN_POINT('',(0.1,-0.0174158408933393,0.0177030492294411));
#9351=CARTESIAN_POINT('',(-0.09,-0.0174158408933393,0.1));
#9352=CARTESIAN_POINT('',(0.1,-0.0274158408933393,0.092923102718135));
#9353=CARTESIAN_POINT('',(0.1,-0.0274158408933393,0.00900265958922539));
#9354=CARTESIAN_POINT('',(-0.0189088753263096,-0.0274158408933393,0.00900265958922539));
#9355=CARTESIAN_POINT('',(-0.0404583878006298,-0.0274158408933393,0.00900265958922539));
#9356=CARTESIAN_POINT('',(-0.0189088753263096,-0.0274158408933393,0.1));
#9357=CARTESIAN_POINT('',(-0.0189088753263095,-0.0274158408933393,0.01));
#9358=CARTESIAN_POINT('',(5.07294963320754E-18,-0.0274158408933393,0.01));
#9359=CARTESIAN_POINT('',(-0.0404583878006298,-0.0274158408933393,0.01));
#9360=CARTESIAN_POINT('',(-0.0404583878006298,-0.0274158408933393,0.1));
#9361=CARTESIAN_POINT('',(0.1,-0.0274158408933393,0.092923102718135));
#9362=CARTESIAN_POINT('',(0.1,-0.0274158408933393,0.092923102718135));
#9363=CARTESIAN_POINT('',(-0.0189088753263095,-0.0274158408933393,0.092923102718135));
#9364=CARTESIAN_POINT('',(-0.0404583878006298,-0.0274158408933394,0.092923102718135));
#9365=CARTESIAN_POINT('',(-0.0404583878006298,-0.0274158408933393,0.1));
#9366=CARTESIAN_POINT('',(-0.0404583878006298,-0.0274158408933393,0.09));
#9367=CARTESIAN_POINT('',(5.07294963320754E-18,-0.0274158408933393,0.09));
#9368=CARTESIAN_POINT('',(-0.0189088753263096,-0.0274158408933393,0.09));
#9369=CARTESIAN_POINT('',(-0.0189088753263096,-0.0274158408933393,0.1));
#9370=CARTESIAN_POINT('',(0.1,-0.130371188463198,0.0188721914144469));
#9371=CARTESIAN_POINT('',(-0.09,-0.130371188463198,0.0188721914144469));
#9372=CARTESIAN_POINT('',(-0.09,-0.14,0.0167057088186666));
#9373=CARTESIAN_POINT('',(-0.09,-0.134694598917282,0.01));
#9374=CARTESIAN_POINT('',(0.1,-0.134694598917282,0.01));
#9375=CARTESIAN_POINT('',(-0.0572243883331159,-0.134694598917279,0.00999999999999886));
#9376=CARTESIAN_POINT('',(-0.0589215557951916,-0.130371188463198,0.00900265958922538));
#9377=CARTESIAN_POINT('',(-0.0586345758719023,-0.131963623363783,0.00900265958922538));
#9378=CARTESIAN_POINT('',(-0.0580301976089576,-0.133436979880786,0.00938716343734644));
#9379=CARTESIAN_POINT('',(-0.0572243883331174,-0.134694598917277,0.00999999999999771));
#9380=CARTESIAN_POINT('',(-0.0589215557951916,-0.130371188463198,0.00900265958922538));
#9381=CARTESIAN_POINT('',(0.1,-0.130371188463198,0.00900265958922539));
#9382=CARTESIAN_POINT('',(0.1,-0.14,0.0167057088186666));
#9383=CARTESIAN_POINT('',(0.1,-0.0274158408933393,0.00900265958922539));
#9384=CARTESIAN_POINT('',(-0.09,0.15,0.00900265958922539));
#9385=CARTESIAN_POINT('',(-0.09,-0.0647966399475153,0.00900265958922539));
#9386=CARTESIAN_POINT('',(-0.09,-0.0274158408933393,0.00900265958922539));
#9387=CARTESIAN_POINT('',(0.1,-0.0274158408933393,0.00900265958922539));
#9388=CARTESIAN_POINT('',(-0.0471722945984137,-0.128253800759802,0.00900265958922539));
#9389=CARTESIAN_POINT('',(-0.0580139968802982,-0.123255204858192,0.00900265958922539));
#9390=CARTESIAN_POINT('',(-0.0580139968802982,-0.123255204858192,0.00900265958922539));
#9391=CARTESIAN_POINT('',(-0.0809573922587205,-0.0684070543021075,0.00900265958922539));
#9392=CARTESIAN_POINT('',(-0.0809573922587205,-0.0684070543021075,0.00900265958922539));
#9393=CARTESIAN_POINT('',(-0.0847579365772047,-0.0647966399475153,0.00900265958922539));
#9394=CARTESIAN_POINT('',(0.1,-0.0274158408933393,0.092923102718135));
#9395=CARTESIAN_POINT('',(-0.09,-0.0274158408933393,0.1));
#9396=CARTESIAN_POINT('',(-0.09,-0.0274158408933394,0.092923102718135));
#9397=CARTESIAN_POINT('',(0.1,-0.0274158408933393,0.092923102718135));
#9398=CARTESIAN_POINT('',(0.1,-0.130371188463198,0.092923102718135));
#9399=CARTESIAN_POINT('',(-0.0471722945984137,-0.128253800759802,0.092923102718135));
#9400=CARTESIAN_POINT('',(-0.0589215557951916,-0.130371188463198,0.092923102718135));
#9401=CARTESIAN_POINT('',(-0.0580139968802982,-0.123255204858192,0.092923102718135));
#9402=CARTESIAN_POINT('',(0.1,-0.130371188463198,0.092923102718135));
#9403=CARTESIAN_POINT('',(-0.09,0.15,0.092923102718135));
#9404=CARTESIAN_POINT('',(-0.09,-0.0647966399475153,0.092923102718135));
#9405=CARTESIAN_POINT('',(-0.0847579365772047,-0.0647966399475153,0.092923102718135));
#9406=CARTESIAN_POINT('',(-0.0809573922587205,-0.0684070543021075,0.092923102718135));
#9407=CARTESIAN_POINT('',(-0.0809573922587205,-0.0684070543021075,0.092923102718135));
#9408=CARTESIAN_POINT('',(-0.0580139968802982,-0.123255204858192,0.092923102718135));
#9409=CARTESIAN_POINT('',(0.1,-0.130371188463198,0.0832942911813335));
#9410=CARTESIAN_POINT('',(-0.09,-0.130371188463198,0.0832942911813335));
#9411=CARTESIAN_POINT('',(-0.09,-0.137281143662076,0.09));
#9412=CARTESIAN_POINT('',(-0.09,-0.14,0.0832942911813335));
#9413=CARTESIAN_POINT('',(0.1,-0.14,0.0832942911813335));
#9414=CARTESIAN_POINT('',(-0.0549848197651799,-0.137281143662076,0.09));
#9415=CARTESIAN_POINT('',(-0.0554440142084745,-0.136883743432184,0.0904095044772797));
#9416=CARTESIAN_POINT('',(-0.056314967725155,-0.136009462697581,0.0911676022098035));
#9417=CARTESIAN_POINT('',(-0.057864868234625,-0.133861450815164,0.0924269183423808));
#9418=CARTESIAN_POINT('',(-0.0586603589818612,-0.131820554386435,0.092923102718135));
#9419=CARTESIAN_POINT('',(-0.0589215557951916,-0.130371188463198,0.092923102718135));
#9420=CARTESIAN_POINT('',(-0.0549848197651799,-0.137281143662076,0.09));
#9421=CARTESIAN_POINT('',(0.1,-0.137281143662076,0.09));
#9422=CARTESIAN_POINT('',(-0.0805220075471944,0.0647966399475153,0.1));
#9423=CARTESIAN_POINT('',(-0.09,0.0647966399475153,0.1));
#9424=CARTESIAN_POINT('',(-0.0756036099951276,0.0728985968997128,0.1));
#9425=CARTESIAN_POINT('',(-0.0165635895756939,0.00723790530187967,0.1));
#9426=CARTESIAN_POINT('',(-0.00556011738044367,-0.00499948196839699,0.09));
#9427=CARTESIAN_POINT('',(-0.0165635895756939,0.00723790530187967,0.09));
#9428=CARTESIAN_POINT('',(-0.0165635895756939,0.00723790530187967,0.1));
#9429=CARTESIAN_POINT('',(-0.0271194339033221,0.00253032534286477,0.1));
#9430=CARTESIAN_POINT('',(-0.0188974858712155,-0.00559289625308949,0.1));
#9431=CARTESIAN_POINT('',(-0.0188974858712155,-0.00559289625308949,0.09));
#9432=CARTESIAN_POINT('',(-0.0271194339033221,0.00253032534286477,0.09));
#9433=CARTESIAN_POINT('',(-0.0809573922587205,-0.0684070543021075,0.1));
#9434=CARTESIAN_POINT('',(-0.006766637359907,0.00668538581359824,0.09));
#9435=CARTESIAN_POINT('',(-0.0809573922587205,-0.0684070543021075,0.1));
#9436=CARTESIAN_POINT('',(-0.0847579365772047,-0.0647966399475153,0.1));
#9437=CARTESIAN_POINT('',(-0.09,-0.0647966399475153,0.1));
#9438=CARTESIAN_POINT('',(0.0847579365772047,-0.0647966399475153,0.1));
#9439=CARTESIAN_POINT('',(0.09,-0.0647966399475153,0.1));
#9440=CARTESIAN_POINT('',(0.0809573922587205,-0.0684070543021075,0.1));
#9441=CARTESIAN_POINT('',(0.0809573922587205,-0.0684070543021075,0.1));
#9442=CARTESIAN_POINT('',(0.00676663735990698,0.00668538581359822,0.09));
#9443=CARTESIAN_POINT('',(0.0188974858712154,-0.0055928962530895,0.09));
#9444=CARTESIAN_POINT('',(0.0188974858712154,-0.0055928962530895,0.1));
#9445=CARTESIAN_POINT('',(0.0165635895756938,0.00723790530187967,0.1));
#9446=CARTESIAN_POINT('',(0.0756036099951275,0.0728985968997128,0.1));
#9447=CARTESIAN_POINT('',(0.0165635895756938,0.00723790530187967,0.1));
#9448=CARTESIAN_POINT('',(0.0165635895756938,0.00723790530187967,0.09));
#9449=CARTESIAN_POINT('',(0.00556011738044366,-0.00499948196839698,0.09));
#9450=CARTESIAN_POINT('',(0.0805220075471944,0.0647966399475153,0.1));
#9451=CARTESIAN_POINT('',(0.09,0.0647966399475152,0.1));
#9452=CARTESIAN_POINT('',(0.0471722945984137,-0.140192329536691,0.1));
#9453=CARTESIAN_POINT('',(0.0471722945984137,-0.140192329536691,0.09));
#9454=CARTESIAN_POINT('',(-0.0471722945984137,-0.140192329536691,0.09));
#9455=CARTESIAN_POINT('',(-0.0471722945984137,-0.140192329536691,0.1));
#9456=CARTESIAN_POINT('',(0.0471722945984137,-0.140192329536691,0.1));
#9457=CARTESIAN_POINT('',(0.0471722945984137,-0.140192329536691,0.09));
#9458=CARTESIAN_POINT('',(0.0471722945984137,-0.140192329536691,0.09));
#9459=CARTESIAN_POINT('',(0.0471722945984137,-0.140192329536691,0.01));
#9460=CARTESIAN_POINT('',(0.0471722945984137,-0.140192329536691,0.01));
#9461=CARTESIAN_POINT('',(0.0471722945984137,-0.140192329536691,0.1));
#9462=CARTESIAN_POINT('',(-0.0471722945984137,-0.140192329536691,0.1));
#9463=CARTESIAN_POINT('',(-0.0471722945984137,-0.140192329536691,0.01));
#9464=CARTESIAN_POINT('',(0.0471722945984137,-0.140192329536691,0.01));
#9465=CARTESIAN_POINT('',(-0.0580139968802982,-0.123255204858192,0.1));
#9466=CARTESIAN_POINT('',(-0.0580139968802982,-0.123255204858192,0.1));
#9467=CARTESIAN_POINT('',(-0.0152074507311068,-0.018344339134207,0.1));
#9468=CARTESIAN_POINT('',(-0.0152074507311068,-0.018344339134207,0.01));
#9469=CARTESIAN_POINT('',(-0.00662026519414775,0.00270125201615204,0.01));
#9470=CARTESIAN_POINT('',(-2.72157012301249E-29,-0.0245494012794891,0.1));
#9471=CARTESIAN_POINT('',(-2.72157012301249E-29,-0.0245494012794891,0.01));
#9472=CARTESIAN_POINT('',(0.0155610934754572,-0.0192937639428821,0.01));
#9473=CARTESIAN_POINT('',(0.0155610934754572,-0.0192937639428821,0.1));
#9474=CARTESIAN_POINT('',(0.0155610934754572,-0.0192937639428821,0.1));
#9475=CARTESIAN_POINT('',(0.0607664254340741,-0.123255204858192,0.1));
#9476=CARTESIAN_POINT('',(0.00603126423300204,0.00262256178235443,0.01));
#9477=CARTESIAN_POINT('',(-0.0580139968802982,-0.123255204858192,0.1));
#9478=CARTESIAN_POINT('',(-0.00662026519414775,0.00270125201615204,0.09));
#9479=CARTESIAN_POINT('',(-0.0152074507311068,-0.018344339134207,0.09));
#9480=CARTESIAN_POINT('',(-0.0152074507311068,-0.018344339134207,0.1));
#9481=CARTESIAN_POINT('',(-0.0580139968802982,-0.123255204858192,0.1));
#9482=CARTESIAN_POINT('',(-2.72157012301249E-29,-0.0245494012794891,0.1));
#9483=CARTESIAN_POINT('',(0.0155610934754572,-0.0192937639428821,0.1));
#9484=CARTESIAN_POINT('',(0.0155610934754572,-0.0192937639428821,0.09));
#9485=CARTESIAN_POINT('',(-2.72157012301249E-29,-0.0245494012794891,0.09));
#9486=CARTESIAN_POINT('',(0.0155610934754572,-0.0192937639428821,0.1));
#9487=CARTESIAN_POINT('',(0.00603126423300204,0.00262256178235443,0.09));
#9488=CARTESIAN_POINT('',(0.0607664254340741,-0.123255204858192,0.1));
#9489=CARTESIAN_POINT('',(0.0495142275570614,-0.128147974098557,0.1));
#9490=CARTESIAN_POINT('',(0.0495142275570614,-0.128147974098557,0.01));
#9491=CARTESIAN_POINT('',(-0.0847579365772047,-0.0647966399475153,0.1));
#9492=CARTESIAN_POINT('',(-0.09,-0.0647966399475153,0.1));
#9493=CARTESIAN_POINT('',(-0.0809573922587205,-0.0684070543021075,0.1));
#9494=CARTESIAN_POINT('',(-0.0809573922587205,-0.0684070543021075,0.1));
#9495=CARTESIAN_POINT('',(-0.006766637359907,0.00668538581359824,0.01));
#9496=CARTESIAN_POINT('',(-0.0188974858712155,-0.00559289625308949,0.01));
#9497=CARTESIAN_POINT('',(-0.0188974858712155,-0.00559289625308949,0.1));
#9498=CARTESIAN_POINT('',(-0.0271194339033221,0.00253032534286477,0.1));
#9499=CARTESIAN_POINT('',(-0.0271194339033221,0.00253032534286477,0.01));
#9500=CARTESIAN_POINT('',(-0.0165635895756939,0.00723790530187967,0.01));
#9501=CARTESIAN_POINT('',(-0.0165635895756939,0.00723790530187967,0.1));
#9502=CARTESIAN_POINT('',(-0.0165635895756939,0.00723790530187967,0.1));
#9503=CARTESIAN_POINT('',(-0.00556011738044367,-0.00499948196839699,0.01));
#9504=CARTESIAN_POINT('',(-0.0756036099951276,0.0728985968997128,0.01));
#9505=CARTESIAN_POINT('',(-0.0756036099951276,0.0728985968997128,0.1));
#9506=CARTESIAN_POINT('',(-0.0805220075471944,0.0647966399475153,0.1));
#9507=CARTESIAN_POINT('',(-0.0805220075471944,0.0647966399475153,0.01));
#9508=CARTESIAN_POINT('',(-0.09,0.0647966399475153,0.01));
#9509=CARTESIAN_POINT('',(-0.09,0.0647966399475153,0.1));
#9510=CARTESIAN_POINT('',(0.0805220075471944,0.0647966399475153,0.1));
#9511=CARTESIAN_POINT('',(0.0805220075471944,0.0647966399475153,0.01));
#9512=CARTESIAN_POINT('',(0.09,0.0647966399475152,0.01));
#9513=CARTESIAN_POINT('',(0.0756036099951275,0.0728985968997128,0.01));
#9514=CARTESIAN_POINT('',(0.0756036099951275,0.0728985968997128,0.1));
#9515=CARTESIAN_POINT('',(0.09,0.0647966399475152,0.1));
#9516=CARTESIAN_POINT('',(0.0165635895756938,0.00723790530187967,0.1));
#9517=CARTESIAN_POINT('',(0.00556011738044366,-0.00499948196839698,0.01));
#9518=CARTESIAN_POINT('',(0.0165635895756938,0.00723790530187967,0.01));
#9519=CARTESIAN_POINT('',(0.0165635895756938,0.00723790530187967,0.1));
#9520=CARTESIAN_POINT('',(0.0809573922587205,-0.0684070543021075,0.1));
#9521=CARTESIAN_POINT('',(0.0809573922587205,-0.0684070543021075,0.1));
#9522=CARTESIAN_POINT('',(0.0188974858712154,-0.0055928962530895,0.1));
#9523=CARTESIAN_POINT('',(0.0188974858712154,-0.0055928962530895,0.01));
#9524=CARTESIAN_POINT('',(0.00676663735990698,0.00668538581359822,0.01));
#9525=CARTESIAN_POINT('',(0.0847579365772047,-0.0647966399475153,0.1));
#9526=CARTESIAN_POINT('',(0.09,-0.0647966399475153,0.1));
#9527=CARTESIAN_POINT('',(0.0155610934754572,0.019293763942882,0.1));
#9528=CARTESIAN_POINT('',(0.00603126423300206,-0.00262256178235445,0.01));
#9529=CARTESIAN_POINT('',(0.0155610934754572,0.019293763942882,0.01));
#9530=CARTESIAN_POINT('',(0.0606830717274717,0.123063511288682,0.01));
#9531=CARTESIAN_POINT('',(0.0606830717274717,0.123063511288682,0.1));
#9532=CARTESIAN_POINT('',(0.0155610934754572,0.019293763942882,0.1));
#9533=CARTESIAN_POINT('',(-2.72157012301249E-29,0.0245494012794891,0.1));
#9534=CARTESIAN_POINT('',(-2.72157012301249E-29,0.0245494012794891,0.01));
#9535=CARTESIAN_POINT('',(-0.0152074507311068,0.0183443391342069,0.01));
#9536=CARTESIAN_POINT('',(-0.0152074507311068,0.0183443391342069,0.1));
#9537=CARTESIAN_POINT('',(-0.0580139968802982,0.123255204858192,0.1));
#9538=CARTESIAN_POINT('',(-0.00662026519414777,-0.00270125201615205,0.01));
#9539=CARTESIAN_POINT('',(-0.0580139968802982,0.123255204858192,0.01));
#9540=CARTESIAN_POINT('',(-0.0580139968802982,0.123255204858192,0.1));
#9541=CARTESIAN_POINT('',(0.0155610934754572,0.019293763942882,0.1));
#9542=CARTESIAN_POINT('',(0.0606830717274717,0.123063511288682,0.1));
#9543=CARTESIAN_POINT('',(0.00603126423300206,-0.00262256178235445,0.09));
#9544=CARTESIAN_POINT('',(0.0155610934754572,0.019293763942882,0.09));
#9545=CARTESIAN_POINT('',(0.0155610934754572,0.019293763942882,0.1));
#9546=CARTESIAN_POINT('',(-2.72157012301249E-29,0.0245494012794891,0.1));
#9547=CARTESIAN_POINT('',(-0.0152074507311068,0.0183443391342069,0.1));
#9548=CARTESIAN_POINT('',(-0.0152074507311068,0.0183443391342069,0.09));
#9549=CARTESIAN_POINT('',(-2.72157012301249E-29,0.0245494012794891,0.09));
#9550=CARTESIAN_POINT('',(-0.0580139968802982,0.123255204858192,0.1));
#9551=CARTESIAN_POINT('',(-0.0580139968802982,0.123255204858192,0.1));
#9552=CARTESIAN_POINT('',(-0.00662026519414777,-0.00270125201615205,0.09));
#9553=CARTESIAN_POINT('',(0.0494308738504589,0.127956280529047,0.1));
#9554=CARTESIAN_POINT('',(0.0494308738504589,0.127956280529047,0.01));
#9555=CARTESIAN_POINT('',(0.0470856725354567,0.14,0.01));
#9556=CARTESIAN_POINT('',(0.0470856725354567,0.14,0.1));
#9557=CARTESIAN_POINT('',(0.,0.,0.01));
#9558=CARTESIAN_POINT('',(-0.09,0.15,0.01));
#9559=CARTESIAN_POINT('',(0.027119433903322,0.00253032534286477,0.01));
#9560=CARTESIAN_POINT('',(0.09,0.15,0.01));
#9561=CARTESIAN_POINT('',(0.09,0.15,0.01));
#9562=CARTESIAN_POINT('',(0.09,0.14,0.01));
#9563=CARTESIAN_POINT('',(-0.1,0.14,0.01));
#9564=CARTESIAN_POINT('',(-0.1,0.14,0.01));
#9565=CARTESIAN_POINT('',(-0.0470856725354567,0.128061471223111,0.01));
#9566=CARTESIAN_POINT('',(-0.0470856725354567,0.14,0.01));
#9567=CARTESIAN_POINT('',(-0.1,0.14,0.01));
#9568=CARTESIAN_POINT('',(-0.1,0.14,0.01));
#9569=CARTESIAN_POINT('',(-0.09,0.14,0.01));
#9570=CARTESIAN_POINT('',(-0.09,0.15,0.01));
#9571=CARTESIAN_POINT('',(0.,0.,0.09));
#9572=CARTESIAN_POINT('',(0.09,0.15,0.09));
#9573=CARTESIAN_POINT('',(0.09,-0.14,0.09));
#9574=CARTESIAN_POINT('',(-0.1,-0.14,0.09));
#9575=CARTESIAN_POINT('',(0.0495142275570614,-0.128147974098557,0.09));
#9576=CARTESIAN_POINT('',(-0.1,-0.14,0.1));
#9577=CARTESIAN_POINT('',(-0.1,-0.14,0.01));
#9578=CARTESIAN_POINT('',(-0.09,-0.14,0.01));
#9579=CARTESIAN_POINT('',(-0.09,-0.14,0.1));
#9580=CARTESIAN_POINT('',(-0.09,-0.14,0.1));
#9581=CARTESIAN_POINT('',(-0.09,-0.14,0.09));
#9582=CARTESIAN_POINT('',(-0.1,-0.14,0.09));
#9583=CARTESIAN_POINT('',(-0.09,0.15,0.1));
#9584=CARTESIAN_POINT('',(-0.09,0.15,0.09));
#9585=CARTESIAN_POINT('',(-0.1,0.14,0.1));
#9586=CARTESIAN_POINT('',(-0.1,0.14,0.09));
#9587=CARTESIAN_POINT('',(-0.09,0.14,0.09));
#9588=CARTESIAN_POINT('',(-0.09,0.14,0.1));
#9589=CARTESIAN_POINT('',(-0.09,0.14,0.1));
#9590=CARTESIAN_POINT('',(0.09,0.15,0.1));
#9591=CARTESIAN_POINT('',(0.09,-0.14,0.1));
#9592=CARTESIAN_POINT('',(-0.1,-0.14,0.1));
#9593=CARTESIAN_POINT('',(0.09,-0.14,0.1));
#9594=CARTESIAN_POINT('',(0.09,-0.14,0.01));
#9595=CARTESIAN_POINT('',(-0.1,-0.14,0.01));
#9596=CARTESIAN_POINT('',(-0.1,0.14,0.1));
#9597=CARTESIAN_POINT('',(0.09,0.14,0.1));
#9598=CARTESIAN_POINT('',(0.09,0.14,0.1));
#9599=CARTESIAN_POINT('',(0.09,0.14,0.09));
#9600=CARTESIAN_POINT('',(-0.1,0.14,0.09));
#9601=CARTESIAN_POINT('',(0.,0.,0.01));
#9602=CARTESIAN_POINT('',(-0.0471722945984137,-0.128253800759802,0.01));
#9603=CARTESIAN_POINT('',(-0.09,0.15,0.01));
#9604=CARTESIAN_POINT('',(0.,0.,0.01));
#9605=CARTESIAN_POINT('',(0.09,0.15,0.01));
#9606=CARTESIAN_POINT('',(0.,0.,0.09));
#9607=CARTESIAN_POINT('',(-0.0471722945984137,-0.128253800759802,0.09));
#9608=CARTESIAN_POINT('',(0.,0.,0.09));
#9609=CARTESIAN_POINT('',(0.027119433903322,0.00253032534286477,0.09));
#9610=CARTESIAN_POINT('',(0.,0.,0.09));
#9611=CARTESIAN_POINT('',(0.0494308738504589,0.127956280529047,0.09));
#9612=CARTESIAN_POINT('',(0.0470856725354567,0.14,0.09));
#9613=CARTESIAN_POINT('',(-0.1,0.14,0.09));
#9614=CARTESIAN_POINT('',(0.09,0.15,0.09));
#9615=CARTESIAN_POINT('',(0.,0.,0.09));
#9616=CARTESIAN_POINT('',(-0.1,0.14,0.09));
#9617=CARTESIAN_POINT('',(-0.0470856725354567,0.14,0.09));
#9618=CARTESIAN_POINT('',(-0.0470856725354567,0.128061471223111,0.09));
#9619=CARTESIAN_POINT('',(-0.09,0.15,0.09));
#9620=CARTESIAN_POINT('',(-0.09,0.15,0.1));
#9621=CARTESIAN_POINT('',(-0.09,0.15,0.1));
#9622=CARTESIAN_POINT('',(-0.09,0.15,0.1));
#9623=CARTESIAN_POINT('',(-0.09,0.15,0.1));
#9624=CARTESIAN_POINT('',(0.09,0.15,0.1));
#9625=CARTESIAN_POINT('',(0.09,0.15,0.1));
#9626=CARTESIAN_POINT('',(0.09,0.15,0.1));
#9627=CARTESIAN_POINT('',(0.09,0.15,0.1));
#9628=CARTESIAN_POINT('',(0.0495142275570614,-0.128147974098557,0.1));
#9629=CARTESIAN_POINT('',(0.0494308738504589,0.127956280529047,0.1));
#9630=CARTESIAN_POINT('',(0.0470856725354567,0.14,0.1));
#9631=CARTESIAN_POINT('',(-0.1,0.14,0.1));
#9632=CARTESIAN_POINT('',(-0.0470856725354567,0.14,0.1));
#9633=CARTESIAN_POINT('',(-0.0470856725354567,0.14,0.1));
#9634=CARTESIAN_POINT('',(-0.0471722945984137,-0.128253800759802,0.1));
#9635=CARTESIAN_POINT('',(-0.0470856725354567,0.128061471223111,0.1));
#9636=CARTESIAN_POINT('',(-0.0470856725354567,0.128061471223111,0.1));
#9637=CARTESIAN_POINT('',(0.027119433903322,0.00253032534286477,0.1));
#9638=CARTESIAN_POINT('',(-0.0471722945984137,-0.128253800759802,0.1));
#9639=CARTESIAN_POINT('',(0.027119433903322,0.00253032534286477,0.1));
#9640=CARTESIAN_POINT('',(0.015765305608511,0.0373820289969445,-0.00757885819554328));
#9641=CARTESIAN_POINT('',(-0.0882346943914891,0.180268067966265,0.0853071807737778));
#9642=CARTESIAN_POINT('',(0.108651344577832,0.191382028996945,-0.00046489716486435));
#9643=CARTESIAN_POINT('',(0.108651344577832,-0.105504009972377,-0.0115788581955433));
#9644=CARTESIAN_POINT('',(-0.0882346943914891,0.180268067966265,-0.000464897164864322));
#9645=CARTESIAN_POINT('',(-0.07732461221646,0.180471946821916,0.0964211418044567));
#9646=CARTESIAN_POINT('',(-0.0771207333608101,-0.116617971003056,0.0853071807737778));
#9647=CARTESIAN_POINT('',(-0.088234694391489,-0.105504009972377,0.0853071807737778));
#9648=CARTESIAN_POINT('',(0.108855223433482,0.180471946821916,0.0964211418044567));
#9649=CARTESIAN_POINT('',(0.119765305608511,0.180268067966265,0.0853071807737778));
#9650=CARTESIAN_POINT('',(0.,0.,0.));
#9651=CARTESIAN_POINT('',(-0.0771207333608101,0.191382028996945,0.0853071807737778));
#9652=MECHANICAL_DESIGN_GEOMETRIC_PRESENTATION_REPRESENTATION('',(#5603,
#5604,#5605,#5606,#5607),#9653);
#9653=(
GEOMETRIC_REPRESENTATION_CONTEXT(3)
GLOBAL_UNCERTAINTY_ASSIGNED_CONTEXT((#9659))
GLOBAL_UNIT_ASSIGNED_CONTEXT((#9667,#9666,#9665))
REPRESENTATION_CONTEXT('Assembly 1','TOP_LEVEL_ASSEMBLY_PART')
);
#9654=(
GEOMETRIC_REPRESENTATION_CONTEXT(3)
GLOBAL_UNCERTAINTY_ASSIGNED_CONTEXT((#9660))
GLOBAL_UNIT_ASSIGNED_CONTEXT((#9667,#9666,#9665))
REPRESENTATION_CONTEXT('Hex flange bolt small M6x1.00 x 12',
'COMPONENT_PART')
);
#9655=(
GEOMETRIC_REPRESENTATION_CONTEXT(3)
GLOBAL_UNCERTAINTY_ASSIGNED_CONTEXT((#9661))
GLOBAL_UNIT_ASSIGNED_CONTEXT((#9667,#9666,#9665))
REPRESENTATION_CONTEXT('Countersunk Bolt #10-24 x 0.25',
'COMPONENT_PART')
);
#9656=(
GEOMETRIC_REPRESENTATION_CONTEXT(3)
GLOBAL_UNCERTAINTY_ASSIGNED_CONTEXT((#9662))
GLOBAL_UNIT_ASSIGNED_CONTEXT((#9667,#9666,#9665))
REPRESENTATION_CONTEXT('Countersunk Bolt #10-24 x 0.5','COMPONENT_PART')
);
#9657=(
GEOMETRIC_REPRESENTATION_CONTEXT(3)
GLOBAL_UNCERTAINTY_ASSIGNED_CONTEXT((#9663))
GLOBAL_UNIT_ASSIGNED_CONTEXT((#9667,#9666,#9665))
REPRESENTATION_CONTEXT('PH Countersunk flat head screw M6x1 x 12',
'COMPONENT_PART')
);
#9658=(
GEOMETRIC_REPRESENTATION_CONTEXT(3)
GLOBAL_UNCERTAINTY_ASSIGNED_CONTEXT((#9664))
GLOBAL_UNIT_ASSIGNED_CONTEXT((#9667,#9666,#9665))
REPRESENTATION_CONTEXT('envfinal','COMPONENT_PART')
);
#9659=UNCERTAINTY_MEASURE_WITH_UNIT(LENGTH_MEASURE(1.E-8),#9667,
'DISTANCE_ACCURACY_VALUE','Maximum Tolerance applied to model');
#9660=UNCERTAINTY_MEASURE_WITH_UNIT(LENGTH_MEASURE(2.E-5),#9667,
'DISTANCE_ACCURACY_VALUE','Maximum Tolerance applied to model');
#9661=UNCERTAINTY_MEASURE_WITH_UNIT(LENGTH_MEASURE(2.E-5),#9667,
'DISTANCE_ACCURACY_VALUE','Maximum Tolerance applied to model');
#9662=UNCERTAINTY_MEASURE_WITH_UNIT(LENGTH_MEASURE(2.E-5),#9667,
'DISTANCE_ACCURACY_VALUE','Maximum Tolerance applied to model');
#9663=UNCERTAINTY_MEASURE_WITH_UNIT(LENGTH_MEASURE(2.E-5),#9667,
'DISTANCE_ACCURACY_VALUE','Maximum Tolerance applied to model');
#9664=UNCERTAINTY_MEASURE_WITH_UNIT(LENGTH_MEASURE(2.E-5),#9667,
'DISTANCE_ACCURACY_VALUE','Maximum Tolerance applied to model');
#9665=(
NAMED_UNIT(*)
SI_UNIT($,.STERADIAN.)
SOLID_ANGLE_UNIT()
);
#9666=(
NAMED_UNIT(*)
PLANE_ANGLE_UNIT()
SI_UNIT($,.RADIAN.)
);
#9667=(
LENGTH_UNIT()
NAMED_UNIT(*)
SI_UNIT($,.METRE.)
);
#9668=PRODUCT_DEFINITION_SHAPE('','',#9703);
#9669=PRODUCT_DEFINITION_SHAPE('','',#9704);
#9670=PRODUCT_DEFINITION_SHAPE(' ','NAUO PRDDFN',#76);
#9671=PRODUCT_DEFINITION_SHAPE(' ','NAUO PRDDFN',#77);
#9672=PRODUCT_DEFINITION_SHAPE(' ','NAUO PRDDFN',#78);
#9673=PRODUCT_DEFINITION_SHAPE(' ','NAUO PRDDFN',#79);
#9674=PRODUCT_DEFINITION_SHAPE(' ','NAUO PRDDFN',#80);
#9675=PRODUCT_DEFINITION_SHAPE('','',#9705);
#9676=PRODUCT_DEFINITION_SHAPE(' ','NAUO PRDDFN',#81);
#9677=PRODUCT_DEFINITION_SHAPE(' ','NAUO PRDDFN',#82);
#9678=PRODUCT_DEFINITION_SHAPE(' ','NAUO PRDDFN',#83);
#9679=PRODUCT_DEFINITION_SHAPE(' ','NAUO PRDDFN',#84);
#9680=PRODUCT_DEFINITION_SHAPE('','',#9706);
#9681=PRODUCT_DEFINITION_SHAPE(' ','NAUO PRDDFN',#85);
#9682=PRODUCT_DEFINITION_SHAPE(' ','NAUO PRDDFN',#86);
#9683=PRODUCT_DEFINITION_SHAPE(' ','NAUO PRDDFN',#87);
#9684=PRODUCT_DEFINITION_SHAPE(' ','NAUO PRDDFN',#88);
#9685=PRODUCT_DEFINITION_SHAPE(' ','NAUO PRDDFN',#89);
#9686=PRODUCT_DEFINITION_SHAPE(' ','NAUO PRDDFN',#90);
#9687=PRODUCT_DEFINITION_SHAPE(' ','NAUO PRDDFN',#91);
#9688=PRODUCT_DEFINITION_SHAPE('','',#9707);
#9689=PRODUCT_DEFINITION_SHAPE(' ','NAUO PRDDFN',#92);
#9690=PRODUCT_DEFINITION_SHAPE('','',#9708);
#9691=PRODUCT_DEFINITION_SHAPE(' ','NAUO PRDDFN',#93);
#9692=PRODUCT_DEFINITION_SHAPE(' ','NAUO PRDDFN',#94);
#9693=PRODUCT_DEFINITION_SHAPE(' ','NAUO PRDDFN',#95);
#9694=PRODUCT_DEFINITION_SHAPE(' ','NAUO PRDDFN',#96);
#9695=PRODUCT_DEFINITION_SHAPE(' ','NAUO PRDDFN',#97);
#9696=PRODUCT_DEFINITION_SHAPE(' ','NAUO PRDDFN',#98);
#9697=PRODUCT_DEFINITION_SHAPE(' ','NAUO PRDDFN',#99);
#9698=PRODUCT_DEFINITION_SHAPE(' ','NAUO PRDDFN',#100);
#9699=PRODUCT_DEFINITION_SHAPE(' ','NAUO PRDDFN',#101);
#9700=PRODUCT_DEFINITION_SHAPE(' ','NAUO PRDDFN',#102);
#9701=PRODUCT_DEFINITION_SHAPE(' ','NAUO PRDDFN',#103);
#9702=PRODUCT_DEFINITION_SHAPE(' ','NAUO PRDDFN',#104);
#9703=PRODUCT_DEFINITION('','',#9715,#9709);
#9704=PRODUCT_DEFINITION('','',#9716,#9710);
#9705=PRODUCT_DEFINITION('','',#9717,#9711);
#9706=PRODUCT_DEFINITION('','',#9718,#9712);
#9707=PRODUCT_DEFINITION('','',#9719,#9713);
#9708=PRODUCT_DEFINITION('','',#9720,#9714);
#9709=PRODUCT_DEFINITION_CONTEXT('',#9746,'design');
#9710=PRODUCT_DEFINITION_CONTEXT('',#9746,'design');
#9711=PRODUCT_DEFINITION_CONTEXT('',#9746,'design');
#9712=PRODUCT_DEFINITION_CONTEXT('',#9746,'design');
#9713=PRODUCT_DEFINITION_CONTEXT('',#9746,'design');
#9714=PRODUCT_DEFINITION_CONTEXT('',#9746,'design');
#9715=PRODUCT_DEFINITION_FORMATION_WITH_SPECIFIED_SOURCE('','',#9727,
 .NOT_KNOWN.);
#9716=PRODUCT_DEFINITION_FORMATION_WITH_SPECIFIED_SOURCE('','',#9728,
 .NOT_KNOWN.);
#9717=PRODUCT_DEFINITION_FORMATION_WITH_SPECIFIED_SOURCE('','',#9729,
 .NOT_KNOWN.);
#9718=PRODUCT_DEFINITION_FORMATION_WITH_SPECIFIED_SOURCE('','',#9730,
 .NOT_KNOWN.);
#9719=PRODUCT_DEFINITION_FORMATION_WITH_SPECIFIED_SOURCE('','',#9731,
 .NOT_KNOWN.);
#9720=PRODUCT_DEFINITION_FORMATION_WITH_SPECIFIED_SOURCE('','',#9732,
 .NOT_KNOWN.);
#9721=PRODUCT_RELATED_PRODUCT_CATEGORY('','',(#9727));
#9722=PRODUCT_RELATED_PRODUCT_CATEGORY('','',(#9728));
#9723=PRODUCT_RELATED_PRODUCT_CATEGORY('','',(#9729));
#9724=PRODUCT_RELATED_PRODUCT_CATEGORY('','',(#9730));
#9725=PRODUCT_RELATED_PRODUCT_CATEGORY('','',(#9731));
#9726=PRODUCT_RELATED_PRODUCT_CATEGORY('','',(#9732));
#9727=PRODUCT('Assembly 1','Assembly 1','Assembly 1',(#9739));
#9728=PRODUCT('Hex flange bolt small M6x1.00 x 12',
'Hex flange bolt small M6x1.00 x 12',
'Hex flange bolt small M6x1.00 x 12',(#9740));
#9729=PRODUCT('Countersunk Bolt #10-24 x 0.25',
'Countersunk Bolt #10-24 x 0.25','Countersunk Bolt #10-24 x 0.25',(#9741));
#9730=PRODUCT('Countersunk Bolt #10-24 x 0.5',
'Countersunk Bolt #10-24 x 0.5','Countersunk Bolt #10-24 x 0.5',(#9742));
#9731=PRODUCT('PH Countersunk flat head screw M6x1 x 12',
'PH Countersunk flat head screw M6x1 x 12',
'PH Countersunk flat head screw M6x1 x 12',(#9743));
#9732=PRODUCT('envfinal','envfinal','envfinal',(#9744));
#9733=PRODUCT_CATEGORY('','');
#9734=PRODUCT_CATEGORY('','');
#9735=PRODUCT_CATEGORY('','');
#9736=PRODUCT_CATEGORY('','');
#9737=PRODUCT_CATEGORY('','');
#9738=PRODUCT_CATEGORY('','');
#9739=PRODUCT_CONTEXT('',#9746,'mechanical');
#9740=PRODUCT_CONTEXT('',#9746,'mechanical');
#9741=PRODUCT_CONTEXT('',#9746,'mechanical');
#9742=PRODUCT_CONTEXT('',#9746,'mechanical');
#9743=PRODUCT_CONTEXT('',#9746,'mechanical');
#9744=PRODUCT_CONTEXT('',#9746,'mechanical');
#9745=APPLICATION_PROTOCOL_DEFINITION('international standard',
'ap242_managed_model_based_3d_engineering',2011,#9746);
#9746=APPLICATION_CONTEXT('managed model based 3d engineering');
ENDSEC;
END-ISO-10303-21;
